version,doi,A_WAVE,A_YEAR,A_STUDY,B_COUNTRY,B_COUNTRY_ALPHA,C_COW_NUM,C_COW_ALPHA,D_INTERVIEW,S007,J_INTDATE,FW_START,FW_END,K_TIME_START,K_TIME_END,K_DURATION,Q_MODE,N_REGION_ISO,N_REGION_WVS,N_REGION_NUTS2,N_REG_NUTS1,N_TOWN,G_TOWNSIZE,G_TOWNSIZE2,H_SETTLEMENT,H_URBRURAL,I_PSU,O1_LONGITUDE,O2_LATITUDE,L_INTERVIEWER_NUMBER,S_INTLANGUAGE,LNGE_ISO,E_RESPINT,F_INTPRIVACY,E1_LITERACY,W_WEIGHT,S018,PWGHT,S025,Q1,Q2,Q3,Q4,Q5,Q6,Q7,Q8,Q9,Q10,Q11,Q12,Q13,Q14,Q15,Q16,Q17,Q18,Q19,Q20,Q21,Q22,Q23,Q24,Q25,Q26,Q27,Q28,Q29,Q30,Q31,Q32,Q33,Q33_3,Q34,Q34_3,Q35,Q35_3,Q36,Q37,Q38,Q39,Q40,Q41,Q42,Q43,Q44,Q45,Q46,Q47,Q48,Q49,Q50,Q51,Q52,Q53,Q54,Q55,Q56,Q57,Q58,Q59,Q60,Q61,Q62,Q63,Q64,Q65,Q66,Q67,Q68,Q69,Q70,Q71,Q72,Q73,Q74,Q75,Q76,Q77,Q78,Q79,Q80,Q81,Q82,Q82_AFRICANUNION,Q82_APEC,Q82_ARABLEAGUE,Q82_ASEAN,Q82_CIS,Q82_CUSMA,Q82_ECO,Q82_EU,Q82_GULFCOOP,Q82_ISLCOOP,Q82_MERCOSUR,Q82_NAFTA,Q82_OAS,Q82_SAARC,Q82_SCO,Q82_TLC,Q82_UNDP,Q83,Q84,Q85,Q86,Q87,Q88,Q89,Q90,Q91,Q92,Q93,Q94,Q94R,Q95,Q95R,Q96,Q96R,Q97,Q97R,Q98,Q98R,Q99,Q99R,Q100,Q100R,Q101,Q101R,Q102,Q102R,Q103,Q103R,Q104,Q104R,Q105,Q105R,Q106,Q107,Q108,Q109,Q110,Q111,Q112,Q113,Q114,Q115,Q116,Q117,Q118,Q119,Q120,Q121,Q122,Q123,Q124,Q125,Q126,Q127,Q128,Q129,Q130,Q131,Q132,Q133,Q134,Q135,Q136,Q137,Q138,Q139,Q140,Q141,Q142,Q143,Q144,Q145,Q146,Q147,Q148,Q149,Q150,Q151,Q152,Q153,Q154,Q155,Q156,Q157,Q158,Q159,Q160,Q161,Q162,Q163,Q164,Q165,Q166,Q167,Q168,Q169,Q170,Q171,Q172,Q172R,Q173,Q174,Q175,Q176,Q177,Q178,Q179,Q180,Q181,Q182,Q183,Q184,Q185,Q186,Q187,Q188,Q189,Q190,Q191,Q192,Q193,Q194,Q195,Q196,Q197,Q198,Q199,Q200,Q201,Q202,Q203,Q204,Q205,Q206,Q207,Q208,Q209,Q210,Q211,Q212,Q213,Q214,Q215,Q216,Q217,Q218,Q219,Q220,Q221,Q222,Q223,Q223_ABREV,Q223_LOCAL,Q224,Q225,Q226,Q227,Q228,Q229,Q230,Q231,Q232,Q233,Q234,Q234A,Q235,Q236,Q237,Q238,Q239,Q240,Q241,Q242,Q243,Q244,Q245,Q246,Q247,Q248,Q249,Q250,Q251,Q252,Q253,Q254,Q255,Q256,Q257,Q258,Q259,Q260,Q261,Q262,X003R,X003R2,Q263,Q264,V002,Q265,V001,Q266,X002_02B,Q267,V002A_01,Q268,V001A_01,Q269,Q270,Q271,Q272,Q273,Q274,Q275,Q275A,Q275R,Q276,Q276A,Q276R,Q277,Q277A,Q277R,Q278,Q278A,Q278R,Q279,Q280,Q281,Q282,Q283,Q284,Q285,Q286,Q287,Q288,Q288R,Q289,Q289CS9,Q290,Q291G1,Q291G2,Q291G3,Q291G4,Q291G5,Q291G6,Q291P1,Q291P2,Q291P3,Q291P4,Q291P5,Q291P6,Q291UN1,Q291UN2,Q291UN3,Q291UN4,Q291UN5,Q291UN6,Q292A,Q292B,Q292C,Q292D,Q292E,Q292F,Q292G,Q292H,Q292I,Q292J,Q292K,Q292L,Q292M,Q292N,Q292O,Q293,Q294A,Q294B,Y001,Y002,Y003,SACSECVAL,RESEMAVAL,I_AUTHORITY,I_NATIONALISM,I_DEVOUT,DEFIANCE,I_RELIGIMP,I_RELIGBEL,I_RELIGPRAC,DISBELIEF,I_NORM1,I_NORM2,I_NORM3,RELATIVISM,I_TRUSTARMY,I_TRUSTPOLICE,I_TRUSTCOURTS,SCEPTICISM,I_INDEP,I_IMAGIN,I_NONOBED,AUTONOMY,I_WOMJOB,I_WOMPOL,I_WOMEDU,EQUALITY,I_HOMOLIB,I_ABORTLIB,I_DIVORLIB,CHOICE,I_VOICE1,I_VOICE2,I_VOI2_00,VOICE,SECVALWGT,RESEMAVALWGT,fhregion,polregfh,freestfh,prfhrat,prfhscore,clfhrat,clfhscore,democ,autoc,polity,durable,regtype,ruleoflaw,corrupttransp,electintegr,btiregion,btistatus,btidemstatus,btistate,btipolpart,btiruleoflaw,btistability,btiintegration,btimarket,btigovindex,btigoveperform,btiregime,regionWB,incomeWB,landWB,GDPpercap1,GDPpercap2,giniWB,incrichest10p,popWB1990,popWB2000,popWB2019,lifeexpect,popgrowth,urbanpop,laborforce,deathrate,unemployfem,unemploymale,unemploytotal,accessclfuel,accesselectr,renewelectr,co2emis,co2percap,easeofbusiness,militaryexp,Trade,healthexp,educationexp,medageun,meanschooling,educationHDI,compulseduc,GII,DGI,womenparl,hdi,incomeindexHDI,humanineqiality,lifeexpectHDI,homiciderate,Refugeesorigin,internetusers,mobphone,migrationrate,schoolgpi,femchoutsch,choutsch,v2x_polyarchy,v2x_libdem,v2x_partipdem,v2x_delibdem,v2x_egaldem,v2x_freexp_altinf,v2x_frassoc_thick,v2xel_frefair,v2xcl_rol,v2x_cspart,v2xeg_eqdr,v2excrptps,v2exthftps,v2juaccnt,v2cltrnslw,v2clacjust,v2clsocgrp,v2clacfree,v2clrelig,v2csrlgrep,v2mecenefm,v2mecenefi,v2mebias,v2pepwrses,v2pepwrgen,v2peedueq,v2pehealth,v2peapsecon,v2peasjsoecon,v2clgencl,v2peasjgen,v2peasbgen,v2cafres,v2cafexch,v2x_corr,v2x_gender,v2x_gencl,v2x_genpp,v2x_rule,v2xcl_acjst,td_voiacc,td_polstab,td_goveff,td_regqual,td_rulelaw,td_ctrlcorr,ID_GPS,ID_PartyFacts,Partyname,Partyabb,CPARTY,CPARTYABB,Type_Values,Type_Populism,Type_Populist_Values,Type_Partysize_vote,Type_Partysize_seat,GPS_V4_Scale,GPS_V6_Scale,GPS_V8_Scale,GPS_V9,GPS_V10,GPS_V11,GPS_V12,GPS_V13,GPS_V14,GPS_V15,GPS_V16,GPS_V17,WVS_LR_PartyVoter,WVS_LibCon_PartyVoter,WVS_Polmistrust_PartyVoter,WVS_LR_MedianVoter,WVS_LibCon_MedianVoter,v2psbars,v2psorgs,v2psprbrch,v2psprlnks,v2psplats,v2xnp_client,v2xps_party
6-0-0 (2024-04-30),doi.org/10.14281/18241.24,7,2022,2,528,NLD,210,NTH,528070311,528720311,20220110,202201,202201,-3.0,-3.0,-3,3,528004,528007,5280202,52802,-4.0,7,4,2,1,-4,-4.0,-4.0,-3,1190,nl,-4,-4,-4,1.0,0.4662005,0.689439067599068,5282022,1,1,1,2,4,4,1,1,2,1,2,1,1,2,2,2,2,1,2,2,2,2,2,1,2,2,2,3,3,3,3,3,4,2,4,2,4,2,2,3,3,3,3,3,2,1,1,1,1,2,9,9,9,4,4,4,4,4,3,1,1,1,1,1,1,1,3,2,3,3,3,2,2,3,3,4,3,2,4,3,3,2,2,2,4,-4,-4,-4,-4,-4,-4,-4,4,-4,-4,-4,-4,-4,-4,-4,-4,-4,2,3,2,2,3,2,3,7,3,1,2,0,0,0,0,0,0,0,0,0,0,1,1,0,0,1,1,0,0,0,0,0,0,0,0,3,6,7,6,3,1,7,2,2,2,1,2,2,2,5,2,2,2,-1,2,-1,2,-1,2,2,1,3,3,3,2,2,3,2,1,2,2,-5,-5,2,2,4,4,4,1,1,-1,4,3,1,4,2,4,7,7,3,4,4,7,3,2,2,2,2,3,4,7,8,4,-5,2,2,4,1,1,1,1,1,10,5,10,-5,10,7,8,1,1,1,1,8,1,1,2,4,4,2,2,1,1,2,2,1,1,5,1,1,2,2,2,1,3,2,1,1,1,2,3,2,1,-2,-2,-2,1,4,3,4,2,1,4,4,1,2,2,4,4,2,4,1,4,3,8,1,10,8,1,10,1,5,10,10,8,6,2,2,2,2,2,3,3,Male,1950s,68,65 and over,3,I am born in this country,Not an immigrant,1,Not an immigrant,1,Western Europe,NL,Western Europe,NL,Western Europe,NL,yes,2,not live with parents,1190,Married,No children,6,528106,Higher,4,528104,Middle,6,528108,Higher,6,528108,Higher,Retired/pensioned,Retired/pensioned,Professional/Managerial,White Collar,professional or managerial,Government or public institution,Yes,Save money,Upper middle class,7,Medium,No religion,100000020,528001,-4,-4,-4,-4,-4,-4,-4,-4,-4,-4,-4,-4,-4,-4,-4,-4,-4,-4,-4,-4,-4,-4,-4,-4,-4,-4,-4,-4,-4,-4,-4,-4,-4,-4,-4,-4,3,2,1,0.391,0.690417,0.0,0.33,0.33,0.22,1.0,,1.0,1.014,0.0,0.0,0.0,0.0,0.33,0.33,0.33,0.33,1.0,0.0,1.0,0.666667,0.75,0.66,0.66,0.69,1.0,1.0,,0.99,0.33,0.5,0.415,0.415,0.915,0.915,4.0,3.0,99.0,1.0,40.0,1.0,59.0,10.0,0.0,10.0,73.0,5.0,0.84,82.0,80.2805,-9999.0,-9999.0,-9999.0,-9999.0,-9999.0,-9999.0,-9999.0,-9999.0,-9999.0,-9999.0,-9999.0,-9999.0,6.0,4.0,33690.0,59686.83,57141.37,28.5,23.0,14951510.0,15925513.0,17332850.0,81.81,0.59,91.88,9275661.0,8.9,3.36,3.05,3.2,100.0,100.0,12.44,170779.52,10.03,42.0,1.24,154.32,10.1,5.4,43.3,12.2,0.906,13.0,0.041,0.967,31.33,0.934,0.939,6.7,0.956,0.8,0.0,94.7,120.6,0.9,1.0,1.0,1.0,0.83,0.784,0.568,0.77,0.709,0.932,0.87,0.961,0.969,0.888,0.923,2.693,2.437,2.473,3.115,1.949,2.029,2.155,2.065,0.839,2.127,1.407,1.881,1.85,2.198,1.425,2.697,2.575,2.738,2.79,2.542,2.911,1.995,2.01,0.022,0.92,0.948,0.996,0.984,0.946,1.49,0.85,1.8,1.86,1.77,1.9,,,No answer,,,,,,,,,,,,,,,,,,,,,,,,,,,,,,,,
6-0-0 (2024-04-30),doi.org/10.14281/18241.24,7,2018,2,484,MEX,70,MEX,484071532,484721532,20180429,201801,201805,12.4,13.25,45,2,484001,484109,-4,-3,484052.0,4,2,2,1,2897,-99.06,19.32,-4,1270,es,2,1,-4,1.113598208,0.5743825,5.46170218265365,4842018,1,1,2,4,4,4,1,2,1,2,2,1,2,1,2,2,2,1,2,1,2,2,2,1,2,2,3,4,3,2,2,3,4,2,2,1,2,1,3,3,2,3,2,3,1,3,1,1,2,2,6,5,7,3,1,2,2,2,1,1,2,4,4,4,3,4,2,2,3,3,2,3,2,3,3,2,3,4,3,4,3,3,3,2,3,-4,-4,-4,-4,-4,-4,-4,-4,-4,-4,-4,-4,-4,-4,-4,3,-4,2,2,3,3,2,3,2,6,2,1,1,0,0,2,1,2,1,0,0,0,0,0,0,0,0,2,1,0,0,0,0,2,1,0,0,6,6,4,6,7,2,5,4,3,3,4,3,2,2,8,4,2,2,1,2,2,2,2,1,2,4,1,1,2,2,1,1,1,1,1,1,1,1,2,2,1,1,1,2,2,1,4,3,2,3,2,3,6,4,5,3,4,6,6,1,1,2,2,2,2,2,4,3,2,1,1,5,1,3,4,5,3,3,4,3,4,3,4,3,4,5,3,3,4,4,5,2,3,2,2,2,1,1,1,2,3,5,5,5,3,3,3,3,2,3,3,3,2,2,3,2,1,1,4,4,4,2,3,2,3,3,4,3,1,3,4,3,4,3,2,3,4,3,6,3,4,5,3,3,4,5,5,4,6,3,6,1,2,1,1,1,1,1,Female,1970s,42,35-44 years,2,I am born in this country,Not an immigrant,1,Not an immigrant,1,North America,MX,North America,MX,North America,MX,yes,4,not live with parents,1270,Living together as married,2 children,1,-4,Lower,1,-4,Lower,0,-4,Lower,0,-4,Lower,Self employed,Part time (less than 30 hours a week),Blue Collar,Blue Collar,Agriculture,Private business or industry,No,Just get by,Lower class,6,Medium,No religion,100000020,484002,-4,-4,-4,-4,-4,-4,-4,-4,-4,-4,-4,-4,-4,-4,-4,-4,-4,-4,-4,-4,-4,-4,-4,-4,-4,-4,-4,-4,-4,-4,-4,-4,-4,-4,-4,-4,4,2,1,0.623056,0.438148,0.0,0.33,0.66,0.33,1.0,1.0,0.166667,0.722222,1.0,1.0,1.0,1.0,0.33,0.66,0.33,0.44,0.0,0.0,1.0,0.333333,0.75,0.66,0.33,0.58,0.222222,0.222222,0.333333,0.259259,0.66,0.5,0.58,0.58,1.0,1.0,1.0,2.0,62.0,3.0,27.0,3.0,35.0,8.0,0.0,8.0,21.0,4.0,0.44,29.0,57.3416,2.0,6.23,6.1,7.3,6.3,5.0,6.5,5.5,6.36,5.17,5.82,2.0,5.0,3.0,1943950.0,20410.71,19746.44,45.4,34.8,83943132.0,98899845.0,127575529.0,74.99,1.09,80.44,57142190.0,6.01,3.71,3.25,3.42,85.35,100.0,15.39,486405.55,3.94,60.0,0.54,78.18,5.52,5.2,29.2,8.6,0.684,14.0,0.334,0.957,48.2,0.767,0.781,21.7,0.846,24.8,12.9,65.8,93.0,-0.5,1.0,4.0,1.0,0.71,0.486,0.414,0.469,0.422,0.812,0.842,0.779,0.706,0.567,0.331,-0.061,-0.025,0.442,-0.272,0.558,0.179,1.266,2.016,1.282,0.174,1.129,1.597,1.074,0.731,-0.837,-0.805,-0.323,-0.544,0.792,0.268,0.291,1.61,2.15,0.61,0.882,0.783,0.998,0.605,0.354,0.01,-0.84,-0.28,0.03,-0.65,-0.9,,,None,,,,,,,,,,,,,,,,,,,,,,,,,,,,,,,,
6-0-0 (2024-04-30),doi.org/10.14281/18241.24,7,2020,2,104,MMR,775,MYA,104070665,104720362,20200128,202001,202003,12.46,13.58,72,1,104002,104002,-4,-3,104020.0,1,1,3,2,56,96.56,18.36,-4,740,my,1,1,1,1.0,0.8333333,3.36767725,1042020,1,1,1,2,1,1,2,2,1,1,1,1,1,2,2,2,2,1,1,1,1,1,1,1,1,1,1,1,2,2,2,1,1,1,2,1,5,2,5,1,1,5,1,1,1,1,1,1,4,2,9,5,2,4,4,4,2,4,1,2,1,3,1,1,1,4,2,2,2,2,2,2,4,2,2,2,2,2,2,2,2,2,2,2,2,-4,-4,-4,2,-4,-4,-4,-4,-4,-4,-4,-4,-4,-4,-4,-4,-4,2,2,2,2,2,2,2,9,3,3,2,0,0,0,0,0,0,0,0,1,1,1,1,0,0,2,1,0,0,2,1,0,0,0,0,9,8,1,9,10,2,10,2,1,1,2,2,1,1,10,2,2,2,0,0,0,2,2,0,4,1,2,2,2,2,2,2,2,2,2,2,4,1,2,2,2,2,1,2,2,1,1,4,4,3,4,1,8,8,5,4,7,4,10,1,1,1,1,1,1,3,1,1,1,1,1,3,7,8,4,4,5,1,1,1,1,1,1,1,1,6,3,3,4,1,7,1,2,4,2,2,5,1,5,5,5,5,5,5,3,3,3,3,3,3,-4,3,3,-4,-4,-4,1,3,104001,104001,104001,1,2,3,4,2,2,4,4,2,2,2,3,2,1,2,1,2,-4,7,4,7,8,8,7,6,6,8,8,8,8,2,2,2,4,1,4,4,Male,1960s,60,55-64 years,3,I am born in this country,Not an immigrant,1,Not an immigrant,1,Southeast Asia,MM,Southeast Asia,MM,Southeast Asia,MM,yes,3,not live with parents,740,Married,1 child,1,-4,Lower,1,-4,Lower,0,-4,Lower,0,-4,Lower,Self employed,Self employed,Agriculture,Agriculture,Agriculture,Private business or industry,Yes,Just get by,Upper middle class,2,Low,Buddhist,70000000,104001,2,4,2,1,1,1,2,2,2,1,2,1,2,2,5,1,2,1,4,4,4,4,5,5,4,4,1,1,4,4,4,4,4,-4,0,-3,1,2,0,0.443611,0.304167,0.0,0.33,0.0,0.11,0.0,0.0,0.333333,0.111111,1.0,1.0,1.0,1.0,0.33,0.33,1.0,0.553333,0.0,1.0,1.0,0.666667,0.0,0.33,0.33,0.22,0.0,0.0,0.0,0.0,0.66,0.0,0.33,0.33,1.0,1.0,2.0,1.0,30.0,5.0,14.0,6.0,16.0,8.0,0.0,8.0,2.0,4.0,0.42,29.0,54.0737,7.0,3.38,3.5,4.0,5.0,3.0,2.5,3.0,3.25,3.97,4.13,5.0,7.0,2.0,653080.0,5355.27,5142.15,30.7,31.7,41335199.0,46719701.0,54045420.0,66.87,0.63,30.85,24690588.0,8.2,2.07,1.24,1.58,18.4,66.26,58.85,25280.3,0.48,165.0,2.92,-9999.0,4.66,2.2,29.0,5.0,0.452,5.0,0.459,0.953,11.32,0.584,0.612,23.2,0.721,2.3,1096.2,30.7,113.8,-3.0,1.01,12.0,1.95,0.406,0.246,0.274,0.332,0.233,0.669,0.594,0.52,0.405,0.765,0.266,-0.252,0.371,1.322,0.27,0.434,-1.98,0.052,-0.632,-0.258,0.747,0.113,0.773,0.025,1.019,-0.829,-1.038,-0.73,0.292,-0.394,1.127,-0.539,-9999.0,-9999.0,0.424,0.655,0.384,0.814,0.582,0.404,-0.86,-1.33,-1.17,-0.75,-1.06,-0.62,,,,,,,,,,,,,,,,,,,,,,,,,,,,,,,,,,,
6-0-0 (2024-04-30),doi.org/10.14281/18241.24,7,2019,2,158,TWN,713,TAW,158070441,158720441,20190507,201903,201906,15.08,16.27,79,1,158020,158020,-4,-3,-4.0,7,4,2,1,32501,121.23,24.84,25,2870,zh,3,1,1,0.260177308,0.8176615,1.70338250204415,1582019,1,2,1,3,1,2,2,1,2,1,1,1,2,1,2,2,2,1,2,2,2,2,2,1,2,2,2,3,4,4,4,1,4,2,2,1,5,2,1,3,2,4,2,5,2,2,1,2,1,1,10,10,8,4,4,4,4,4,1,1,1,2,1,2,2,2,2,2,3,3,2,2,2,2,3,3,2,2,3,2,2,2,2,2,-4,-4,-4,-4,-4,-4,-4,-4,2,-4,-4,-4,-4,-4,-4,-4,-4,-4,3,2,2,2,2,2,2,5,3,-1,2,2,1,0,0,2,1,0,0,0,0,0,0,0,0,0,0,0,0,0,0,0,0,0,0,10,5,5,6,3,1,7,2,2,2,2,2,2,4,8,4,2,2,0,2,0,2,0,0,2,1,4,4,4,4,4,4,4,2,2,2,2,3,2,2,3,3,3,2,1,1,1,4,2,1,2,1,8,8,4,4,2,8,1,2,1,1,1,3,4,6,7,4,1,-1,-1,8,1,1,1,1,1,9,3,8,8,8,4,8,1,4,1,1,5,1,2,4,4,4,3,2,2,1,2,1,1,1,1,2,2,3,3,3,3,3,3,2,3,3,3,3,1,1,-1,-1,-1,1,4,3,3,2,1,4,4,1,1,1,3,1,2,3,1,3,5,7,2,10,8,1,8,5,2,10,10,8,7,2,2,2,2,2,2,2,Female,1950s,61,55-64 years,3,I am born in this country,Immigrant,0,Immigrant,0,East Asia,TW,East Asia,CN,East Asia,CN,yes,4,not live with parents,2870,Married,2 children,6,158115,Higher,8,158117,Higher,0,158101,Lower,5,158113,Higher,Retired/pensioned,Full time (30 hours a week or more),Professional/Managerial,Professional/Managerial,White Collar,Government or public institution,No,Save money,Upper middle class,7,Medium,Buddhist,70000000,158003,-4,-4,-4,-4,-4,-4,-4,-4,-4,-4,-4,-4,-4,-4,-4,-4,-4,-4,-4,-4,-4,-4,-4,-4,-4,-4,-4,-4,-4,-4,-4,-4,-4,-4,-4,-4,2,2,2,0.276111,0.76537,0.5,0.33,0.33,0.386667,0.33,0.0,0.833333,0.387778,0.0,0.0,0.0,0.0,0.33,0.33,0.33,0.33,1.0,1.0,1.0,1.0,0.75,1.0,1.0,0.916667,0.888889,0.777778,0.777778,0.814815,0.66,0.0,0.33,0.33,1.0,1.0,2.0,3.0,93.0,1.0,37.0,1.0,56.0,10.0,0.0,10.0,26.0,5.0,-9999.0,65.0,73.1542,7.0,9.42,9.55,10.0,9.8,10.0,9.5,8.5,9.29,7.33,9.0,1.0,7.0,4.0,-9999.0,0.0,0.0,-9999.0,-9999.0,-9999.0,-9999.0,-9999.0,-9999.0,-9999.0,-9999.0,-9999.0,-9999.0,-9999.0,-9999.0,-9999.0,-9999.0,-9999.0,-9999.0,-9999.0,-9999.0,-9999.0,-9999.0,-9999.0,-9999.0,-9999.0,-9999.0,-9999.0,-9999.0,-9999.0,-9999.0,-9999.0,-9999.0,-9999.0,-9999.0,-9999.0,-9999.0,-9999.0,-9999.0,-9999.0,-9999.0,-9999.0,-9999.0,-9999.0,-9999.0,0.811,0.697,0.631,0.68,0.694,0.86,0.887,0.933,0.954,0.953,0.931,1.069,1.162,1.09,2.347,2.261,1.631,2.418,2.144,2.115,1.261,0.757,1.09,1.25,2.658,2.344,2.627,2.896,2.612,2.034,2.748,2.501,1.93,1.696,0.321,0.905,0.933,0.999,0.913,0.953,0.98,0.79,1.43,1.4,1.13,1.05,,,Don´t know,,,,,,,,,,,,,,,,,,,,,,,,,,,,,,,,
6-0-0 (2024-04-30),doi.org/10.14281/18241.24,7,2017,2,300,GRC,350,GRC,300070768,300720768,20170924,201709,201710,16.4,17.43,64,2,300006,300106,3000008,30005,300074.0,1,1,5,2,77,20.9,39.22,635,1580,el,2,2,-4,1.108108108,0.8333333,0.748060416666667,3002017,1,1,1,2,2,2,1,2,2,2,2,1,2,1,1,2,1,1,2,2,1,2,2,1,2,2,1,2,2,3,2,3,4,2,2,1,1,1,5,2,2,1,1,2,2,3,1,1,1,2,4,8,8,4,4,4,4,4,1,2,1,1,2,3,3,2,1,1,3,3,2,2,2,3,3,3,2,1,2,3,3,2,2,2,3,-4,-4,-4,-4,-4,-4,-4,3,-4,-4,-4,-4,-4,-4,-4,-4,-4,3,3,3,3,3,2,2,2,3,2,-1,0,0,0,0,0,0,0,0,0,0,0,0,0,0,0,0,0,0,0,0,0,0,0,0,4,3,4,8,2,2,9,3,3,2,2,3,2,3,9,2,0,0,2,2,2,2,2,2,3,1,4,4,4,4,4,4,4,2,2,2,-5,4,2,2,2,2,3,1,2,1,2,1,1,4,4,1,8,9,6,6,7,8,7,1,2,1,1,2,2,4,4,3,1,2,2,8,1,1,1,1,1,3,6,5,6,7,1,4,1,1,2,1,2,2,3,3,4,3,3,2,5,1,4,5,5,5,5,2,3,3,3,3,2,2,2,2,3,3,3,3,1,1,300110,300110,300110,2,3,3,3,3,3,3,4,2,2,1,-4,4,4,4,1,2,3,9,3,9,8,3,9,8,7,8,10,8,7,2,1,1,1,1,2,3,Male,1930s,81,65 and over,3,I am born in this country,Not an immigrant,1,Not an immigrant,1,Western Europe,GR,Western Europe,GR,Western Europe,GR,yes,2,not live with parents,1580,Married,2 children,1,300002,Lower,1,300102,Lower,0,300001,Lower,0,300001,Lower,Retired/pensioned,Retired/pensioned,White Collar,White Collar,Agriculture,Private business or industry,Yes,Just get by,Lower middle class,7,Medium,Orthodox,30112000,300001,-4,-4,-4,-4,-4,-4,-4,-4,-4,-4,-4,-4,-4,-4,-4,-4,-4,-4,-4,-4,-4,-4,-4,-4,-4,-4,-4,-4,-4,-4,-4,-4,-4,-4,-4,-4,1,2,-1,0.124167,0.288102,0.0,0.0,0.0,0.0,0.33,0.0,0.5,0.276667,0.0,0.0,0.0,0.0,0.0,0.33,0.33,0.22,0.0,0.0,0.0,0.0,0.75,0.33,0.66,0.58,0.222222,0.444444,0.555556,0.407407,0.33,0.0,0.165,0.165,1.0,1.0,4.0,3.0,88.0,1.0,37.0,2.0,51.0,10.0,0.0,10.0,43.0,5.0,0.61,48.0,66.3322,-9999.0,-9999.0,-9999.0,-9999.0,-9999.0,-9999.0,-9999.0,-9999.0,-9999.0,-9999.0,-9999.0,-9999.0,6.0,4.0,128900.0,31399.42,30314.57,34.4,26.2,10196792.0,10805808.0,10716322.0,81.79,-0.15,79.39,4776602.0,11.2,22.02,13.52,17.24,94.29,100.0,28.66,62434.34,5.79,79.0,2.39,74.38,8.04,-9999.0,45.5,10.5,0.833,10.0,0.122,0.963,20.67,0.872,0.834,11.9,0.955,0.7,0.1,73.0,115.7,-1.5,1.0,1.0,1.0,0.86,0.762,0.597,0.777,0.735,0.922,0.918,0.95,0.929,0.87,0.894,0.172,0.809,1.086,1.142,1.346,1.482,2.244,0.533,1.126,1.651,1.475,1.744,2.565,2.642,2.222,1.762,2.15,2.018,2.247,2.656,2.078,-9999.0,-9999.0,0.3,0.933,0.907,0.987,0.87,0.967,0.81,0.18,0.34,0.53,0.18,0.04,,,,,,,,,,,,,,,,,,,,,,,,,,,,,,,,,,,
6-0-0 (2024-04-30),doi.org/10.14281/18241.24,7,2018,2,458,MYS,820,MAL,458071239,458721239,20180413,201804,201805,12.37,-4.0,-4,3,458013,458005,-4,-3,-4.0,1,1,1,1,-4,-999.0,-999.0,54,2810,ms,1,2,1,1.0,0.7616146,1.96989931454684,4582018,1,2,2,3,3,1,1,1,2,1,2,1,2,2,1,2,2,1,2,2,1,2,2,2,2,2,2,3,2,2,2,2,2,1,1,1,3,3,5,1,1,2,2,3,1,1,1,1,2,3,8,4,4,3,3,2,3,3,3,2,2,3,3,3,3,4,2,1,3,2,3,1,1,3,3,3,3,2,2,3,2,1,1,2,3,-4,3,-4,2,-4,-4,-4,-4,-4,-4,-4,-4,-4,-4,-4,-4,-4,3,2,2,2,1,1,1,7,3,2,2,2,1,2,1,1,1,0,0,0,0,1,1,1,1,1,1,0,0,0,0,0,0,0,0,8,8,8,5,9,1,10,3,3,4,3,2,2,2,10,2,2,1,2,2,2,2,2,2,3,3,3,3,3,3,3,2,3,1,1,1,1,1,1,2,2,2,2,1,2,1,3,1,4,1,3,2,8,8,8,8,3,8,10,1,1,1,1,1,1,4,4,3,2,1,2,8,2,6,2,1,1,1,1,1,2,2,1,1,1,1,3,1,1,3,2,1,2,4,2,1,1,1,1,1,2,1,2,2,3,2,2,3,2,2,2,2,2,3,3,3,2,2,458005,458005,458005,2,2,2,4,3,2,1,2,2,2,1,3,2,2,2,2,2,6,6,7,7,7,5,5,5,6,6,10,4,4,3,2,2,2,2,3,3,Female,1980s,38,35-44 years,2,I am born in this country,Not an immigrant,1,Not an immigrant,1,Southeast Asia,MY,Southeast Asia,MY,Southeast Asia,MY,yes,4,own parents,2810,Living together as married,1 child,2,458014,Lower,2,458000,Lower,1,458006,Lower,1,458006,Lower,Part time (less than 30 hours a week),Self employed,White Collar,Professional/Managerial,White Collar,Private business or industry,Yes,Save money,Upper middle class,4,Medium,Buddhist,70000000,458004,-4,-4,-4,-4,-4,-4,-4,-4,-4,-4,-4,-4,-4,-4,-4,-4,-4,-4,-4,-4,-4,-4,-4,-4,-4,-4,-4,-4,-4,-4,-4,-4,-4,-4,-4,-4,4,2,0,0.263333,0.459259,0.0,0.33,0.33,0.22,0.0,1.0,0.5,0.5,1.0,0.0,0.0,0.333333,0.0,0.0,0.0,0.0,1.0,0.0,1.0,0.666667,0.25,0.33,0.33,0.303333,0.0,0.0,0.111111,0.037037,0.66,1.0,0.83,0.83,1.0,1.0,2.0,2.0,52.0,4.0,21.0,4.0,31.0,7.0,0.0,7.0,10.0,4.0,0.58,53.0,35.3076,7.0,6.0,4.78,8.0,3.8,4.0,2.5,5.7,7.21,5.2,6.0,4.0,7.0,3.0,328550.0,29525.58,28350.59,41.0,31.3,18029824.0,23194257.0,31949777.0,76.0,1.33,76.61,15673198.0,5.09,3.74,3.07,3.32,96.3,100.0,9.96,248288.9,8.09,12.0,0.98,123.09,3.86,4.7,30.3,10.2,0.713,6.0,0.274,0.972,14.41,0.804,0.847,-9999.0,0.862,2.1,0.8,81.2,134.5,1.6,1.01,0.0,0.0,0.466,0.328,0.288,0.36,0.348,0.663,0.739,0.447,0.762,0.72,0.838,-0.092,0.628,0.355,0.608,0.823,0.476,0.231,-0.18,0.253,0.786,-0.433,0.285,1.251,0.762,1.944,1.364,-9999.0,-9999.0,-9999.0,-9999.0,-9999.0,0.407,0.907,0.342,0.815,0.802,0.818,0.705,0.802,-0.05,0.14,1.01,0.56,0.52,0.26,,,,,,,,,,,,,,,,,,,,,,,,,,,,,,,,,,,
6-0-0 (2024-04-30),doi.org/10.14281/18241.24,7,2022,2,203,CZE,316,CZR,203070486,203720486,20220404,202202,202205,12.49,13.45,56,1,203010,203201,2030001,20300,203065.0,8,5,1,1,7,14.3,50.07,1887,1040,cs,2,1,1,0.993020891,0.8333333,0.7357265,2032022,1,1,2,2,2,3,2,2,2,2,2,1,1,2,2,2,1,1,2,2,2,2,2,1,2,2,2,2,2,4,2,2,2,1,2,1,3,3,3,3,2,2,2,3,3,3,1,1,1,2,8,8,6,4,4,4,4,4,3,2,1,2,1,2,2,2,2,2,2,2,2,2,2,2,2,2,2,2,2,2,2,2,2,2,2,-4,-4,-4,-4,-4,-4,-4,2,-4,-4,-4,-4,-4,-4,-4,-4,-4,2,2,2,2,2,2,2,7,2,3,2,0,0,0,0,0,0,0,0,0,0,0,0,0,0,0,0,0,0,0,0,0,0,0,0,6,6,6,4,5,2,6,2,2,2,2,1,2,3,6,3,2,2,2,2,2,2,2,2,3,3,2,1,2,2,1,2,2,1,1,2,2,3,2,2,2,2,2,1,1,1,2,1,1,3,1,4,5,5,6,5,5,6,6,2,2,2,1,3,3,6,7,4,3,2,2,5,3,4,4,4,5,8,6,6,7,8,5,8,2,2,3,6,7,6,5,4,4,4,2,2,2,1,4,4,4,3,4,3,3,3,3,3,3,3,3,3,3,3,3,3,3,3,203050,203050,203050,1,4,3,3,2,1,3,4,1,1,2,2,2,2,2,2,3,6,5,4,7,6,4,7,6,6,6,6,7,6,2,2,1,1,2,2,2,Male,1980s,40,35-44 years,2,I am born in this country,Not an immigrant,1,Not an immigrant,1,Eastern Europe,CZ,Eastern Europe,CZ,Eastern Europe,CZ,yes,3,not live with parents,1040,Married,1 child,3,203104,Middle,2,203103,Lower,3,203104,Middle,3,203104,Middle,Full time (30 hours a week or more),Full time (30 hours a week or more),White Collar,White Collar,White Collar,Government or public institution,Yes,Just get by,Lower middle class,6,Medium,No religion,100000020,203003,-4,-4,-4,-4,-4,-4,-4,-4,-4,-4,-4,-4,-4,-4,-4,-4,-4,-4,-4,-4,-4,-4,-4,-4,-4,-4,-4,-4,-4,-4,-4,-4,-4,-4,-4,-4,0,1,-1,0.595278,0.298333,0.0,0.33,0.33,0.22,0.66,1.0,0.833333,0.831111,1.0,1.0,1.0,1.0,0.33,0.33,0.33,0.33,0.0,0.0,0.0,0.0,0.25,0.33,1.0,0.526667,0.777778,0.555556,0.666667,0.666667,0.0,0.0,0.0,0.0,1.0,1.0,4.0,3.0,91.0,1.0,36.0,1.0,55.0,9.0,0.0,9.0,25.0,4.0,0.73,56.0,75.7754,1.0,9.52,9.4,10.0,10.0,9.3,9.0,8.8,9.64,7.03,8.77,1.0,6.0,4.0,77220.0,42575.61,40314.23,24.9,22.1,10333355.0,10255063.0,10669709.0,79.03,0.37,73.92,5445535.0,10.6,2.38,1.57,1.93,97.13,100.0,11.4,102217.63,9.67,41.0,1.12,144.88,7.23,5.8,43.2,12.7,0.892,9.0,0.137,0.983,22.5,0.891,0.869,4.5,0.911,0.6,1.2,80.7,119.2,2.1,1.01,0.0,0.0,0.796,0.697,0.554,0.612,0.697,0.891,0.873,0.887,0.946,0.849,0.956,0.737,0.574,0.863,1.336,2.729,1.604,1.964,1.117,1.538,1.349,1.454,1.19,1.053,1.617,2.658,3.021,2.28,2.629,2.055,2.767,2.921,2.401,2.04,0.251,0.935,0.942,0.966,0.851,0.945,0.84,0.94,0.95,1.24,1.05,0.56,,,,,,,,,,,,,,,,,,,,,,,,,,,,,,,,,,,
6-0-0 (2024-04-30),doi.org/10.14281/18241.24,7,2018,2,344,HKG,714,HKG,344070016,344720016,20180725,201807,201811,10.45,12.23,98,2,344007,344007,-4,-3,-4.0,8,5,1,1,-4,114.17,22.3,-4,790,zh,1,2,1,0.679977485,0.4819277,0.317215132530121,3442018,2,1,3,2,3,3,1,2,1,1,2,2,2,2,1,1,2,1,2,1,2,1,2,1,2,2,3,3,3,3,2,2,4,2,2,1,4,2,2,2,1,2,2,2,1,1,1,3,2,3,6,7,5,3,4,4,2,2,1,2,1,2,2,3,2,2,1,3,2,2,3,3,3,3,3,3,2,1,4,3,3,2,2,2,3,-4,-4,-4,-4,-4,-4,-4,-4,-4,-4,-4,-4,-4,-4,3,-4,-4,2,3,2,3,2,2,2,7,3,2,2,1,1,0,0,0,0,0,0,0,0,1,1,1,1,1,1,2,1,2,1,1,1,1,1,8,4,1,3,4,2,3,3,2,2,2,2,2,2,8,3,2,2,2,2,2,2,2,0,2,1,3,4,4,3,4,4,3,1,1,2,2,2,2,2,4,3,4,1,2,2,1,3,1,2,1,3,7,6,4,5,2,8,6,2,1,1,2,3,3,4,7,4,2,2,2,6,4,1,1,1,1,7,7,4,7,6,3,8,4,2,1,1,7,6,8,2,3,3,2,2,4,1,1,1,4,1,1,4,1,2,2,3,2,1,1,2,1,3,2,2,3,3,344005,344005,344005,2,2,3,3,2,2,3,4,2,2,1,4,3,3,3,1,3,4,5,2,8,6,3,8,4,3,7,7,5,3,3,2,2,-4,2,4,3,Male,1940s,73,65 and over,3,I am an immigrant to this country (born outside this country),Immigrant,0,Immigrant,0,East Asia,CN,East Asia,CN,East Asia,CN,yes,1,not live with parents,790,Married,1 child,6,344006,Higher,6,344006,Higher,3,344004,Middle,6,344006,Higher,Retired/pensioned,Full time (30 hours a week or more),Professional/Managerial,Professional/Managerial,professional or managerial,Private business or industry,Yes,Save money,Lower class,1,Low,Protestant,20000000,344001,-4,-4,-4,-4,-4,-4,-4,-4,-4,-4,-4,-4,-4,-4,-4,-4,-4,-4,-4,-4,-4,-4,-4,-4,-4,-4,-4,-4,-4,-4,-4,-4,-4,-4,-4,-4,3,2,-1,0.510833,0.498472,1.0,0.33,0.66,0.663333,0.66,1.0,0.5,0.72,0.0,0.0,0.0,0.0,0.66,0.66,0.66,0.66,0.0,0.0,1.0,0.333333,0.75,0.66,0.66,0.69,0.666667,0.333333,0.666667,0.555556,0.33,0.5,0.415,0.415,1.0,1.0,2.0,2.0,55.0,5.0,16.0,3.0,39.0,-9999.0,-9999.0,-9999.0,-9999.0,-9999.0,0.76,76.0,-9999.0,-9999.0,-9999.0,-9999.0,-9999.0,-9999.0,-9999.0,-9999.0,-9999.0,-9999.0,-9999.0,-9999.0,-9999.0,7.0,4.0,1050.0,62375.12,59892.87,-9999.0,-9999.0,5704500.0,6665000.0,7507400.0,84.93,0.75,100.0,3953996.0,6.4,3.2,4.05,3.63,-9999.0,100.0,0.28,43644.63,5.95,3.0,-9999.0,352.82,-9999.0,3.3,44.8,12.0,0.86,9.0,-9999.0,0.963,-9999.0,0.939,0.967,12.6,0.995,0.3,0.0,89.4,259.4,4.0,1.04,6.0,2.43,0.318,0.255,0.117,0.172,0.298,0.712,0.658,0.747,0.687,0.738,0.898,1.482,1.25,2.855,-0.095,2.223,0.833,0.474,1.313,0.238,1.588,0.733,1.029,-0.487,2.405,2.116,2.082,1.248,1.934,2.212,2.539,1.955,0.034,0.789,0.104,0.865,0.806,0.983,0.834,0.754,0.13,-0.22,1.73,1.98,1.6,1.69,,,,,,,,,,,,,,,,,,,,,,,,,,,,,,,,,,,
6-0-0 (2024-04-30),doi.org/10.14281/18241.24,7,2020,2,124,CAN,20,CAN,124075301,124723644,20201015,202010,202010,-4.0,16.29,-4,3,124006,124011,-4,-3,-4.0,2,1,5,2,-4,-4.0,-4.0,-3,1240,en,-4,-4,-4,0.680203378,0.24888,0.800197710303634,1242020,1,2,1,1,2,4,2,1,1,1,2,1,1,2,2,2,2,1,2,2,2,2,2,1,2,2,3,2,3,3,3,2,4,2,2,1,4,2,3,4,4,2,2,4,1,2,1,2,3,3,4,4,1,3,3,1,3,4,2,2,2,2,2,3,2,2,4,1,4,3,3,2,3,4,3,4,2,3,3,3,3,2,2,3,4,-4,-4,-4,-4,-4,4,-4,-4,-4,-4,-4,-4,-4,-4,-4,-4,-4,4,3,3,3,3,4,3,10,3,2,2,1,1,1,1,0,0,0,0,2,1,0,0,0,0,0,0,0,0,0,0,0,0,2,1,10,1,7,1,8,2,10,3,2,2,2,2,2,2,2,3,2,0,2,2,2,1,0,2,3,3,3,4,3,4,3,4,4,1,2,2,2,4,2,2,3,2,2,1,1,1,3,1,2,4,1,3,10,10,7,2,2,8,1,2,2,2,2,4,4,5,8,4,2,2,2,3,1,3,1,7,1,10,8,8,10,10,5,8,1,5,6,1,8,1,8,3,4,4,1,1,5,5,1,4,5,1,1,3,1,2,2,3,1,1,1,1,1,1,1,2,3,1,124002,124002,124002,1,3,1,3,4,2,2,4,1,2,1,5,4,1,4,2,4,7,1,1,7,1,1,10,1,1,10,10,3,1,2,3,2,3,3,3,4,Male,1960s,59,55-64 years,3,I am born in this country,Not an immigrant,1,Not an immigrant,1,North America,CA,North America,CA,North America,CA,yes,1,not live with parents,1240,Divorced,No children,5,-4,Higher,6,-4,Higher,2,-4,Lower,3,-4,Middle,Self employed,Full time (30 hours a week or more),Not employed,Professional/Managerial,Blue Collar,Private business or industry,Yes,Spent some savings and borrowed money,Working class,3,Low,Protestant,20000000,124001,-4,-4,-4,-4,-4,-4,-4,-4,-4,-4,-4,-4,-4,-4,-4,-4,-4,-4,-4,-4,-4,-4,-4,-4,-4,-4,-4,-4,-4,-4,-4,-4,-4,-4,-4,-4,4,3,1,0.623056,0.811541,0.5,0.66,0.66,0.606667,1.0,1.0,0.666667,0.888889,1.0,1.0,0.0,0.666667,0.0,0.33,0.66,0.33,1.0,0.0,1.0,0.666667,0.75,0.66,0.66,0.69,1.0,0.777778,1.0,0.925926,1.0,1.0,1.0,1.0,1.0,1.0,1.0,3.0,98.0,1.0,40.0,1.0,58.0,10.0,0.0,10.0,130.0,5.0,0.81,77.0,75.0691,-9999.0,-9999.0,-9999.0,-9999.0,-9999.0,-9999.0,-9999.0,-9999.0,-9999.0,-9999.0,-9999.0,-9999.0,3.0,4.0,9093510.0,51341.71,49031.38,33.8,25.3,27691138.0,30685730.0,37589262.0,81.95,1.42,81.48,20583847.0,7.7,5.26,5.84,5.56,100.0,100.0,63.01,544894.2,15.09,23.0,1.25,64.98,10.57,-9999.0,41.1,13.3,0.891,10.0,0.083,0.989,28.99,0.922,0.918,8.5,0.959,1.8,0.1,91.0,89.2,6.6,1.0,1.0,0.0,0.866,0.776,0.619,0.791,0.776,0.954,0.878,0.947,0.953,0.961,0.924,2.402,2.4,2.352,2.306,2.315,1.267,2.841,1.608,1.625,2.936,1.499,1.682,2.054,3.167,2.297,2.218,2.799,1.597,2.666,3.07,2.314,1.781,2.459,0.038,0.926,0.907,0.999,0.968,0.896,1.43,1.02,1.72,1.71,1.75,1.76,,,,,,,,,,,,,,,,,,,,,,,,,,,,,,,,,,,
6-0-0 (2024-04-30),doi.org/10.14281/18241.24,7,2018,2,792,TUR,640,TUR,792072078,792722078,20180511,201803,201805,-4.0,-4.0,-4,2,-5,792123,7920023,79211,-4.0,6,3,4,2,197,-4.0,-4.0,2101,4370,tr,1,1,-4,1.0,0.4140787,2.68611610766046,7922018,1,1,2,2,2,1,1,2,2,2,2,2,1,2,2,2,2,1,2,2,1,1,2,1,1,1,2,2,2,3,4,3,4,2,2,1,2,1,2,4,1,2,3,4,1,1,1,1,3,2,8,4,6,4,3,2,2,4,3,2,1,3,2,4,4,-1,2,4,4,2,3,2,4,4,2,3,3,3,3,3,3,4,4,4,2,-4,-4,-4,-4,-4,-4,-4,2,-4,-4,-4,-4,-4,-4,-4,-4,-4,1,-1,-1,-1,-1,-1,-1,10,-1,3,-5,0,0,0,0,0,0,0,0,0,0,0,0,0,0,0,0,0,0,0,0,0,0,0,0,2,-1,1,-1,10,1,10,4,4,4,3,3,3,1,-1,1,0,0,2,0,2,0,2,2,3,4,3,3,1,1,-1,2,4,2,2,2,1,1,2,2,1,1,1,1,1,2,3,1,2,4,2,3,5,10,6,3,4,7,7,1,-1,-1,-1,-1,-1,-5,8,4,2,1,1,1,1,10,1,1,1,4,4,8,8,6,1,5,1,1,5,-5,5,-5,1,4,4,4,1,1,2,1,4,5,5,5,1,1,3,3,1,1,-1,3,1,1,1,2,1,1,1,1,792005,792005,792005,4,1,1,1,3,4,1,3,4,2,1,-4,4,1,-5,1,4,1,10,1,10,9,-4,10,10,8,10,10,1,1,4,5,3,3,4,1,1,Female,1970s,48,45-54 years,2,I am born in this country,Not an immigrant,1,Not an immigrant,1,Middle East,TR,Middle East,TR,Middle East,TR,yes,More than 5,parents in law,-4,Married,2 children,1,792016,Lower,2,792117,Lower,0,792014,Lower,0,792001,Lower,Full time (30 hours a week or more),Full time (30 hours a week or more),Blue Collar,Blue Collar,Blue Collar,Private business or industry,No,Just get by,Working class,4,Medium,No religion,100000020,-5,-4,-4,-4,-4,-4,-4,-4,-4,-4,-4,-4,-4,-4,-4,-4,-4,-4,-4,-4,-4,-4,-4,-4,-4,-4,-4,-4,-4,-4,-4,-4,-4,-4,-4,-4,-4,5,3,0,0.438948,0.635741,0.0,,0.33,0.22979,0.0,1.0,,0.416,1.0,0.0,0.0,0.333333,1.0,0.33,1.0,0.776667,0.0,0.0,1.0,0.333333,0.75,0.33,0.66,0.58,0.333333,0.777778,0.777778,0.62963,1.0,1.0,1.0,1.0,0.83,1.0,4.0,1.0,32.0,5.0,16.0,6.0,16.0,0.0,4.0,-4.0,2.0,2.0,0.43,39.0,47.446,4.0,6.17,5.55,6.8,6.0,4.3,5.0,5.8,6.79,4.72,5.37,3.0,6.0,3.0,769630.0,27875.19,28167.4,41.9,32.1,53921760.0,63240194.0,83429615.0,77.44,1.34,75.63,33368843.0,5.41,16.42,12.05,13.49,-9999.0,100.0,31.96,372724.88,4.67,33.0,2.5,61.39,4.22,4.3,31.5,7.7,0.712,12.0,0.305,0.924,17.45,0.807,0.833,16.0,0.884,4.3,68.9,71.0,97.3,3.5,0.99,5.0,5.0,0.292,0.101,0.155,0.133,0.178,0.187,0.545,0.477,0.184,0.197,0.434,-0.959,-1.153,1.15,-1.232,0.27,-2.2,-2.12,-0.999,-1.375,-1.534,-1.545,-0.449,-0.245,-0.553,-0.742,0.17,0.801,0.61,1.058,0.343,-0.147,-1.934,-1.682,0.733,0.431,0.307,0.675,0.203,0.189,-0.83,-1.37,0.02,0.0,-0.33,-0.3,,,,,,,,,,,,,,,,,,,,,,,,,,,,,,,,,,,
6-0-0 (2024-04-30),doi.org/10.14281/18241.24,7,2018,2,458,MYS,820,MAL,458070692,458720692,20180412,201804,201805,6.13,-4.0,-4,3,458008,458002,-4,-3,-4.0,5,3,1,1,-4,-999.0,-999.0,54,2810,ms,1,1,1,1.0,0.7616146,1.96989931454684,4582018,1,2,2,3,2,2,2,2,1,2,1,2,2,1,2,2,2,1,2,2,2,2,2,1,2,2,2,3,1,2,2,3,2,1,2,1,3,3,1,1,2,3,1,2,2,1,1,2,2,3,7,8,7,2,1,2,3,2,2,2,2,1,2,3,2,3,2,4,2,2,2,4,2,4,3,2,2,2,2,2,2,1,1,1,2,-4,2,-4,1,-4,-4,-4,-4,-4,-4,-4,-4,-4,-4,-4,-4,-4,2,1,2,1,2,2,1,7,2,2,2,1,1,2,1,1,1,2,1,0,0,1,1,1,1,2,1,1,1,0,0,1,1,1,1,7,7,7,7,8,1,7,2,3,2,3,2,3,2,6,2,2,1,0,2,1,0,1,1,3,3,1,2,1,1,3,2,2,1,1,2,2,2,1,2,2,2,2,2,1,2,2,3,2,3,1,2,7,7,7,7,7,7,6,1,1,1,1,2,2,2,3,2,1,2,2,7,3,5,4,5,3,6,3,5,4,3,6,5,4,3,4,4,4,5,4,2,2,3,2,2,3,2,2,2,1,1,1,2,1,2,2,2,1,2,2,1,1,2,2,1,1,1,458006,458006,458006,2,2,2,1,2,3,2,1,2,3,2,2,2,3,2,2,3,7,8,6,7,3,7,7,5,5,6,8,7,7,2,3,2,2,3,2,3,Female,1970s,43,35-44 years,2,I am born in this country,Not an immigrant,1,Not an immigrant,1,Southeast Asia,MY,Southeast Asia,MY,Southeast Asia,MY,yes,3,not live with parents,2870,Married,1 child,4,458014,Middle,4,458014,Middle,2,458012,Lower,2,458011,Lower,Full time (30 hours a week or more),Full time (30 hours a week or more),White Collar,White Collar,White Collar,Private business or industry,Yes,Spent some savings and borrowed money,Lower middle class,4,Medium,Buddhist,70000000,458012,-4,-4,-4,-4,-4,-4,-4,-4,-4,-4,-4,-4,-4,-4,-4,-4,-4,-4,-4,-4,-4,-4,-4,-4,-4,-4,-4,-4,-4,-4,-4,-4,-4,-4,-4,-4,3,2,1,0.609722,0.471111,0.5,0.66,0.33,0.496667,0.33,0.0,0.166667,0.165556,1.0,1.0,1.0,1.0,1.0,1.0,0.33,0.776667,0.0,1.0,1.0,0.666667,0.25,0.0,0.33,0.193333,0.555556,0.444444,0.333333,0.444444,0.66,0.5,0.58,0.58,1.0,1.0,2.0,2.0,52.0,4.0,21.0,4.0,31.0,7.0,0.0,7.0,10.0,4.0,0.58,53.0,35.3076,7.0,6.0,4.78,8.0,3.8,4.0,2.5,5.7,7.21,5.2,6.0,4.0,7.0,3.0,328550.0,29525.58,28350.59,41.0,31.3,18029824.0,23194257.0,31949777.0,76.0,1.33,76.61,15673198.0,5.09,3.74,3.07,3.32,96.3,100.0,9.96,248288.9,8.09,12.0,0.98,123.09,3.86,4.7,30.3,10.2,0.713,6.0,0.274,0.972,14.41,0.804,0.847,-9999.0,0.862,2.1,0.8,81.2,134.5,1.6,1.01,0.0,0.0,0.466,0.328,0.288,0.36,0.348,0.663,0.739,0.447,0.762,0.72,0.838,-0.092,0.628,0.355,0.608,0.823,0.476,0.231,-0.18,0.253,0.786,-0.433,0.285,1.251,0.762,1.944,1.364,-9999.0,-9999.0,-9999.0,-9999.0,-9999.0,0.407,0.907,0.342,0.815,0.802,0.818,0.705,0.802,-0.05,0.14,1.01,0.56,0.52,0.26,,,,,,,,,,,,,,,,,,,,,,,,,,,,,,,,,,,
6-0-0 (2024-04-30),doi.org/10.14281/18241.24,7,2018,2,344,HKG,714,HKG,344070724,344720724,20181021,201807,201811,18.35,20.05,90,2,344013,344013,-4,-3,-4.0,8,5,1,1,-4,114.17,22.3,-4,790,zh,1,1,1,1.601731997,0.4819277,0.317215132530121,3442018,1,1,1,2,3,1,1,2,2,1,2,1,1,1,2,2,2,1,2,2,2,2,2,1,2,2,3,3,3,3,3,3,3,3,1,1,2,1,2,2,3,1,1,4,2,1,3,3,2,3,8,5,6,4,3,4,4,4,1,2,2,2,2,3,3,2,2,2,3,3,2,3,3,4,3,3,3,3,3,3,3,2,1,3,3,-4,-4,-4,-4,-4,-4,-4,-4,-4,-4,-4,-4,-4,-4,3,-4,-4,2,2,2,2,2,2,2,10,2,3,2,2,1,0,0,0,0,0,0,0,0,0,0,0,0,0,0,0,0,0,0,0,0,0,0,7,5,4,4,4,1,10,3,2,2,2,2,3,3,8,2,0,2,2,0,2,2,2,2,3,2,3,3,4,3,4,3,3,1,2,2,3,4,2,2,3,3,3,1,1,2,4,3,4,1,2,1,5,5,8,7,10,3,7,1,1,1,1,2,2,2,1,1,1,2,2,4,5,1,1,1,1,9,1,5,7,5,1,5,1,5,1,1,1,1,5,2,4,4,2,2,5,4,1,2,5,2,1,4,3,2,1,3,1,3,1,1,3,1,2,3,1,1,344003,344003,344003,3,1,1,1,3,4,1,1,2,1,1,4,4,4,4,2,4,5,8,1,10,5,5,10,6,6,10,10,3,1,4,1,3,-4,2,3,3,Female,1950s,59,55-64 years,3,I am born in this country,Immigrant,0,Immigrant,0,East Asia,HK,East Asia,CN,East Asia,CN,yes,2,not live with parents,790,Married,2 children,2,344003,Lower,2,344003,Lower,1,344002,Lower,1,344002,Lower,Retired/pensioned,Part time (less than 30 hours a week),Blue Collar,White Collar,White Collar,Private business or industry,No,Spent some savings and borrowed money,Lower middle class,5,Medium,Protestant,20000000,344001,-4,-4,-4,-4,-4,-4,-4,-4,-4,-4,-4,-4,-4,-4,-4,-4,-4,-4,-4,-4,-4,-4,-4,-4,-4,-4,-4,-4,-4,-4,-4,-4,-4,-4,-4,-4,3,2,1,0.289722,0.546667,1.0,0.0,0.66,0.553333,0.0,0.0,0.166667,0.055556,0.0,0.0,0.0,0.0,0.33,0.66,0.66,0.55,0.0,0.0,1.0,0.333333,0.5,0.66,0.66,0.606667,0.888889,0.444444,0.666667,0.666667,0.66,0.5,0.58,0.58,1.0,1.0,2.0,2.0,55.0,5.0,16.0,3.0,39.0,-9999.0,-9999.0,-9999.0,-9999.0,-9999.0,0.76,76.0,-9999.0,-9999.0,-9999.0,-9999.0,-9999.0,-9999.0,-9999.0,-9999.0,-9999.0,-9999.0,-9999.0,-9999.0,-9999.0,7.0,4.0,1050.0,62375.12,59892.87,-9999.0,-9999.0,5704500.0,6665000.0,7507400.0,84.93,0.75,100.0,3953996.0,6.4,3.2,4.05,3.63,-9999.0,100.0,0.28,43644.63,5.95,3.0,-9999.0,352.82,-9999.0,3.3,44.8,12.0,0.86,9.0,-9999.0,0.963,-9999.0,0.939,0.967,12.6,0.995,0.3,0.0,89.4,259.4,4.0,1.04,6.0,2.43,0.318,0.255,0.117,0.172,0.298,0.712,0.658,0.747,0.687,0.738,0.898,1.482,1.25,2.855,-0.095,2.223,0.833,0.474,1.313,0.238,1.588,0.733,1.029,-0.487,2.405,2.116,2.082,1.248,1.934,2.212,2.539,1.955,0.034,0.789,0.104,0.865,0.806,0.983,0.834,0.754,0.13,-0.22,1.73,1.98,1.6,1.69,,,,,,,,,,,,,,,,,,,,,,,,,,,,,,,,,,,
6-0-0 (2024-04-30),doi.org/10.14281/18241.24,7,2018,2,458,MYS,820,MAL,458070479,458720479,20180411,201804,201805,5.08,-4.0,-4,3,458010,458001,-4,-3,-4.0,5,3,3,1,-4,-999.0,-999.0,54,2810,ms,1,1,1,1.0,0.7616146,1.96989931454684,4582018,1,2,1,2,2,1,1,2,1,2,2,1,1,1,2,2,2,1,2,1,1,2,2,1,1,2,2,3,3,1,3,3,4,2,1,1,5,2,4,3,2,1,2,5,2,3,1,3,3,2,6,4,4,3,1,3,2,2,2,2,1,3,3,4,3,3,2,4,3,4,3,4,3,4,3,4,3,3,4,2,2,3,3,1,2,-4,2,-4,2,-4,-4,-4,-4,-4,-4,-4,-4,-4,-4,-4,-4,-4,2,2,3,3,3,2,2,5,2,3,1,2,1,2,1,2,1,0,0,0,0,0,0,1,1,2,1,1,1,0,0,0,0,0,0,7,4,3,3,3,2,10,1,2,1,2,2,3,3,6,1,1,0,2,0,2,1,2,2,3,4,1,1,1,1,1,1,2,1,1,2,1,1,1,1,3,1,3,1,1,1,1,4,3,2,1,3,9,9,2,2,2,8,10,1,1,1,1,2,2,2,2,1,1,1,2,4,1,2,1,5,1,4,5,3,5,5,5,6,1,7,1,1,7,1,5,1,4,4,1,1,1,1,1,1,1,1,1,1,1,3,1,3,1,1,2,1,1,1,3,2,1,1,458006,458006,458006,4,1,1,1,4,4,1,1,4,4,1,5,4,3,4,1,4,6,3,10,1,4,10,2,3,5,1,10,1,1,4,4,1,2,2,2,3,Male,1980s,37,35-44 years,2,I am born in this country,Not an immigrant,1,Not an immigrant,1,Southeast Asia,MY,Southeast Asia,MY,Southeast Asia,MY,yes,4,not live with parents,2810,Married,2 children,5,458014,Higher,5,458012,Higher,5,458012,Higher,5,458013,Higher,Full time (30 hours a week or more),Full time (30 hours a week or more),White Collar,White Collar,White Collar,Private business or industry,Yes,Spent savings and borrowed money,Working class,4,Medium,Muslim,50000000,458004,-4,-4,-4,-4,-4,-4,-4,-4,-4,-4,-4,-4,-4,-4,-4,-4,-4,-4,-4,-4,-4,-4,-4,-4,-4,-4,-4,-4,-4,-4,-4,-4,-4,-4,-4,-4,2,2,1,0.596389,0.325417,1.0,1.0,0.33,0.776667,0.0,0.0,0.166667,0.055556,1.0,1.0,0.0,0.666667,1.0,1.0,0.66,0.886667,0.0,0.0,1.0,0.333333,0.75,0.66,0.0,0.47,0.333333,0.222222,0.444444,0.333333,0.33,0.0,0.165,0.165,1.0,1.0,2.0,2.0,52.0,4.0,21.0,4.0,31.0,7.0,0.0,7.0,10.0,4.0,0.58,53.0,35.3076,7.0,6.0,4.78,8.0,3.8,4.0,2.5,5.7,7.21,5.2,6.0,4.0,7.0,3.0,328550.0,29525.58,28350.59,41.0,31.3,18029824.0,23194257.0,31949777.0,76.0,1.33,76.61,15673198.0,5.09,3.74,3.07,3.32,96.3,100.0,9.96,248288.9,8.09,12.0,0.98,123.09,3.86,4.7,30.3,10.2,0.713,6.0,0.274,0.972,14.41,0.804,0.847,-9999.0,0.862,2.1,0.8,81.2,134.5,1.6,1.01,0.0,0.0,0.466,0.328,0.288,0.36,0.348,0.663,0.739,0.447,0.762,0.72,0.838,-0.092,0.628,0.355,0.608,0.823,0.476,0.231,-0.18,0.253,0.786,-0.433,0.285,1.251,0.762,1.944,1.364,-9999.0,-9999.0,-9999.0,-9999.0,-9999.0,0.407,0.907,0.342,0.815,0.802,0.818,0.705,0.802,-0.05,0.14,1.01,0.56,0.52,0.26,,,,,,,,,,,,,,,,,,,,,,,,,,,,,,,,,,,
6-0-0 (2024-04-30),doi.org/10.14281/18241.24,7,2019,2,788,TUN,616,TUN,788070412,788720412,20190429,201904,201905,-5.0,-5.0,-5,1,788041,788008,-4,-3,788074.0,7,4,2,1,-4,10.09,35.68,7,170,ar,2,1,-4,1.0,0.8278146,0.762183443708609,7882019,1,2,1,3,2,2,1,1,2,1,2,1,1,2,2,2,1,1,2,2,2,2,2,1,2,2,1,2,1,3,3,2,2,1,1,1,3,3,-4,1,1,2,1,3,2,3,1,1,3,3,5,5,2,4,3,4,4,4,2,2,1,2,1,3,3,3,4,2,4,4,4,3,3,4,4,4,3,3,4,3,3,4,4,4,4,-4,-4,4,-4,-4,-4,-4,-4,4,4,-4,-4,-4,-4,-4,-4,-4,3,4,3,4,4,4,4,1,3,3,2,0,0,0,0,0,0,0,0,0,0,0,0,0,0,0,0,0,0,0,0,0,0,0,0,8,5,3,1,4,2,10,3,3,3,2,3,3,2,6,3,1,2,1,2,1,1,2,1,2,2,3,2,3,4,3,2,3,1,1,2,1,1,2,2,1,1,1,2,2,1,1,3,3,2,1,4,8,5,7,5,3,8,10,1,1,1,1,2,3,1,1,1,2,2,2,3,1,2,2,2,1,1,1,6,7,1,1,6,5,5,2,1,1,1,1,2,3,3,3,2,5,1,1,5,5,4,4,1,3,3,2,2,2,2,3,3,2,3,3,3,2,2,5,5,5,2,2,1,2,2,2,1,3,3,3,1,3,2,3,3,1,3,5,9,3,10,10,1,10,10,6,10,10,5,1,3,2,1,1,1,2,2,Male,1960s,50,45-54 years,3,I am born in this country,Not an immigrant,1,Not an immigrant,1,Middle East,TN,Middle East,TN,Middle East,TN,yes,4,not live with parents,4360,Married,2 children,3,788003,Middle,3,788003,Middle,0,788000,Lower,0,788000,Lower,Full time (30 hours a week or more),Full time (30 hours a week or more),Professional/Managerial,Professional/Managerial,Blue Collar,Government or public institution,Yes,Just get by,Upper middle class,5,Medium,Muslim,50101000,788005,-4,-4,-4,-4,-4,-4,-4,-4,-4,-4,-4,-4,-4,-4,-4,-4,-4,-4,-4,-4,-4,-4,-4,-4,-4,-4,-4,-4,-4,-4,-4,-4,-4,-4,-4,-4,2,2,0,0.4425,0.364769,0.0,0.33,0.0,0.11,0.33,1.0,0.0,0.443333,1.0,1.0,0.0,0.666667,0.33,0.66,0.66,0.55,1.0,0.0,0.0,0.333333,0.25,0.0,0.66,0.303333,0.0,0.555556,0.666667,0.407407,0.33,0.5,0.415,0.415,1.0,1.0,5.0,3.0,70.0,2.0,32.0,3.0,38.0,7.0,0.0,7.0,4.0,4.0,0.54,43.0,67.7921,4.0,6.27,6.5,7.5,7.5,5.8,6.0,5.8,6.04,5.33,5.98,2.0,4.0,2.0,155360.0,11201.34,10755.58,32.8,25.6,8242496.0,9708350.0,11694719.0,76.51,1.11,69.25,4087299.0,6.26,23.41,13.38,16.02,99.1,99.8,2.84,29937.39,2.65,78.0,2.09,110.54,7.23,6.6,32.8,7.2,0.659,9.0,0.3,0.899,22.58,0.739,0.706,20.2,0.869,3.0,2.0,64.2,127.7,-0.3,0.99,0.0,1.0,0.723,0.655,0.441,0.672,0.573,0.893,0.847,0.755,0.886,0.921,0.567,-0.304,0.688,0.868,1.652,2.838,2.126,0.875,0.349,0.552,1.749,1.188,1.862,1.423,1.373,0.205,-0.052,1.292,1.48,1.622,2.077,1.075,1.061,0.802,0.202,0.911,0.912,0.993,0.89,0.959,0.26,-0.87,0.0,-0.37,0.11,-0.11,,,Other,,,,,,,,,,,,,,,,,,,,,,,,,,,,,,,,
6-0-0 (2024-04-30),doi.org/10.14281/18241.24,7,2019,2,788,TUN,616,TUN,788070570,788720570,20190430,201904,201905,11.33,12.25,52,1,788022,788016,-4,-3,788035.0,5,3,2,1,-4,10.14,36.4,5,170,ar,1,1,-4,1.0,0.8278146,0.762183443708609,7882019,1,2,4,2,1,1,1,2,1,1,1,1,2,2,2,1,1,1,1,1,1,1,2,1,1,1,2,2,2,2,3,3,3,3,1,1,1,1,-4,3,2,2,2,2,2,1,3,2,3,3,3,3,3,2,2,1,2,2,3,1,1,1,1,2,4,2,1,1,3,3,2,1,1,1,3,1,2,1,2,2,2,1,1,2,2,-4,-4,2,-4,-4,-4,-4,-4,2,2,-4,-4,-4,-4,-4,-4,-4,4,4,1,3,4,4,4,5,3,2,2,0,0,0,0,0,0,0,0,0,0,0,0,0,0,0,0,0,0,0,0,0,0,0,0,9,9,1,1,8,1,7,2,3,1,2,3,3,3,10,2,0,2,1,2,2,0,2,2,3,2,3,2,3,4,4,1,2,1,1,2,1,1,2,2,1,1,1,2,2,2,1,2,1,-2,1,2,2,7,7,7,3,8,10,1,1,1,1,1,1,2,1,1,1,2,2,10,1,1,1,1,1,1,1,9,10,1,9,10,4,5,5,1,1,1,10,1,1,1,1,2,5,1,5,1,1,5,1,1,3,3,3,3,2,3,3,3,3,3,3,3,1,1,788023,788023,788023,1,-1,2,2,3,1,2,2,2,2,2,2,4,1,4,4,3,10,8,2,10,10,10,9,10,10,8,10,10,6,2,1,1,1,1,1,1,Male,1990s,27,25-34 years,1,I am born in this country,Not an immigrant,1,Not an immigrant,1,Middle East,TN,Middle East,TN,Middle East,TN,yes,4,own parents,4360,Married,2 children,3,788003,Middle,3,788003,Middle,0,-2,Lower,0,-2,Lower,Full time (30 hours a week or more),Housewife not otherwise employed,White Collar,White Collar,White Collar,Private business or industry,Yes,Just get by,Lower class,1,Low,Muslim,50101000,788005,-4,-4,-4,-4,-4,-4,-4,-4,-4,-4,-4,-4,-4,-4,-4,-4,-4,-4,-4,-4,-4,-4,-4,-4,-4,-4,-4,-4,-4,-4,-4,-4,-4,-4,-4,-4,-2,-5,-1,0.083056,0.372657,0.5,0.0,0.33,0.276667,0.0,0.0,0.166667,0.055556,0.0,0.0,0.0,0.0,0.0,0.0,0.0,0.0,0.0,1.0,0.0,0.333333,0.5,0.33,0.33,0.386667,0.0,0.888889,1.0,0.62963,,0.0,,0.141,1.0,0.915,5.0,3.0,70.0,2.0,32.0,3.0,38.0,7.0,0.0,7.0,4.0,4.0,0.54,43.0,67.7921,4.0,6.27,6.5,7.5,7.5,5.8,6.0,5.8,6.04,5.33,5.98,2.0,4.0,2.0,155360.0,11201.34,10755.58,32.8,25.6,8242496.0,9708350.0,11694719.0,76.51,1.11,69.25,4087299.0,6.26,23.41,13.38,16.02,99.1,99.8,2.84,29937.39,2.65,78.0,2.09,110.54,7.23,6.6,32.8,7.2,0.659,9.0,0.3,0.899,22.58,0.739,0.706,20.2,0.869,3.0,2.0,64.2,127.7,-0.3,0.99,0.0,1.0,0.723,0.655,0.441,0.672,0.573,0.893,0.847,0.755,0.886,0.921,0.567,-0.304,0.688,0.868,1.652,2.838,2.126,0.875,0.349,0.552,1.749,1.188,1.862,1.423,1.373,0.205,-0.052,1.292,1.48,1.622,2.077,1.075,1.061,0.802,0.202,0.911,0.912,0.993,0.89,0.959,0.26,-0.87,0.0,-0.37,0.11,-0.11,,,,,,,,,,,,,,,,,,,,,,,,,,,,,,,,,,,
6-0-0 (2024-04-30),doi.org/10.14281/18241.24,7,2020,2,124,CAN,20,CAN,124074657,124723117,20201014,202010,202010,-4.0,22.02,-4,3,124005,124011,-4,-3,-4.0,2,1,4,2,-4,-4.0,-4.0,-3,1240,en,-4,-4,-4,0.680203378,0.24888,0.800197710303634,1242020,1,2,2,2,2,3,2,1,2,2,1,1,2,1,2,1,2,1,2,2,2,2,2,1,2,2,1,4,4,4,3,3,5,2,5,2,5,2,1,4,5,3,1,4,2,2,2,3,2,2,9,8,8,4,4,4,4,4,1,1,1,2,2,2,2,2,2,2,2,2,3,2,2,3,3,2,2,2,2,3,3,2,2,2,2,-4,-4,-4,-4,-4,2,-4,-4,-4,-4,-4,-4,-4,-4,-4,-4,-4,2,2,2,2,2,1,3,4,2,3,2,1,1,0,0,0,0,2,1,0,0,0,0,0,0,2,1,0,0,0,0,0,0,2,1,4,5,5,3,9,1,7,2,3,2,2,1,2,0,8,4,2,2,1,2,0,2,0,1,2,2,3,3,4,3,3,4,4,2,2,2,3,4,2,2,3,3,4,2,2,2,1,3,2,4,3,2,8,6,1,1,1,10,2,2,1,2,2,4,4,7,8,4,2,2,2,7,3,4,3,2,1,10,7,8,8,10,7,8,1,1,5,1,8,6,1,3,3,4,2,2,4,1,1,1,1,1,5,1,1,1,1,2,1,1,2,1,1,1,1,2,1,1,124003,124003,124003,1,3,3,3,1,2,4,4,2,3,1,3,4,2,4,1,4,3,8,1,10,4,1,10,3,2,10,10,8,7,2,1,1,1,1,2,1,Male,1960s,55,55-64 years,3,I am born in this country,Not an immigrant,1,Not an immigrant,1,North America,CA,North America,CA,North America,CA,yes,2,not live with parents,1240,Married,1 child,4,-4,Middle,4,-4,Middle,2,-4,Lower,3,-4,Middle,Full time (30 hours a week or more),Full time (30 hours a week or more),White Collar,White Collar,Blue Collar,Government or public institution,Yes,Save money,Lower middle class,6,Medium,No religion,100000020,124001,-4,-4,-4,-4,-4,-4,-4,-4,-4,-4,-4,-4,-4,-4,-4,-4,-4,-4,-4,-4,-4,-4,-4,-4,-4,-4,-4,-4,-4,-4,-4,-4,-4,-4,-4,-4,5,3,2,0.554167,0.806213,1.0,0.0,0.0,0.333333,0.66,1.0,1.0,0.886667,1.0,1.0,0.0,0.666667,0.33,0.33,0.33,0.33,1.0,1.0,1.0,1.0,1.0,1.0,1.0,1.0,1.0,0.777778,0.777778,0.851852,1.0,0.5,0.75,0.75,1.0,1.0,1.0,3.0,98.0,1.0,40.0,1.0,58.0,10.0,0.0,10.0,130.0,5.0,0.81,77.0,75.0691,-9999.0,-9999.0,-9999.0,-9999.0,-9999.0,-9999.0,-9999.0,-9999.0,-9999.0,-9999.0,-9999.0,-9999.0,3.0,4.0,9093510.0,51341.71,49031.38,33.8,25.3,27691138.0,30685730.0,37589262.0,81.95,1.42,81.48,20583847.0,7.7,5.26,5.84,5.56,100.0,100.0,63.01,544894.2,15.09,23.0,1.25,64.98,10.57,-9999.0,41.1,13.3,0.891,10.0,0.083,0.989,28.99,0.922,0.918,8.5,0.959,1.8,0.1,91.0,89.2,6.6,1.0,1.0,0.0,0.866,0.776,0.619,0.791,0.776,0.954,0.878,0.947,0.953,0.961,0.924,2.402,2.4,2.352,2.306,2.315,1.267,2.841,1.608,1.625,2.936,1.499,1.682,2.054,3.167,2.297,2.218,2.799,1.597,2.666,3.07,2.314,1.781,2.459,0.038,0.926,0.907,0.999,0.968,0.896,1.43,1.02,1.72,1.71,1.75,1.76,,,,,,,,,,,,,,,,,,,,,,,,,,,,,,,,,,,
6-0-0 (2024-04-30),doi.org/10.14281/18241.24,7,2018,2,152,CHL,155,CHL,152070453,152720453,20180130,201801,201802,20.13,21.08,55,1,152014,152027,-4,-3,152015.0,8,5,1,1,-4,-4.0,-4.0,3923,1270,es,1,1,-4,0.597702278,1.0,1.5895338,1522018,1,1,1,1,1,1,2,1,1,2,2,2,1,2,2,2,2,1,2,2,2,2,2,1,2,2,1,4,4,4,4,3,5,2,2,1,2,1,2,2,1,1,1,2,2,1,1,1,2,2,5,9,7,4,1,1,4,4,1,2,1,2,2,2,3,3,3,3,3,3,3,3,3,3,3,3,3,3,3,3,3,3,3,3,3,-4,-4,-4,-4,-4,-4,-4,-4,-4,-4,-4,-4,-4,-4,-4,3,-4,3,3,3,3,3,3,3,6,-1,-1,1,2,1,1,1,1,1,1,1,1,1,1,1,1,1,1,1,1,1,1,1,1,1,1,1,5,5,5,3,3,2,8,3,3,3,3,3,2,3,4,4,0,2,0,2,0,2,2,2,2,3,2,2,2,2,2,2,2,1,1,2,1,1,2,1,2,2,2,2,2,1,1,3,3,2,1,4,5,8,5,8,3,5,5,1,1,1,1,3,2,3,2,1,1,2,1,5,7,1,1,1,1,8,2,1,8,9,2,2,1,1,1,1,9,1,1,2,4,4,1,2,2,1,4,1,1,1,1,1,2,2,2,2,2,2,2,2,2,2,2,2,1,1,152004,152004,152004,1,4,4,4,4,1,4,4,1,2,1,-4,2,2,3,2,4,5,7,4,10,9,1,5,1,6,8,10,7,7,3,1,1,1,1,1,2,Female,1970s,45,45-54 years,2,I am born in this country,Not an immigrant,1,Not an immigrant,1,Latin America,CL,Latin America,CL,Latin America,CL,yes,4,not live with parents,1270,Married,2 children,3,152005,Middle,3,152005,Middle,2,152003,Lower,3,152004,Middle,Housewife not otherwise employed,Full time (30 hours a week or more),White Collar,Professional/Managerial,White Collar,Private business or industry,No,Just get by,Lower middle class,5,Medium,Roman Catholic,10100000,152001,-4,-4,-4,-4,-4,-4,-4,-4,-4,-4,-4,-4,-4,-4,-4,-4,-4,-4,-4,-4,-4,-4,-4,-4,-4,-4,-4,-4,-4,-4,-4,-4,-4,-4,-4,-4,2,2,1,0.192778,0.650046,0.0,0.0,0.0,0.0,0.0,0.0,0.333333,0.111111,0.0,0.0,0.0,0.0,0.66,0.66,0.66,0.66,1.0,0.0,1.0,0.666667,1.0,1.0,1.0,1.0,0.777778,0.0,0.777778,0.518519,0.33,0.5,0.415,0.415,1.0,1.0,1.0,3.0,90.0,1.0,38.0,2.0,52.0,10.0,0.0,10.0,29.0,5.0,0.67,67.0,70.8566,2.0,8.87,9.2,9.8,9.5,9.5,10.0,7.3,8.54,7.33,8.9,1.0,5.0,4.0,743532.0313,25154.99,24226.15,44.4,37.9,13274623.0,15342353.0,18952038.0,80.04,1.18,87.64,9557893.0,6.16,7.7,6.64,7.09,92.28,100.0,43.6,85822.47,4.71,59.0,1.89,56.76,8.98,5.4,35.3,10.4,0.807,12.0,0.288,0.962,22.58,0.847,0.815,19.8,0.924,4.3,0.5,82.3,134.4,6.0,0.97,3.0,2.0,0.773,0.762,0.519,0.744,0.54,0.836,0.843,0.969,0.941,0.875,0.555,1.556,2.223,1.857,2.033,1.194,0.85,2.84,2.019,2.131,0.986,1.082,1.409,0.663,1.215,-0.751,0.716,0.51,0.876,0.952,1.49,0.696,2.367,2.938,0.055,0.846,0.904,0.95,0.955,0.871,0.98,0.01,0.89,1.17,0.95,1.01,,,,,,,,,,,,,,,,,,,,,,,,,,,,,,,,,,,
6-0-0 (2024-04-30),doi.org/10.14281/18241.24,7,2018,2,604,PER,135,PER,604071222,604721222,20180827,201808,201809,10.0,10.5,50,2,604005,604007,-4,-4,-4.0,1,1,5,2,245,-4.0,-4.0,25816902,1270,es,1,1,-4,1.60869177,0.7142857,1.77415407142857,6042018,2,3,2,2,2,2,1,2,2,1,2,2,2,2,2,2,1,1,2,2,2,2,2,2,2,2,2,2,3,3,3,3,4,2,2,1,4,2,4,3,4,3,5,5,2,1,1,2,2,2,9,8,8,3,4,4,3,4,1,2,1,2,1,3,2,2,2,4,4,4,4,4,4,4,4,4,4,2,4,4,4,1,1,2,4,-4,-4,-4,-4,-4,-4,-4,-4,-4,-4,-4,-4,4,-4,-4,-4,-4,4,4,4,-4,-4,-4,-4,10,-1,-1,-1,1,1,0,0,0,0,0,0,2,1,0,0,0,0,0,0,0,0,0,0,0,0,0,0,8,5,7,3,3,1,10,4,1,4,4,4,3,4,9,3,2,2,2,2,2,0,2,2,-1,2,4,4,4,4,4,4,4,1,1,2,4,4,2,2,4,2,4,2,2,1,1,-1,1,4,1,2,8,3,4,5,7,3,9,1,1,1,1,3,3,4,5,3,1,2,2,5,1,1,1,1,1,1,1,1,5,1,1,1,1,1,1,1,1,1,1,2,4,4,2,1,2,1,1,1,1,1,1,1,1,2,1,1,3,3,3,3,1,3,3,3,1,1,5,5,5,2,3,2,2,4,4,2,4,3,2,1,3,3,2,3,1,3,-2,7,5,7,5,5,7,7,5,7,10,6,3,4,1,1,1,1,1,1,Male,1950s,62,55-64 years,3,I am born in this country,Not an immigrant,1,Not an immigrant,1,Latin America,PE,Latin America,PE,Latin America,PE,yes,2,not live with parents,1270,Married,2 children,5,604008,Higher,3,604007,Middle,3,604007,Middle,3,604007,Middle,Full time (30 hours a week or more),Self employed,Blue Collar,White Collar,Blue Collar,Private business or industry,Yes,Just get by,Working class,3,Low,Roman Catholic,10100000,604013,-4,-4,-4,-4,-4,-4,-4,-4,-4,-4,-4,-4,-4,-4,-4,-4,-4,-4,-4,-4,-4,-4,-4,-4,-4,-4,-4,-4,-4,-4,-4,-4,-4,-4,-4,-4,2,2,-1,0.388333,0.297657,0.5,0.0,0.33,0.276667,0.33,0.0,0.5,0.276667,0.0,0.0,0.0,0.0,1.0,1.0,1.0,1.0,0.0,0.0,0.0,0.0,0.75,0.66,0.66,0.69,0.0,0.0,0.444444,0.148148,0.33,,,0.35248,1.0,0.915,1.0,3.0,72.0,2.0,30.0,3.0,42.0,9.0,0.0,9.0,17.0,4.0,0.5,36.0,62.4547,2.0,6.85,6.6,7.8,7.8,6.5,6.5,4.5,7.11,5.81,6.57,2.0,5.0,3.0,1280000.0,13380.36,12847.89,42.8,32.3,22071433.0,26459944.0,32510453.0,76.52,1.62,78.1,18864899.0,5.5,3.41,3.23,3.31,75.06,95.2,52.73,57414.22,1.86,76.0,1.19,47.12,5.0,3.9,31.0,9.2,0.692,14.0,0.381,0.951,30.0,0.759,0.727,19.1,0.869,7.7,2.6,52.5,123.8,3.1,0.96,0.0,1.42,0.784,0.674,0.549,0.571,0.488,0.914,0.884,0.827,0.801,0.688,0.349,-0.622,0.485,0.711,0.132,0.878,-0.376,1.948,1.657,1.565,2.07,1.376,1.649,1.0,1.712,-0.624,-0.503,-0.619,0.006,0.385,0.887,0.005,2.015,2.107,0.475,0.853,0.693,0.99,0.73,0.6,0.27,-0.15,-0.1,0.53,-0.5,-0.49,,,Other,,,,,,,,,,,,,,,,,,,,,,,,,,,,,,,,
6-0-0 (2024-04-30),doi.org/10.14281/18241.24,7,2021,2,504,MAR,600,MOR,504070420,504720420,20211205,202111,202112,16.56,17.35,40,2,504002,504012,-4,-3,504076.0,6,3,3,1,76,-3.34,34.23,-4,170,ar,1,2,-4,1.0,0.8333333,2.26004875,5042021,1,1,1,2,1,1,1,2,2,1,1,2,2,2,1,2,1,2,2,2,2,1,2,2,1,2,1,1,1,4,3,1,1,1,1,1,1,1,-4,1,3,1,1,3,2,1,1,2,2,3,7,8,6,2,2,2,3,1,3,2,1,3,1,3,3,3,3,1,3,4,4,4,4,4,4,4,4,4,3,3,3,4,4,3,4,-4,-4,4,-4,-4,-4,-4,-4,4,4,-4,-4,-4,-4,-4,-4,-4,4,4,4,4,4,4,4,5,3,3,2,0,0,2,1,0,0,0,0,0,0,0,0,0,0,0,0,0,0,0,0,0,0,0,0,6,5,5,5,6,2,10,3,3,3,3,3,3,4,5,2,2,2,2,2,2,2,2,2,2,2,2,2,1,4,4,2,2,1,1,2,1,1,2,1,3,3,1,1,1,1,1,2,1,3,1,3,10,10,4,7,2,9,10,1,1,1,1,1,1,2,1,1,2,2,1,3,5,1,1,1,2,1,1,4,7,1,1,1,1,1,1,1,1,2,1,1,4,4,4,2,5,5,5,5,4,1,1,3,3,3,3,3,3,3,2,2,3,3,3,3,3,3,504002,504002,504002,2,3,2,2,3,1,3,2,2,3,3,4,2,2,4,1,2,5,10,7,10,10,7,10,10,10,10,10,6,6,3,1,2,2,2,2,3,Male,1980s,33,25-34 years,2,I am born in this country,Not an immigrant,1,Not an immigrant,1,North Africa,MA,North Africa,MA,North Africa,MA,yes,2,not live with parents,170,Married,No children,2,-4,Lower,3,-4,Middle,2,-4,Lower,3,-4,Middle,Full time (30 hours a week or more),Full time (30 hours a week or more),White Collar,Professional/Managerial,White Collar,Government or public institution,Yes,Save money,Upper middle class,8,High,Muslim,50000000,504005,2,1,1,5,5,5,5,5,1,5,5,5,5,1,1,5,5,5,5,5,2,2,4,5,2,2,5,4,4,4,4,2,1,0,2,2,1,1,-2,0.388889,0.25,0.5,0.0,0.0,0.166667,0.0,1.0,0.166667,0.388889,0.0,0.0,1.0,0.333333,0.0,1.0,1.0,0.666667,0.0,1.0,0.0,0.333333,0.0,0.0,1.0,0.333333,0.0,0.333333,0.666667,0.333333,0.0,0.0,0.0,0.0,1.0,1.0,5.0,2.0,37.0,5.0,13.0,5.0,24.0,1.0,5.0,-4.0,53.0,2.0,0.5,41.0,57.0663,4.0,4.61,3.8,6.8,3.0,3.3,2.0,4.0,5.43,4.28,4.73,5.0,4.0,2.0,446300.0,7826.17,7514.72,39.5,31.9,24807462.0,28793679.0,36471769.0,76.45,1.22,62.99,12067484.0,5.06,10.41,8.57,9.02,96.75,100.0,14.31,61275.57,1.74,53.0,3.1,87.46,5.25,-9999.0,29.5,5.5,0.547,9.0,0.492,0.833,20.51,0.676,0.652,28.3,0.869,2.1,3.9,64.8,124.2,-1.4,0.94,3.0,0.21,0.29,0.256,0.215,0.281,0.224,0.584,0.646,0.623,0.68,0.711,0.481,-0.999,-0.524,0.941,0.299,1.475,1.196,0.67,-0.888,-1.568,-0.076,0.684,0.421,-0.295,0.116,-0.34,-0.158,0.463,1.085,0.553,1.307,0.369,-0.273,0.052,0.499,0.717,0.653,0.835,0.699,0.851,-0.63,-0.34,-0.2,-0.14,-0.25,-0.34,,,,,,,,,,,,,,,,,,,,,,,,,,,,,,,,,,,
6-0-0 (2024-04-30),doi.org/10.14281/18241.24,7,2017,2,688,SRB,348,SRB,688070329,688720329,20170526,201705,201707,16.0,16.5,50,2,688022,688002,6880202,68802,688039.0,2,1,5,2,39,-4.0,-4.0,4,3780,sr,1,1,-4,1.0,0.8291874,0.598052007648184,6882017,1,2,2,2,1,2,2,1,1,2,1,2,2,2,2,2,2,1,1,2,2,1,2,2,2,2,3,2,3,3,1,3,5,2,2,1,5,2,4,3,2,3,2,2,2,3,1,1,2,2,5,5,5,4,4,4,4,4,2,1,1,2,1,2,2,2,2,3,4,4,4,3,4,3,3,4,4,4,4,3,3,3,3,3,2,-4,-4,-4,-4,-4,-4,-4,2,-4,-4,-4,-4,-4,-4,-4,-4,-4,3,3,3,3,3,3,4,3,3,2,2,1,1,0,0,0,0,0,0,1,1,0,0,0,0,0,0,0,0,0,0,0,0,2,1,5,3,6,7,5,1,8,3,3,3,2,2,3,0,2,3,1,2,1,2,2,2,1,1,2,2,4,4,4,4,4,4,4,2,2,2,2,2,2,2,1,2,3,1,2,1,1,3,2,1,1,4,7,7,6,6,7,9,9,1,2,2,1,4,4,4,2,1,1,2,1,1,1,1,1,1,1,1,2,2,4,1,1,1,3,1,1,1,1,1,2,1,3,3,2,2,4,1,4,4,5,1,5,3,2,2,2,2,2,2,3,3,3,3,3,3,1,1,-2,-2,-2,3,4,2,3,2,3,4,4,3,2,1,-4,1,2,3,1,4,5,8,1,8,8,6,9,8,9,7,8,4,4,3,2,2,2,2,2,2,Male,1960s,55,55-64 years,3,I am born in this country,Not an immigrant,1,Not an immigrant,1,Eastern Europe,RS,Eastern Europe,RS,Eastern Europe,RS,yes,3,not live with parents,3890,Married,1 child,8,688008,Higher,8,688108,Higher,2,688002,Lower,2,688002,Lower,Full time (30 hours a week or more),Self employed,White Collar,White Collar,Agriculture,Private business or industry,Yes,Spent some savings and borrowed money,Upper middle class,5,Medium,Protestant,20000000,688001,-4,-4,-4,-4,-4,-4,-4,-4,-4,-4,-4,-4,-4,-4,-4,-4,-4,-4,-4,-4,-4,-4,-4,-4,-4,-4,-4,-4,-4,-4,-4,-4,-4,-4,-4,-4,2,2,1,0.345,0.62537,0.0,0.33,0.66,0.33,0.33,0.0,0.5,0.276667,0.0,0.0,0.0,0.0,0.66,0.66,1.0,0.773333,1.0,1.0,1.0,1.0,1.0,0.66,0.66,0.773333,0.0,0.111111,0.333333,0.148148,0.66,0.5,0.58,0.58,1.0,1.0,4.0,2.0,66.0,4.0,23.0,3.0,43.0,9.0,1.0,8.0,12.0,4.0,0.5,39.0,48.6868,1.0,7.4,7.7,9.0,8.3,6.8,7.5,7.0,7.11,6.06,7.08,2.0,6.0,3.0,87460.0,18989.04,18179.77,36.2,23.1,7586000.0,7516346.0,6944975.0,75.89,-0.54,56.26,3218840.0,14.6,13.78,11.81,12.69,76.41,100.0,26.91,45221.44,6.41,44.0,1.91,112.64,8.43,3.9,41.6,11.2,0.783,8.0,0.162,0.976,37.65,0.799,0.759,10.9,0.859,1.1,32.3,73.4,97.6,0.5,1.01,1.0,1.43,0.359,0.254,0.244,0.228,0.3,0.433,0.646,0.415,0.792,0.598,0.714,-0.817,-0.562,0.492,1.027,1.561,0.664,1.006,1.255,1.48,-1.307,0.817,-0.328,1.248,0.663,0.788,0.888,2.456,0.339,1.306,2.23,1.216,1.107,1.126,0.706,0.863,0.764,0.987,0.444,0.738,-0.05,-0.07,0.02,0.11,-0.12,-0.43,,,No answer,,,,,,,,,,,,,,,,,,,,,,,,,,,,,,,,
6-0-0 (2024-04-30),doi.org/10.14281/18241.24,7,2018,2,484,MEX,70,MEX,484070711,484720711,20180216,201801,201805,14.23,15.15,52,2,484027,484127,-4,-3,484261.0,1,1,5,2,1128,-91.35,17.32,-4,1270,es,2,1,-4,1.113598208,0.5743825,5.46170218265365,4842018,1,1,4,3,4,4,1,2,2,2,2,2,1,2,1,1,1,2,2,2,2,2,2,2,2,2,3,2,3,2,2,2,2,1,3,3,4,2,5,5,4,3,5,5,3,3,2,3,2,2,5,9,1,3,3,3,4,4,3,2,3,4,4,4,4,4,1,1,1,4,4,4,4,4,4,4,4,4,4,4,4,4,3,4,4,-4,-4,-4,-4,-4,-4,-4,-4,-4,-4,-4,-4,-4,-4,-4,4,-4,4,4,4,4,4,4,4,10,-1,-1,1,1,1,1,1,0,0,0,0,1,1,1,1,1,1,1,1,0,0,1,1,1,1,0,0,10,10,8,10,10,1,1,4,3,4,4,3,4,4,10,2,0,0,1,1,2,2,1,1,2,4,3,4,3,2,4,4,4,2,2,2,3,1,2,2,3,4,4,1,1,2,3,2,1,3,1,4,2,10,10,10,5,10,10,1,1,1,1,1,1,7,8,4,2,2,2,7,10,5,2,2,1,1,1,1,1,1,10,1,1,1,1,9,7,1,1,3,2,4,3,3,1,1,5,5,5,5,5,5,3,3,3,3,3,3,3,3,3,3,3,3,1,1,4,4,4,4,4,3,4,4,3,4,4,4,4,3,4,3,4,3,4,3,9,7,2,10,5,1,1,1,1,1,9,10,8,4,2,4,3,1,4,3,Female,1980s,31,25-34 years,2,I am born in this country,Not an immigrant,1,Not an immigrant,1,North America,MX,North America,MX,North America,MX,yes,4,not live with parents,1270,Married,2 children,1,-4,Lower,4,-4,Middle,0,-4,Lower,0,-4,Lower,Housewife not otherwise employed,Self employed,Not employed,Agriculture,Agriculture,Private non-profit organization,No,Spent some savings and borrowed money,Lower middle class,3,Low,Protestant,20000000,484002,-4,-4,-4,-4,-4,-4,-4,-4,-4,-4,-4,-4,-4,-4,-4,-4,-4,-4,-4,-4,-4,-4,-4,-4,-4,-4,-4,-4,-4,-4,-4,-4,-4,-4,-4,-4,1,1,-2,0.749167,0.228333,1.0,0.33,0.66,0.663333,1.0,1.0,1.0,1.0,1.0,1.0,0.0,0.666667,0.0,1.0,1.0,0.666667,0.0,0.0,0.0,0.0,0.25,0.66,0.33,0.413333,0.0,0.0,0.0,0.0,0.0,1.0,0.5,0.5,1.0,1.0,1.0,2.0,62.0,3.0,27.0,3.0,35.0,8.0,0.0,8.0,21.0,4.0,0.44,29.0,57.3416,2.0,6.23,6.1,7.3,6.3,5.0,6.5,5.5,6.36,5.17,5.82,2.0,5.0,3.0,1943950.0,20410.71,19746.44,45.4,34.8,83943132.0,98899845.0,127575529.0,74.99,1.09,80.44,57142190.0,6.01,3.71,3.25,3.42,85.35,100.0,15.39,486405.55,3.94,60.0,0.54,78.18,5.52,5.2,29.2,8.6,0.684,14.0,0.334,0.957,48.2,0.767,0.781,21.7,0.846,24.8,12.9,65.8,93.0,-0.5,1.0,4.0,1.0,0.71,0.486,0.414,0.469,0.422,0.812,0.842,0.779,0.706,0.567,0.331,-0.061,-0.025,0.442,-0.272,0.558,0.179,1.266,2.016,1.282,0.174,1.129,1.597,1.074,0.731,-0.837,-0.805,-0.323,-0.544,0.792,0.268,0.291,1.61,2.15,0.61,0.882,0.783,0.998,0.605,0.354,0.01,-0.84,-0.28,0.03,-0.65,-0.9,,,None,,,,,,,,,,,,,,,,,,,,,,,,,,,,,,,,
6-0-0 (2024-04-30),doi.org/10.14281/18241.24,7,2019,2,608,PHL,840,PHI,608071163,608721163,20191203,201912,201912,14.36,16.1,94,2,608008,608088,-4,-4,608075.0,2,1,4,1,117,121.97,6.42,60002,1360,fil,2,2,1,0.899688883,0.8333333,6.58258883333333,6082019,1,2,3,2,1,1,2,1,1,2,2,2,1,1,2,1,2,1,2,1,1,2,2,2,2,2,4,4,4,1,1,1,4,2,1,1,5,2,5,1,1,5,1,1,2,2,2,1,2,3,1,10,10,1,3,2,2,2,3,2,1,3,2,4,3,3,1,3,3,3,4,3,3,3,3,3,3,2,2,3,2,2,2,2,4,-4,-4,-4,4,-4,-4,-4,-4,-4,-4,-4,-4,-4,-4,-4,-4,-4,4,3,3,3,3,2,3,9,3,1,3,2,1,1,1,0,0,0,0,0,0,0,0,1,1,0,0,1,1,0,0,0,0,0,0,1,10,1,1,1,1,1,2,4,3,2,2,2,3,1,3,0,0,0,0,0,0,0,0,3,2,3,3,4,3,4,3,4,2,1,2,3,3,2,2,4,2,3,2,1,1,3,1,3,4,2,4,10,2,1,1,2,10,10,1,1,1,1,2,3,2,1,1,1,2,1,9,1,1,1,1,1,2,2,1,2,2,2,2,1,1,1,1,1,1,1,4,4,4,2,2,5,1,1,4,5,5,5,3,3,3,3,3,3,3,3,2,-5,-5,-5,-5,1,4,608014,608014,608014,4,4,4,4,3,4,3,3,1,1,2,5,4,2,2,3,4,10,1,1,10,2,2,1,1,2,9,2,1,1,2,1,3,1,2,4,4,Male,1950s,63,55-64 years,3,I am born in this country,Not an immigrant,1,Not an immigrant,1,Southeast Asia,PH,Southeast Asia,PH,Southeast Asia,PH,yes,3,not live with parents,820,Married,1 child,6,608016,Higher,6,608016,Higher,2,608012,Lower,1,608011,Lower,Retired/pensioned,Full time (30 hours a week or more),White Collar,White Collar,Blue Collar,Private business or industry,No,Just get by,Lower middle class,1,Low,Roman Catholic,10100000,608024,4,4,4,2,4,2,4,4,4,2,4,4,4,4,4,4,4,4,4,5,4,3,3,2,2,2,2,2,2,3,2,2,4,8,1,-3,3,2,2,0.262222,0.497269,0.0,0.0,1.0,0.333333,0.0,0.0,0.166667,0.055556,0.0,0.0,0.0,0.0,0.66,0.66,0.66,0.66,1.0,0.0,1.0,0.666667,0.75,1.0,0.0,0.583333,0.111111,0.0,0.111111,0.074074,0.33,1.0,0.665,0.665,1.0,1.0,2.0,2.0,59.0,3.0,25.0,4.0,34.0,8.0,0.0,8.0,31.0,4.0,0.47,34.0,51.4601,7.0,6.47,6.3,6.5,6.8,5.5,7.0,5.8,6.64,4.9,5.47,2.0,7.0,2.0,298170.0,9277.37,8908.18,44.4,31.3,61895160.0,77991755.0,108116615.0,71.1,1.36,47.15,44815390.0,5.87,2.44,1.96,2.15,43.22,94.86,25.41,122287.12,1.18,95.0,1.13,68.61,4.45,-9999.0,25.7,9.4,0.667,11.0,0.425,1.004,27.96,0.712,0.689,17.8,0.786,8.4,0.5,60.1,110.1,-0.6,0.96,3.0,3.0,0.48,0.286,0.325,0.406,0.236,0.714,0.712,0.516,0.537,0.799,0.337,-0.789,-0.668,1.158,-0.802,-0.401,-0.033,0.37,1.05,-0.145,0.556,-0.087,1.086,-0.535,0.442,-1.015,-0.996,-9999.0,-9999.0,-9999.0,-9999.0,-9999.0,0.857,1.456,0.707,0.83,0.778,0.94,0.415,0.728,0.01,-0.92,0.09,0.11,-0.55,-0.59,,,,,,,,,,,,,,,,,,,,,,,,,,,,,,,,,,,
6-0-0 (2024-04-30),doi.org/10.14281/18241.24,7,2018,2,792,TUR,640,TUR,792071863,792721863,20180506,201803,201805,-4.0,-4.0,-4,2,-5,792115,7920015,79207,-4.0,4,2,4,2,169,-4.0,-4.0,5801,4370,tr,2,1,-4,1.0,0.4140787,2.68611610766046,7922018,1,1,1,1,1,1,2,2,1,2,1,1,2,1,2,1,2,1,1,1,1,1,1,1,1,1,2,3,2,2,3,2,3,3,1,1,2,1,5,2,1,2,2,2,2,3,2,2,2,2,6,2,3,3,3,3,2,3,1,2,1,2,2,4,4,4,1,2,4,4,4,1,2,2,4,4,2,4,4,4,4,2,2,4,4,-4,-4,-4,-4,-4,-4,-4,4,-4,-4,-4,-4,-4,-4,-4,-4,-4,4,3,3,4,3,3,4,2,3,1,-5,0,0,0,0,0,0,0,0,0,0,0,0,0,0,0,0,0,0,0,0,0,0,0,0,3,4,9,7,1,1,5,-2,-2,-2,-2,-2,4,-1,5,1,2,1,2,1,1,1,2,-1,-1,1,4,4,4,4,4,4,4,2,2,2,1,1,2,2,1,1,1,1,1,1,1,4,2,3,1,4,9,7,9,9,9,8,10,1,1,1,1,1,1,2,1,1,1,2,1,8,1,1,1,1,1,1,1,1,1,1,1,1,1,1,1,-5,1,-5,1,2,2,2,2,2,1,1,2,1,4,1,1,4,1,1,1,1,1,1,1,1,2,2,2,2,1,1,792005,792005,792005,1,4,-1,-1,3,-1,-1,4,1,1,1,-4,-1,1,-5,-1,4,5,10,10,9,9,-4,9,10,10,9,8,7,4,2,1,2,2,2,2,2,Male,1970s,46,45-54 years,2,I am born in this country,Not an immigrant,1,Not an immigrant,1,Middle East,TR,Middle East,TR,Middle East,TR,yes,2,not live with parents,-4,Married,2 children,2,792017,Lower,2,792117,Lower,0,792014,Lower,0,792014,Lower,Full time (30 hours a week or more),Housewife not otherwise employed,Blue Collar,Not employed,Blue Collar,Private business or industry,Yes,Just get by,Lower middle class,4,Medium,Muslim,50000000,-5,-4,-4,-4,-4,-4,-4,-4,-4,-4,-4,-4,-4,-4,-4,-4,-4,-4,-4,-4,-4,-4,-4,-4,-4,-4,-4,-4,-4,-4,-4,-4,-4,-4,-4,-4,-4,1,2,1,0.138056,0.345833,0.5,0.0,0.33,0.276667,0.0,0.0,0.166667,0.055556,0.0,0.0,0.0,0.0,0.33,0.0,0.33,0.22,0.0,1.0,1.0,0.666667,0.5,0.33,0.33,0.386667,0.0,0.0,0.0,0.0,0.66,0.0,0.33,0.33,1.0,1.0,4.0,1.0,32.0,5.0,16.0,6.0,16.0,0.0,4.0,-4.0,2.0,2.0,0.43,39.0,47.446,4.0,6.17,5.55,6.8,6.0,4.3,5.0,5.8,6.79,4.72,5.37,3.0,6.0,3.0,769630.0,27875.19,28167.4,41.9,32.1,53921760.0,63240194.0,83429615.0,77.44,1.34,75.63,33368843.0,5.41,16.42,12.05,13.49,-9999.0,100.0,31.96,372724.88,4.67,33.0,2.5,61.39,4.22,4.3,31.5,7.7,0.712,12.0,0.305,0.924,17.45,0.807,0.833,16.0,0.884,4.3,68.9,71.0,97.3,3.5,0.99,5.0,5.0,0.292,0.101,0.155,0.133,0.178,0.187,0.545,0.477,0.184,0.197,0.434,-0.959,-1.153,1.15,-1.232,0.27,-2.2,-2.12,-0.999,-1.375,-1.534,-1.545,-0.449,-0.245,-0.553,-0.742,0.17,0.801,0.61,1.058,0.343,-0.147,-1.934,-1.682,0.733,0.431,0.307,0.675,0.203,0.189,-0.83,-1.37,0.02,0.0,-0.33,-0.3,,,,,,,,,,,,,,,,,,,,,,,,,,,,,,,,,,,
6-0-0 (2024-04-30),doi.org/10.14281/18241.24,7,2018,2,792,TUR,640,TUR,792072022,792722022,20180509,201803,201805,-4.0,-4.0,-4,2,-5,792103,7920003,79202,-4.0,6,3,4,2,51,-4.0,-4.0,1703,4370,tr,1,2,-4,1.0,0.4140787,2.68611610766046,7922018,1,1,2,4,2,1,1,2,1,1,2,2,2,1,1,2,2,1,1,1,1,1,1,1,1,1,2,2,3,4,2,2,1,1,1,1,5,2,5,2,1,3,4,3,2,2,1,1,2,2,6,5,5,4,3,4,3,4,3,2,1,2,3,4,4,3,1,1,2,3,3,2,2,3,2,3,2,1,3,2,3,2,3,2,4,-4,-4,-4,-4,-4,-4,-4,4,-4,-4,-4,-4,-4,-4,-4,-4,-4,3,3,3,3,3,2,2,5,1,-1,-5,0,0,0,0,0,0,0,0,0,0,0,0,0,0,0,0,0,0,0,0,0,0,0,0,5,6,7,7,9,2,7,2,1,1,1,1,1,1,8,1,0,0,2,2,2,1,2,1,4,2,4,4,4,4,4,4,4,2,2,2,3,2,2,2,1,1,1,1,2,2,2,3,2,3,2,3,7,5,6,4,8,5,8,1,1,1,1,3,1,4,5,3,1,1,1,5,1,1,1,1,1,1,1,1,6,1,1,1,1,1,1,-5,1,-5,6,4,3,4,3,2,5,1,5,1,5,1,1,4,2,3,3,3,1,3,3,3,2,2,2,2,1,1,792006,792006,792006,3,2,2,2,1,3,2,3,2,4,1,-4,2,2,-5,2,2,5,7,4,9,7,-4,5,5,8,6,8,3,5,3,1,1,2,2,3,3,Female,1970s,44,35-44 years,2,I am born in this country,Not an immigrant,1,Not an immigrant,1,Middle East,TR,Middle East,TR,Middle East,TR,yes,4,not live with parents,-4,Married,2 children,3,792019,Middle,3,792119,Middle,2,792017,Lower,6,792021,Higher,Housewife not otherwise employed,Full time (30 hours a week or more),White Collar,White Collar,professional or managerial,Government or public institution,No,Spent some savings and borrowed money,Upper middle class,7,Medium,Muslim,50000000,-5,-4,-4,-4,-4,-4,-4,-4,-4,-4,-4,-4,-4,-4,-4,-4,-4,-4,-4,-4,-4,-4,-4,-4,-4,-4,-4,-4,-4,-4,-4,-4,-4,-4,-4,-4,-4,4,2,0,0.124167,0.412963,0.0,0.0,0.33,0.11,0.0,0.0,0.5,0.166667,0.0,0.0,0.0,0.0,0.0,0.33,0.33,0.22,0.0,0.0,1.0,0.333333,0.0,0.66,1.0,0.553333,0.0,0.0,0.555556,0.185185,0.66,0.5,0.58,0.58,1.0,1.0,4.0,1.0,32.0,5.0,16.0,6.0,16.0,0.0,4.0,-4.0,2.0,2.0,0.43,39.0,47.446,4.0,6.17,5.55,6.8,6.0,4.3,5.0,5.8,6.79,4.72,5.37,3.0,6.0,3.0,769630.0,27875.19,28167.4,41.9,32.1,53921760.0,63240194.0,83429615.0,77.44,1.34,75.63,33368843.0,5.41,16.42,12.05,13.49,-9999.0,100.0,31.96,372724.88,4.67,33.0,2.5,61.39,4.22,4.3,31.5,7.7,0.712,12.0,0.305,0.924,17.45,0.807,0.833,16.0,0.884,4.3,68.9,71.0,97.3,3.5,0.99,5.0,5.0,0.292,0.101,0.155,0.133,0.178,0.187,0.545,0.477,0.184,0.197,0.434,-0.959,-1.153,1.15,-1.232,0.27,-2.2,-2.12,-0.999,-1.375,-1.534,-1.545,-0.449,-0.245,-0.553,-0.742,0.17,0.801,0.61,1.058,0.343,-0.147,-1.934,-1.682,0.733,0.431,0.307,0.675,0.203,0.189,-0.83,-1.37,0.02,0.0,-0.33,-0.3,,,,,,,,,,,,,,,,,,,,,,,,,,,,,,,,,,,
6-0-0 (2024-04-30),doi.org/10.14281/18241.24,7,2018,2,458,MYS,820,MAL,458071222,458721222,20180413,201804,201805,10.37,-4.0,-4,3,458008,458002,-4,-3,-4.0,6,3,3,1,-4,-999.0,-999.0,54,2810,ms,3,2,1,1.0,0.7616146,1.96989931454684,4582018,1,2,1,3,2,1,1,1,1,2,2,1,2,1,2,2,2,1,2,2,2,2,2,1,2,2,2,3,3,3,3,3,4,2,2,1,4,2,2,4,4,1,4,4,2,2,1,1,2,2,5,4,4,4,3,4,4,4,3,1,1,2,2,3,2,2,2,2,2,2,2,2,2,2,2,2,2,2,2,2,2,2,2,2,2,-4,2,-4,2,-4,-4,-4,-4,-4,-4,-4,-4,-4,-4,-4,-4,-4,2,2,2,2,2,2,2,6,1,3,2,0,0,0,0,0,0,0,0,0,0,0,0,0,0,0,0,0,0,0,0,0,0,0,0,7,6,10,8,6,1,9,3,3,3,3,3,3,3,3,2,1,1,1,1,1,1,1,1,4,2,3,2,4,4,3,3,4,1,1,2,2,2,2,2,4,3,4,2,1,1,1,3,2,3,4,1,5,5,5,5,6,4,7,1,2,2,2,2,3,3,5,3,1,2,2,4,8,7,5,4,6,7,5,5,7,5,7,4,4,6,5,6,5,6,4,3,3,3,4,3,3,1,1,5,5,5,5,2,2,2,2,2,2,2,2,2,2,2,2,2,2,2,458006,458006,458006,3,3,2,2,3,2,2,4,3,3,1,5,2,2,2,2,2,6,7,5,6,6,5,6,6,6,8,9,9,7,3,2,2,2,2,2,2,Female,1980s,29,25-34 years,1,I am born in this country,Not an immigrant,1,Not an immigrant,1,Southeast Asia,MY,Southeast Asia,MY,Southeast Asia,MY,yes,4,not live with parents,2810,Married,No children,2,458013,Lower,2,458000,Lower,1,458010,Lower,1,458010,Lower,Full time (30 hours a week or more),Full time (30 hours a week or more),White Collar,White Collar,Blue Collar,Private business or industry,No,Just get by,Working class,3,Low,Muslim,50000000,458004,-4,-4,-4,-4,-4,-4,-4,-4,-4,-4,-4,-4,-4,-4,-4,-4,-4,-4,-4,-4,-4,-4,-4,-4,-4,-4,-4,-4,-4,-4,-4,-4,-4,-4,-4,-4,2,2,2,0.415278,0.632315,0.0,0.33,0.33,0.22,0.0,0.0,0.333333,0.111111,1.0,1.0,1.0,1.0,0.33,0.33,0.33,0.33,1.0,0.0,1.0,0.666667,0.75,0.66,0.66,0.69,0.666667,0.444444,0.666667,0.592593,0.66,0.5,0.58,0.58,1.0,1.0,2.0,2.0,52.0,4.0,21.0,4.0,31.0,7.0,0.0,7.0,10.0,4.0,0.58,53.0,35.3076,7.0,6.0,4.78,8.0,3.8,4.0,2.5,5.7,7.21,5.2,6.0,4.0,7.0,3.0,328550.0,29525.58,28350.59,41.0,31.3,18029824.0,23194257.0,31949777.0,76.0,1.33,76.61,15673198.0,5.09,3.74,3.07,3.32,96.3,100.0,9.96,248288.9,8.09,12.0,0.98,123.09,3.86,4.7,30.3,10.2,0.713,6.0,0.274,0.972,14.41,0.804,0.847,-9999.0,0.862,2.1,0.8,81.2,134.5,1.6,1.01,0.0,0.0,0.466,0.328,0.288,0.36,0.348,0.663,0.739,0.447,0.762,0.72,0.838,-0.092,0.628,0.355,0.608,0.823,0.476,0.231,-0.18,0.253,0.786,-0.433,0.285,1.251,0.762,1.944,1.364,-9999.0,-9999.0,-9999.0,-9999.0,-9999.0,0.407,0.907,0.342,0.815,0.802,0.818,0.705,0.802,-0.05,0.14,1.01,0.56,0.52,0.26,,,,,,,,,,,,,,,,,,,,,,,,,,,,,,,,,,,
6-0-0 (2024-04-30),doi.org/10.14281/18241.24,7,2020,2,554,NZL,920,NEW,554070886,554720885,20191111,201907,202002,-3.0,-3.0,-3,4,554010,554020,-4,-3,-4.0,7,4,1,1,-4,-4.0,-4.0,-3,1240,en,-4,-4,1,1.0,0.9460738,0.393631977294229,5542020,1,2,3,4,2,4,2,1,2,1,1,1,2,1,2,2,2,1,2,2,2,2,2,2,2,2,-1,3,-1,4,-1,2,5,2,1,1,4,2,2,4,5,3,4,5,-5,2,3,2,3,3,2,2,1,3,4,4,2,4,2,1,2,3,3,3,-1,3,3,1,4,4,4,3,3,4,4,4,4,3,4,3,3,4,4,4,-4,-4,-4,-4,-4,-4,-4,-4,-4,-4,-4,-4,-4,-4,-4,-4,-4,-4,4,4,3,-4,4,4,3,10,3,3,2,0,0,1,1,1,1,0,0,1,1,0,0,0,0,0,0,0,0,0,0,0,0,0,0,8,2,5,2,4,2,6,3,2,2,2,2,2,4,3,4,2,1,0,1,0,2,1,1,1,1,3,3,3,4,4,4,4,2,2,2,2,3,2,1,4,3,3,1,1,1,-5,-3,-5,-3,-5,-3,3,2,5,2,6,5,1,2,1,2,2,4,4,7,2,1,2,2,-5,10,1,1,1,1,1,10,6,10,10,8,8,5,1,1,3,1,8,1,1,2,3,4,2,2,5,4,4,1,2,1,4,3,2,3,3,3,2,2,3,1,2,2,2,3,1,1,554001,554001,554001,1,4,3,4,4,1,4,4,2,1,1,4,4,4,4,1,4,8,6,1,10,5,5,8,1,3,8,10,6,2,1,2,3,3,3,4,1,Male,1960s,56,55-64 years,3,I am born in this country,Not an immigrant,1,Not an immigrant,1,Oceania,NZ,Oceania,NZ,Oceania,NZ,yes,4,not live with parents,1240,Married,2 children,5,554005,Higher,6,554006,Higher,3,554004,Middle,4,554003,Middle,Unemployed,Unemployed,White Collar,Professional/Managerial,Blue Collar,Private business or industry,No,Spent savings and borrowed money,Lower middle class,2,Low,Other Christian,80000000,-4,-4,-4,-4,-4,-4,-4,-4,-4,-4,-4,-4,-4,-4,-4,-4,-4,-4,-4,-4,-4,-4,-4,-4,-4,-4,-4,-4,-4,-4,-4,-4,-4,-4,-4,-4,-4,-2,-5,2,0.486565,0.8708,0.5,0.33,,0.50626,1.0,1.0,1.0,1.0,0.0,0.0,0.0,0.0,0.0,0.66,0.66,0.44,1.0,1.0,1.0,1.0,1.0,,1.0,0.9,1.0,1.0,1.0,1.0,,,,,0.915,0.83,2.0,3.0,97.0,1.0,40.0,1.0,57.0,10.0,0.0,10.0,141.0,5.0,0.83,87.0,75.5644,-9999.0,-9999.0,-9999.0,-9999.0,-9999.0,-9999.0,-9999.0,-9999.0,-9999.0,-9999.0,-9999.0,-9999.0,7.0,4.0,263310.0,43952.55,42887.52,-9999.0,-9999.0,3329800.0,3857700.0,4917000.0,81.86,1.56,86.62,2764798.0,6.86,4.45,3.72,4.07,100.0,100.0,80.08,34381.79,7.33,1.0,1.16,-9999.0,9.17,6.3,38.0,12.7,0.923,10.0,0.133,0.963,40.83,0.921,0.885,9.1,0.956,0.7,0.0,90.8,134.9,3.2,1.0,1.0,1.0,0.873,0.815,0.668,0.714,0.762,0.955,0.886,0.95,0.97,0.848,0.827,2.457,2.556,2.677,2.512,2.201,1.985,2.847,2.124,2.001,2.677,1.47,1.819,1.806,2.961,1.604,1.52,-9999.0,-9999.0,-9999.0,-9999.0,-9999.0,1.959,1.992,0.024,0.953,0.936,1.0,0.988,0.93,1.54,1.41,1.66,1.88,1.88,2.17,,,,,,,,,,,,,,,,,,,,,,,,,,,,,,,,,,,
6-0-0 (2024-04-30),doi.org/10.14281/18241.24,7,2020,2,124,CAN,20,CAN,124073368,124722505,20201011,202010,202010,-4.0,1.0,-4,3,124002,124009,-4,-3,-4.0,7,4,3,1,-4,-4.0,-4.0,-3,1240,en,-4,-4,-4,0.834005415,0.24888,0.800197710303634,1242020,1,2,1,3,2,3,1,2,1,1,2,2,1,2,2,1,2,1,2,1,1,2,2,1,2,2,2,3,4,4,4,2,5,2,1,1,4,2,2,4,2,1,2,4,2,3,1,2,1,2,8,9,8,4,4,4,4,4,1,1,1,2,2,2,2,2,3,3,3,3,3,1,2,2,3,2,2,2,3,3,2,2,2,2,3,-4,-4,-4,-4,-4,3,-4,-4,-4,-4,-4,-4,-4,-4,-4,-4,-4,2,2,2,2,2,2,2,2,-1,-1,2,0,0,1,1,0,0,0,0,0,0,0,0,0,0,0,0,0,0,0,0,0,0,0,0,8,4,8,3,2,1,6,2,3,2,2,2,2,3,4,2,0,0,2,2,0,2,1,2,3,1,2,2,3,2,1,2,2,1,1,2,3,4,2,2,3,3,4,1,1,2,4,1,1,3,1,4,9,8,2,3,3,9,3,2,1,2,2,4,4,6,6,3,2,2,1,4,1,4,2,2,2,9,1,5,8,8,3,6,1,1,1,1,3,1,7,1,3,3,3,3,1,2,2,4,3,2,5,1,1,3,2,3,1,2,2,1,2,2,2,2,1,1,124001,124001,124001,1,3,3,2,2,2,3,3,1,2,1,3,3,3,4,1,4,7,4,1,10,4,6,8,4,6,10,10,9,9,1,1,1,1,1,2,2,Female,1970s,44,35-44 years,2,I am born in this country,Not an immigrant,1,Not an immigrant,1,North America,CA,North America,CA,North America,CA,yes,4,not live with parents,1240,Married,2 children,4,-4,Middle,5,-4,Higher,4,-4,Middle,6,-4,Higher,Full time (30 hours a week or more),Full time (30 hours a week or more),White Collar,Blue Collar,professional or managerial,Private business or industry,No,Save money,Upper middle class,7,Medium,No religion,100000020,124001,-4,-4,-4,-4,-4,-4,-4,-4,-4,-4,-4,-4,-4,-4,-4,-4,-4,-4,-4,-4,-4,-4,-4,-4,-4,-4,-4,-4,-4,-4,-4,-4,-4,-4,-4,-4,0,1,0,0.609444,0.557926,0.5,0.0,0.33,0.276667,0.66,1.0,0.833333,0.831111,1.0,1.0,1.0,1.0,0.66,0.0,0.33,0.33,0.0,0.0,1.0,0.333333,1.0,1.0,1.0,1.0,0.888889,0.444444,0.777778,0.703704,0.0,0.0,0.0,0.0,1.0,1.0,1.0,3.0,98.0,1.0,40.0,1.0,58.0,10.0,0.0,10.0,130.0,5.0,0.81,77.0,75.0691,-9999.0,-9999.0,-9999.0,-9999.0,-9999.0,-9999.0,-9999.0,-9999.0,-9999.0,-9999.0,-9999.0,-9999.0,3.0,4.0,9093510.0,51341.71,49031.38,33.8,25.3,27691138.0,30685730.0,37589262.0,81.95,1.42,81.48,20583847.0,7.7,5.26,5.84,5.56,100.0,100.0,63.01,544894.2,15.09,23.0,1.25,64.98,10.57,-9999.0,41.1,13.3,0.891,10.0,0.083,0.989,28.99,0.922,0.918,8.5,0.959,1.8,0.1,91.0,89.2,6.6,1.0,1.0,0.0,0.866,0.776,0.619,0.791,0.776,0.954,0.878,0.947,0.953,0.961,0.924,2.402,2.4,2.352,2.306,2.315,1.267,2.841,1.608,1.625,2.936,1.499,1.682,2.054,3.167,2.297,2.218,2.799,1.597,2.666,3.07,2.314,1.781,2.459,0.038,0.926,0.907,0.999,0.968,0.896,1.43,1.02,1.72,1.71,1.75,1.76,,,,,,,,,,,,,,,,,,,,,,,,,,,,,,,,,,,
6-0-0 (2024-04-30),doi.org/10.14281/18241.24,7,2020,2,124,CAN,20,CAN,124070356,124720291,20201006,202010,202010,-4.0,7.11,-4,3,124007,124005,-4,-3,-4.0,7,4,2,1,-4,-4.0,-4.0,-3,1240,en,-4,-4,-4,1.335894823,0.24888,0.800197710303634,1242020,1,1,1,1,4,4,1,1,2,2,2,1,1,1,2,2,2,1,2,2,2,2,2,1,2,2,3,2,4,3,4,2,5,2,3,3,5,2,1,5,3,3,3,5,3,1,1,1,2,2,8,7,8,4,4,4,4,4,1,1,1,1,1,2,1,1,3,2,2,3,3,2,2,3,3,2,3,1,1,3,3,3,3,2,2,-4,-4,-4,-4,-4,2,-4,-4,-4,-4,-4,-4,-4,-4,-4,-4,-4,3,2,3,3,3,3,3,1,3,-1,2,0,0,0,0,0,0,0,0,0,0,0,0,0,0,0,0,0,0,0,0,0,0,0,0,1,6,2,2,1,1,8,3,3,2,2,2,2,2,8,5,2,2,0,2,0,2,1,0,3,2,2,4,3,2,3,3,3,2,2,2,4,4,2,2,4,2,4,2,2,2,1,2,1,3,4,1,8,9,1,2,3,8,1,2,1,2,2,4,3,7,8,4,2,1,1,2,1,1,1,1,1,10,1,8,10,10,1,8,1,1,1,1,5,1,1,3,4,4,2,1,5,1,1,2,1,1,1,1,1,2,2,2,2,2,1,1,1,1,2,3,1,1,124001,124001,124001,1,4,3,3,3,2,1,3,3,2,1,3,4,2,4,1,4,1,10,1,10,10,1,10,1,8,10,10,9,6,2,1,1,1,1,2,3,Female,1950s,63,55-64 years,3,I am born in this country,Not an immigrant,1,Not an immigrant,1,North America,CA,North America,CA,North America,CA,yes,2,not live with parents,1240,Married,No children,6,-4,Higher,6,-4,Higher,0,-4,Lower,0,-4,Lower,Retired/pensioned,Full time (30 hours a week or more),White Collar,Blue Collar,Blue Collar,Private business or industry,No,Save money,Lower middle class,6,Medium,No religion,100000020,124001,-4,-4,-4,-4,-4,-4,-4,-4,-4,-4,-4,-4,-4,-4,-4,-4,-4,-4,-4,-4,-4,-4,-4,-4,-4,-4,-4,-4,-4,-4,-4,-4,-4,-4,-4,-4,0,1,2,0.3875,0.594428,0.0,0.0,0.66,0.22,1.0,1.0,1.0,1.0,0.0,0.0,0.0,0.0,0.33,0.33,0.33,0.33,1.0,0.0,1.0,0.666667,1.0,1.0,0.66,0.886667,1.0,0.777778,1.0,0.925926,0.0,0.0,0.0,0.0,1.0,1.0,1.0,3.0,98.0,1.0,40.0,1.0,58.0,10.0,0.0,10.0,130.0,5.0,0.81,77.0,75.0691,-9999.0,-9999.0,-9999.0,-9999.0,-9999.0,-9999.0,-9999.0,-9999.0,-9999.0,-9999.0,-9999.0,-9999.0,3.0,4.0,9093510.0,51341.71,49031.38,33.8,25.3,27691138.0,30685730.0,37589262.0,81.95,1.42,81.48,20583847.0,7.7,5.26,5.84,5.56,100.0,100.0,63.01,544894.2,15.09,23.0,1.25,64.98,10.57,-9999.0,41.1,13.3,0.891,10.0,0.083,0.989,28.99,0.922,0.918,8.5,0.959,1.8,0.1,91.0,89.2,6.6,1.0,1.0,0.0,0.866,0.776,0.619,0.791,0.776,0.954,0.878,0.947,0.953,0.961,0.924,2.402,2.4,2.352,2.306,2.315,1.267,2.841,1.608,1.625,2.936,1.499,1.682,2.054,3.167,2.297,2.218,2.799,1.597,2.666,3.07,2.314,1.781,2.459,0.038,0.926,0.907,0.999,0.968,0.896,1.43,1.02,1.72,1.71,1.75,1.76,,,,,,,,,,,,,,,,,,,,,,,,,,,,,,,,,,,
6-0-0 (2024-04-30),doi.org/10.14281/18241.24,7,2021,2,504,MAR,600,MOR,504070736,504720736,20211112,202111,202112,13.1,14.05,55,2,504003,504013,-4,-3,504021.0,8,5,2,1,21,-4.99,34.05,-4,170,ar,2,1,-4,1.0,0.8333333,2.26004875,5042021,1,3,3,3,1,1,1,1,2,2,2,1,2,1,1,2,2,1,2,2,2,1,2,1,1,2,2,2,3,3,3,3,2,1,2,1,3,3,-4,2,2,2,2,2,1,1,1,3,2,2,9,8,8,4,4,4,4,4,1,2,1,3,3,3,3,3,3,3,3,3,3,3,3,3,3,3,3,3,3,3,3,3,3,3,3,-4,-4,3,-4,-4,-4,-4,-4,3,3,-4,-4,-4,-4,-4,-4,-4,3,3,3,3,3,3,3,4,2,2,2,0,0,0,0,0,0,0,0,0,0,0,0,0,0,0,0,0,0,0,0,0,0,0,0,10,8,4,5,5,1,8,3,3,3,3,3,1,2,9,3,0,2,2,2,2,2,2,2,3,2,3,4,3,3,4,2,2,1,1,2,2,2,2,1,2,2,2,2,2,1,1,2,2,3,1,4,9,9,8,8,1,8,10,1,1,1,1,2,2,6,3,2,2,2,2,3,1,1,1,1,1,1,1,1,8,1,1,1,1,3,1,1,1,1,1,3,4,2,3,2,4,2,3,5,5,3,1,1,3,3,3,3,3,3,3,3,3,3,3,3,3,3,4,4,4,2,2,3,1,2,2,1,3,4,3,2,5,2,1,3,3,3,8,3,1,3,6,2,6,6,6,6,8,4,3,3,1,1,1,1,1,1,Female,1990s,30,25-34 years,2,I am born in this country,Not an immigrant,1,Not an immigrant,1,North Africa,MA,North Africa,MA,North Africa,MA,yes,2,not live with parents,170,Married,No children,5,-4,Higher,6,-4,Higher,1,-4,Lower,0,-4,Lower,Part time (less than 30 hours a week),Part time (less than 30 hours a week),Professional/Managerial,Professional/Managerial,Blue Collar,Government or public institution,No,Save money,Lower middle class,6,Medium,Muslim,50000000,504005,4,4,2,3,3,4,1,4,2,2,3,4,2,4,4,2,4,3,4,4,2,4,3,2,4,4,2,4,4,4,2,4,4,0,1,1,1,2,1,0.428611,0.444815,1.0,0.0,0.33,0.443333,0.0,1.0,0.833333,0.611111,0.0,0.0,0.0,0.0,0.66,0.66,0.66,0.66,1.0,0.0,1.0,0.666667,0.25,0.66,0.66,0.523333,0.0,0.0,0.777778,0.259259,0.66,0.0,0.33,0.33,1.0,1.0,5.0,2.0,37.0,5.0,13.0,5.0,24.0,1.0,5.0,-4.0,53.0,2.0,0.5,41.0,57.0663,4.0,4.61,3.8,6.8,3.0,3.3,2.0,4.0,5.43,4.28,4.73,5.0,4.0,2.0,446300.0,7826.17,7514.72,39.5,31.9,24807462.0,28793679.0,36471769.0,76.45,1.22,62.99,12067484.0,5.06,10.41,8.57,9.02,96.75,100.0,14.31,61275.57,1.74,53.0,3.1,87.46,5.25,-9999.0,29.5,5.5,0.547,9.0,0.492,0.833,20.51,0.676,0.652,28.3,0.869,2.1,3.9,64.8,124.2,-1.4,0.94,3.0,0.21,0.29,0.256,0.215,0.281,0.224,0.584,0.646,0.623,0.68,0.711,0.481,-0.999,-0.524,0.941,0.299,1.475,1.196,0.67,-0.888,-1.568,-0.076,0.684,0.421,-0.295,0.116,-0.34,-0.158,0.463,1.085,0.553,1.307,0.369,-0.273,0.052,0.499,0.717,0.653,0.835,0.699,0.851,-0.63,-0.34,-0.2,-0.14,-0.25,-0.34,,,None,,,,,,,,,,,,,,,,,,,,,,,,,,,,,,,,
6-0-0 (2024-04-30),doi.org/10.14281/18241.24,7,2020,2,554,NZL,920,NEW,554070631,554720630,20190828,201907,202002,-3.0,-3.0,-3,4,554001,554002,-4,-3,-4.0,8,5,1,1,-4,-4.0,-4.0,-3,1240,en,-4,-4,1,1.0,0.9460738,0.393631977294229,5542020,1,3,1,2,2,4,1,2,1,1,1,1,2,2,2,2,2,1,2,2,2,2,2,1,2,2,2,3,4,4,4,2,5,2,2,1,4,2,2,4,4,3,2,4,2,1,1,1,2,2,6,8,8,4,4,3,4,4,3,2,2,2,2,2,2,2,4,2,3,3,3,3,3,3,3,3,3,2,3,4,4,3,3,3,-4,-4,-4,-4,-4,-4,-4,-4,-4,-4,-4,-4,-4,-4,-4,-4,-4,-4,3,3,3,-4,3,3,3,6,2,3,2,0,0,2,1,0,0,0,0,0,0,0,0,1,1,1,1,0,0,0,0,2,1,0,0,8,7,7,4,4,1,3,2,2,2,2,2,2,1,2,3,1,1,2,1,1,1,2,2,2,2,-1,4,4,4,4,4,4,1,2,2,2,1,2,2,4,4,4,2,2,1,1,3,3,2,1,2,7,7,1,1,3,8,1,2,2,2,2,4,4,7,8,4,2,2,2,4,2,8,2,3,1,10,5,10,10,10,5,10,1,2,2,1,10,1,7,2,2,3,2,1,1,1,1,1,2,1,1,2,1,2,2,2,1,2,1,1,1,1,1,2,1,1,554005,554005,554005,1,4,3,3,2,1,3,4,1,1,1,3,4,2,3,2,4,-1,7,1,10,2,5,7,3,9,10,10,7,6,2,1,2,2,1,3,1,Female,1980s,34,25-34 years,2,I am born in this country,Not an immigrant,1,Not an immigrant,1,Oceania,NZ,Oceania,NZ,Oceania,NZ,yes,3,not live with parents,1240,Living together as married,1 child,7,554006,Higher,5,554006,Higher,5,554005,Higher,5,554005,Higher,Full time (30 hours a week or more),Full time (30 hours a week or more),Professional/Managerial,Blue Collar,Blue Collar,Private business or industry,No,Save money,Upper middle class,9,High,Roman Catholic,10100000,-4,-4,-4,-4,-4,-4,-4,-4,-4,-4,-4,-4,-4,-4,-4,-4,-4,-4,-4,-4,-4,-4,-4,-4,-4,-4,-4,-4,-4,-4,-4,-4,-4,-4,-4,-4,-4,3,2,0,0.581667,0.770417,0.0,0.0,0.33,0.11,1.0,1.0,1.0,1.0,1.0,1.0,0.0,0.666667,0.33,0.66,0.66,0.55,0.0,1.0,1.0,0.666667,1.0,1.0,1.0,1.0,1.0,1.0,1.0,1.0,0.33,0.5,0.415,0.415,1.0,1.0,2.0,3.0,97.0,1.0,40.0,1.0,57.0,10.0,0.0,10.0,141.0,5.0,0.83,87.0,75.5644,-9999.0,-9999.0,-9999.0,-9999.0,-9999.0,-9999.0,-9999.0,-9999.0,-9999.0,-9999.0,-9999.0,-9999.0,7.0,4.0,263310.0,43952.55,42887.52,-9999.0,-9999.0,3329800.0,3857700.0,4917000.0,81.86,1.56,86.62,2764798.0,6.86,4.45,3.72,4.07,100.0,100.0,80.08,34381.79,7.33,1.0,1.16,-9999.0,9.17,6.3,38.0,12.7,0.923,10.0,0.133,0.963,40.83,0.921,0.885,9.1,0.956,0.7,0.0,90.8,134.9,3.2,1.0,1.0,1.0,0.873,0.815,0.668,0.714,0.762,0.955,0.886,0.95,0.97,0.848,0.827,2.457,2.556,2.677,2.512,2.201,1.985,2.847,2.124,2.001,2.677,1.47,1.819,1.806,2.961,1.604,1.52,-9999.0,-9999.0,-9999.0,-9999.0,-9999.0,1.959,1.992,0.024,0.953,0.936,1.0,0.988,0.93,1.54,1.41,1.66,1.88,1.88,2.17,,,,,,,,,,,,,,,,,,,,,,,,,,,,,,,,,,,
6-0-0 (2024-04-30),doi.org/10.14281/18241.24,7,2017,2,840,USA,2,USA,840071467,840722088,20170503,201704,201705,18.13,18.32,-5,3,840023,840223,-4,-3,840211.0,5,3,4,1,-4,-94.05,45.41,-3,1240,en,1,1,-4,0.279250181,0.385208,10.6132138674884,8402017,1,1,1,3,2,4,1,2,1,1,2,1,2,1,2,2,2,1,2,2,1,2,2,1,2,2,1,4,3,1,1,1,3,3,2,1,4,2,1,5,1,1,1,5,1,1,1,1,2,1,10,8,8,1,4,4,4,4,1,2,1,2,2,3,2,3,4,1,4,3,4,1,1,1,1,1,2,4,1,4,4,4,4,2,4,-4,-4,-4,-4,-4,-4,-4,-4,-4,-4,-4,4,-4,-4,-4,-4,-4,3,3,3,1,2,2,2,6,3,3,2,0,0,1,1,0,0,0,0,2,1,0,0,-2,-2,0,0,0,0,0,0,0,0,0,0,5,5,9,1,6,2,7,3,3,3,3,3,1,3,8,5,2,2,2,2,2,0,0,0,3,4,2,2,3,3,2,2,2,1,1,2,2,2,2,2,2,1,1,1,2,1,2,3,1,2,4,1,10,10,1,1,7,9,7,2,2,2,2,4,4,7,8,4,2,2,2,7,7,1,1,1,1,9,6,5,5,10,5,10,1,5,5,1,10,1,10,1,4,4,2,3,2,1,1,1,1,1,1,1,1,3,3,3,3,2,-4,1,-2,1,1,1,1,1,840001,840001,840001,3,1,1,1,4,4,1,1,1,1,1,-4,1,1,2,2,4,8,5,1,10,1,7,8,7,7,8,10,7,6,2,2,2,3,2,2,2,Male,1980s,32,25-34 years,2,I am born in this country,Not an immigrant,1,Not an immigrant,1,North America,US,North America,US,North America,US,yes,4,not live with parents,1240,Living together as married,1 child,4,840004,Middle,4,840004,Middle,5,840005,Higher,6,840006,Higher,Full time (30 hours a week or more),Full time (30 hours a week or more),White Collar,Professional/Managerial,professional or managerial,Private business or industry,No,Save money,Upper middle class,7,Medium,No religion,100000020,840001,-4,-4,-4,-4,-4,-4,-4,-4,-4,-4,-4,-4,-4,-4,-4,-4,-4,-4,-4,-4,-4,-4,-4,-4,-4,-4,-4,-4,-4,-4,-4,-4,-4,-4,-4,-4,2,2,1,0.2775,0.431898,0.0,0.33,0.0,0.11,1.0,1.0,1.0,1.0,0.0,0.0,0.0,0.0,0.0,0.0,0.0,0.0,0.0,0.0,1.0,0.333333,0.5,0.66,0.0,0.386667,0.888889,0.444444,0.444444,0.592593,0.33,0.5,0.415,0.415,1.0,1.0,1.0,3.0,86.0,2.0,33.0,1.0,53.0,8.0,0.0,8.0,209.0,4.0,0.72,69.0,61.0147,-9999.0,-9999.0,-9999.0,-9999.0,-9999.0,-9999.0,-9999.0,-9999.0,-9999.0,-9999.0,-9999.0,-9999.0,3.0,4.0,9147420.0,65280.68,62682.8,41.4,30.6,249623000.0,282162411.0,328239523.0,78.54,0.47,82.46,165890069.0,8.6,3.62,3.74,3.68,100.0,100.0,13.23,5006302.08,15.5,6.0,3.16,-9999.0,17.06,5.0,38.3,13.4,0.899,12.0,0.182,0.991,23.43,0.92,0.956,12.8,0.905,5.3,0.3,87.3,117.5,2.9,0.99,0.0,0.0,0.798,0.7,0.566,0.568,0.578,0.89,0.933,0.856,0.933,0.986,0.566,2.024,1.677,2.556,2.119,1.347,0.338,2.768,1.814,1.673,1.615,0.722,1.057,0.581,1.757,0.407,0.159,0.62,1.475,2.206,1.977,1.283,-9999.0,-9999.0,0.119,0.895,0.897,0.974,0.948,0.93,0.9,0.13,1.48,1.34,1.45,1.21,,,,,,,,,,,,,,,,,,,,,,,,,,,,,,,,,,,
6-0-0 (2024-04-30),doi.org/10.14281/18241.24,7,2018,2,360,IDN,850,INS,360072141,360722141,20180603,201806,201808,-4.0,-4.0,-4,1,360001,360021,-4,-3,-4.0,2,1,5,2,216,112.28,-7.77,-4,1890,id,2,2,-4,0.764641269,0.3125,6.3753281875,3602018,1,2,3,3,1,1,1,1,2,1,2,2,2,2,1,1,2,1,2,1,2,1,2,1,1,2,1,4,3,3,3,4,4,2,2,1,4,2,5,3,4,2,4,2,2,1,1,2,1,1,1,10,10,4,4,4,4,4,1,2,1,1,1,3,2,4,1,1,2,3,4,4,2,2,3,4,4,2,3,3,3,3,4,2,1,-4,-4,-4,1,-4,-4,-4,-4,-4,-4,-4,-4,-4,-4,-4,-4,-4,1,2,2,3,3,1,3,10,3,3,2,2,1,0,0,0,0,0,0,0,0,0,0,0,0,0,0,0,0,0,0,-5,-5,0,0,1,10,1,1,1,1,10,2,3,4,4,2,1,3,10,1,0,2,0,2,2,0,0,2,4,2,4,4,4,3,4,4,4,1,1,2,2,2,2,2,3,2,3,1,2,1,4,2,4,3,1,4,10,10,1,1,1,10,10,1,1,1,1,4,4,4,1,1,1,1,1,10,1,1,1,1,1,1,1,1,1,1,1,1,1,1,10,1,1,1,10,4,3,4,3,3,5,1,1,1,5,5,5,1,3,3,3,3,3,3,3,3,-5,-5,-5,-5,1,1,360007,360007,360007,3,3,2,2,3,2,3,3,4,3,1,1,4,2,1,1,4,1,10,1,10,10,10,10,10,1,10,10,10,1,4,1,3,4,2,4,4,Male,1960s,52,45-54 years,3,I am born in this country,Not an immigrant,1,Not an immigrant,1,Southeast Asia,ID,Southeast Asia,ID,Southeast Asia,ID,yes,3,not live with parents,2030,Married,2 children,2,360013,Lower,2,360013,Lower,1,360012,Lower,1,360012,Lower,Full time (30 hours a week or more),Housewife not otherwise employed,White Collar,Not employed,Agriculture,Private business or industry,Yes,Just get by,Working class,1,Low,Muslim,50000000,360004,-4,-4,-4,-4,-4,-4,-4,-4,-4,-4,-4,-4,-4,-4,-4,-4,-4,-4,-4,-4,-4,-4,-4,-4,-4,-4,-4,-4,-4,-4,-4,-4,-4,-4,-4,-4,1,2,0,0.194167,0.421667,0.5,0.0,0.0,0.166667,0.0,0.0,0.5,0.166667,0.0,0.0,0.0,0.0,0.0,1.0,0.33,0.443333,1.0,0.0,1.0,0.666667,0.75,0.66,0.66,0.69,0.0,0.0,0.0,0.0,0.66,0.0,0.33,0.33,1.0,1.0,2.0,2.0,61.0,2.0,30.0,4.0,31.0,9.0,0.0,9.0,19.0,4.0,0.53,40.0,56.7099,7.0,6.25,6.5,6.5,7.0,6.3,6.0,6.8,6.0,5.45,6.07,2.0,7.0,3.0,1811570.0,12301.75,11812.2,39.0,29.5,181413402.0,211513823.0,270625568.0,71.51,1.1,55.99,134776525.0,6.47,4.51,4.8,4.69,58.37,98.51,10.65,563324.54,2.15,73.0,0.72,37.3,2.99,3.6,29.7,8.0,0.625,9.0,0.451,0.937,17.39,0.707,0.714,17.4,0.792,0.4,6.7,39.8,119.8,-0.4,0.97,8.0,5.62,0.636,0.494,0.415,0.578,0.393,0.814,0.76,0.758,0.775,0.822,0.457,-0.766,-0.553,1.219,1.569,0.129,-0.757,1.217,-0.353,-0.249,0.953,-0.328,0.831,0.395,1.488,-0.805,-0.492,-9999.0,-9999.0,-9999.0,-9999.0,-9999.0,1.31,1.27,0.726,0.737,0.645,0.931,0.645,0.7,0.13,-0.49,0.17,0.04,-0.32,-0.45,,,,,,,,,,,,,,,,,,,,,,,,,,,,,,,,,,,
6-0-0 (2024-04-30),doi.org/10.14281/18241.24,7,2022,2,528,NLD,210,NTH,528071140,528721140,20220117,202201,202201,-3.0,-3.0,-3,3,528010,528003,5280301,52803,-4.0,5,3,4,1,-4,-4.0,-4.0,-3,1190,nl,-4,-4,-4,1.0,0.4662005,0.689439067599068,5282022,2,2,1,4,1,4,1,1,2,1,2,1,1,2,2,2,2,-5,-5,-5,-5,-5,-5,-5,-5,-5,4,4,4,4,-1,3,5,2,5,2,5,2,1,5,5,4,3,5,2,2,1,2,2,2,9,8,9,4,4,4,4,4,1,1,1,1,1,2,2,2,4,2,2,3,2,2,1,2,2,1,3,1,2,2,2,2,2,2,2,-4,-4,-4,-4,-4,-4,-4,2,-4,-4,-4,-4,-4,-4,-4,-4,-4,2,2,2,2,2,2,2,6,-1,3,2,0,0,0,0,0,0,0,0,0,0,0,0,0,0,0,0,0,0,0,0,0,0,0,0,2,5,3,5,6,1,2,2,2,2,1,1,1,4,4,3,2,2,-1,2,0,2,0,0,-1,2,3,3,4,3,4,4,4,1,1,2,4,4,2,2,4,3,4,2,2,2,3,4,4,1,4,1,10,10,1,1,1,9,1,2,2,2,2,4,4,7,8,4,2,1,1,7,1,1,1,1,1,10,6,10,10,10,5,10,1,1,1,1,10,1,1,2,4,4,3,2,5,4,2,1,2,1,1,2,1,1,3,3,1,2,2,1,2,1,3,3,1,1,528004,528004,528004,1,4,4,4,1,1,4,4,1,1,1,3,4,2,4,1,4,6,2,1,10,8,1,10,6,1,10,10,8,7,1,2,2,2,2,2,3,Female,1970s,52,45-54 years,3,I am born in this country,Not an immigrant,1,Not an immigrant,1,Western Europe,NL,Western Europe,NL,Western Europe,NL,yes,4,not live with parents,1190,Married,2 children,7,528109,Higher,7,528107,Higher,2,528102,Lower,4,528104,Middle,Part time (less than 30 hours a week),Full time (30 hours a week or more),Professional/Managerial,Professional/Managerial,Blue Collar,Private non-profit organization,No,Save money,Upper middle class,10,High,No religion,100000020,528001,-4,-4,-4,-4,-4,-4,-4,-4,-4,-4,-4,-4,-4,-4,-4,-4,-4,-4,-4,-4,-4,-4,-4,-4,-4,-4,-4,-4,-4,-4,-4,-4,-4,-4,-4,-4,2,2,1,0.4575,0.874167,0.5,0.33,1.0,0.61,1.0,1.0,1.0,1.0,0.0,0.0,0.0,0.0,0.33,0.33,0.0,0.22,1.0,0.0,1.0,0.666667,1.0,1.0,1.0,1.0,1.0,1.0,1.0,1.0,0.66,1.0,0.83,0.83,1.0,1.0,4.0,3.0,99.0,1.0,40.0,1.0,59.0,10.0,0.0,10.0,73.0,5.0,0.84,82.0,80.2805,-9999.0,-9999.0,-9999.0,-9999.0,-9999.0,-9999.0,-9999.0,-9999.0,-9999.0,-9999.0,-9999.0,-9999.0,6.0,4.0,33690.0,59686.83,57141.37,28.5,23.0,14951510.0,15925513.0,17332850.0,81.81,0.59,91.88,9275661.0,8.9,3.36,3.05,3.2,100.0,100.0,12.44,170779.52,10.03,42.0,1.24,154.32,10.1,5.4,43.3,12.2,0.906,13.0,0.041,0.967,31.33,0.934,0.939,6.7,0.956,0.8,0.0,94.7,120.6,0.9,1.0,1.0,1.0,0.83,0.784,0.568,0.77,0.709,0.932,0.87,0.961,0.969,0.888,0.923,2.693,2.437,2.473,3.115,1.949,2.029,2.155,2.065,0.839,2.127,1.407,1.881,1.85,2.198,1.425,2.697,2.575,2.738,2.79,2.542,2.911,1.995,2.01,0.022,0.92,0.948,0.996,0.984,0.946,1.49,0.85,1.8,1.86,1.77,1.9,,,,,,,,,,,,,,,,,,,,,,,,,,,,,,,,,,,
6-0-0 (2024-04-30),doi.org/10.14281/18241.24,7,2022,2,203,CZE,316,CZR,203070537,203720537,20220407,202202,202205,9.43,10.38,55,1,203031,203006,2030003,20300,203013.0,6,3,2,1,34,14.48,48.98,4018,1040,cs,1,1,1,0.87770166,0.8333333,0.7357265,2032022,1,1,2,4,2,4,2,2,2,2,1,2,2,1,2,2,2,1,2,2,2,1,2,1,2,2,3,3,2,3,3,3,3,3,2,1,4,2,3,4,3,2,3,3,3,2,1,2,2,2,10,9,7,4,4,4,4,4,1,1,1,2,2,2,2,2,2,3,2,2,3,2,2,2,3,2,2,2,2,2,2,3,2,2,2,-4,-4,-4,-4,-4,-4,-4,2,-4,-4,-4,-4,-4,-4,-4,-4,-4,2,2,2,2,2,2,2,6,3,1,2,0,0,1,1,0,0,0,0,1,1,0,0,0,0,0,0,0,0,0,0,0,0,0,0,8,3,8,3,6,2,6,1,2,2,3,2,1,2,-1,3,1,1,1,2,1,2,1,2,3,1,3,4,4,4,4,4,4,1,1,2,3,3,2,2,4,3,4,1,2,-1,2,1,3,2,1,4,10,9,1,1,7,10,1,2,2,2,2,3,3,7,8,4,3,1,-1,8,1,3,1,1,1,6,6,8,10,10,1,7,1,3,1,1,6,1,6,3,4,4,2,2,5,2,5,1,5,1,1,2,2,-1,2,-1,1,1,1,1,1,2,2,-1,1,2,203001,203001,203001,1,-1,-1,-1,-1,1,-1,-1,2,3,1,4,3,2,3,1,3,1,1,1,10,10,1,-1,1,1,10,10,10,5,2,2,2,2,3,3,4,Female,1980s,39,35-44 years,2,I am born in this country,Not an immigrant,1,Not an immigrant,1,Eastern Europe,CZ,Eastern Europe,CZ,Eastern Europe,CZ,yes,3,not live with parents,1040,Married,1 child,7,203108,Higher,6,203107,Higher,3,203104,Middle,4,203105,Middle,Part time (less than 30 hours a week),Full time (30 hours a week or more),White Collar,White Collar,Blue Collar,Government or public institution,No,Just get by,Lower middle class,5,Medium,No religion,100000020,203003,-4,-4,-4,-4,-4,-4,-4,-4,-4,-4,-4,-4,-4,-4,-4,-4,-4,-4,-4,-4,-4,-4,-4,-4,-4,-4,-4,-4,-4,-4,-4,-4,-4,-4,-4,-4,1,2,1,0.5675,0.526528,0.5,0.33,0.66,0.496667,1.0,1.0,1.0,1.0,1.0,0.0,0.0,0.333333,0.66,0.33,0.33,0.44,0.0,1.0,1.0,0.666667,0.5,0.33,0.66,0.496667,0.555556,0.777778,1.0,0.777778,0.33,0.0,0.165,0.165,1.0,1.0,4.0,3.0,91.0,1.0,36.0,1.0,55.0,9.0,0.0,9.0,25.0,4.0,0.73,56.0,75.7754,1.0,9.52,9.4,10.0,10.0,9.3,9.0,8.8,9.64,7.03,8.77,1.0,6.0,4.0,77220.0,42575.61,40314.23,24.9,22.1,10333355.0,10255063.0,10669709.0,79.03,0.37,73.92,5445535.0,10.6,2.38,1.57,1.93,97.13,100.0,11.4,102217.63,9.67,41.0,1.12,144.88,7.23,5.8,43.2,12.7,0.892,9.0,0.137,0.983,22.5,0.891,0.869,4.5,0.911,0.6,1.2,80.7,119.2,2.1,1.01,0.0,0.0,0.796,0.697,0.554,0.612,0.697,0.891,0.873,0.887,0.946,0.849,0.956,0.737,0.574,0.863,1.336,2.729,1.604,1.964,1.117,1.538,1.349,1.454,1.19,1.053,1.617,2.658,3.021,2.28,2.629,2.055,2.767,2.921,2.401,2.04,0.251,0.935,0.942,0.966,0.851,0.945,0.84,0.94,0.95,1.24,1.05,0.56,,,,,,,,,,,,,,,,,,,,,,,,,,,,,,,,,,,
6-0-0 (2024-04-30),doi.org/10.14281/18241.24,7,2020,2,716,ZWE,552,ZIM,716071159,716721159,20200315,202002,202003,13.22,14.43,81,1,716005,716005,-4,-3,715019.0,3,2,3,2,6144,32.39,-17.22,15,3830,sn,1,1,1,1.0,0.8230453,0.778044691358025,7162020,1,1,1,1,1,1,2,1,1,1,2,1,2,2,1,2,2,1,2,2,1,1,2,2,2,2,1,3,3,2,3,2,2,1,2,1,2,1,4,2,2,2,2,2,2,3,1,1,2,4,8,4,2,1,1,1,1,1,2,2,1,2,1,2,2,2,1,1,3,2,2,2,2,2,2,2,2,2,2,2,2,2,2,2,2,2,-4,-4,-4,-4,-4,-4,-4,-4,-4,-4,-4,-4,-4,-4,-4,-4,2,1,2,2,2,2,2,9,1,3,1,1,1,0,0,0,0,0,0,0,0,0,0,0,0,0,0,0,0,0,0,0,0,0,0,4,9,4,6,7,2,9,3,3,3,3,3,3,3,9,5,2,2,2,2,2,2,2,2,4,4,2,2,3,2,2,2,2,2,2,2,2,2,2,2,1,2,2,1,2,1,2,1,4,2,1,4,7,8,6,5,6,7,8,1,1,2,1,2,2,2,3,2,1,2,2,1,9,8,9,10,8,9,10,8,8,8,9,9,8,7,8,8,9,8,6,4,4,2,2,2,5,5,2,1,5,5,5,2,3,2,2,3,2,2,2,2,2,2,2,3,1,1,716027,716027,716027,1,1,1,4,2,2,2,4,2,2,1,5,1,1,1,1,1,5,10,9,9,10,9,9,8,8,7,6,7,8,4,1,3,3,3,4,4,Female,1970s,42,35-44 years,2,I am born in this country,Not an immigrant,1,Not an immigrant,1,Sub-Saharan Africa,ZW,Sub-Saharan Africa,ZW,Sub-Saharan Africa,ZW,yes,4,not live with parents,3830,Married,2 children,2,-4,Lower,3,-4,Middle,0,-4,Lower,0,-4,Lower,Unemployed,Unemployed,Not employed,Not employed,Agriculture,Private business or industry,No,Just get by,Lower class,2,Low,Muslim,50000000,716006,2,4,2,2,2,2,2,4,2,2,2,2,2,4,2,2,2,2,4,4,4,4,4,4,4,4,4,4,4,4,2,4,4,4,3,-3,2,3,0,0.318889,0.598704,0.0,0.0,0.0,0.0,0.0,0.0,0.166667,0.055556,1.0,1.0,1.0,1.0,0.0,0.33,0.33,0.22,1.0,0.0,1.0,0.666667,0.25,0.66,0.33,0.413333,0.888889,0.777778,0.777778,0.814815,1.0,0.0,0.5,0.5,1.0,1.0,6.0,2.0,29.0,5.0,12.0,5.0,17.0,5.0,1.0,4.0,5.0,3.0,0.39,24.0,35.2237,5.0,3.33,3.83,7.0,3.3,2.8,2.5,3.7,2.82,2.37,2.57,5.0,1.0,2.0,386850.0,2953.48,2835.95,44.3,33.8,10432421.0,11881477.0,14645468.0,61.2,1.42,32.21,7039493.0,7.88,5.46,4.43,4.95,29.05,41.04,52.72,10982.67,0.78,140.0,2.17,-9999.0,6.64,7.5,18.7,8.3,0.568,7.0,0.525,0.925,31.85,0.563,0.496,22.7,0.634,6.7,15.6,27.1,89.4,-8.2,0.98,10.0,0.0,0.289,0.175,0.218,0.175,0.134,0.414,0.57,0.172,0.283,0.685,0.261,-1.838,-1.576,-0.391,-1.279,-0.451,-0.115,-0.721,1.45,-0.709,0.034,-0.592,-0.702,-0.327,0.218,-0.544,-0.799,-0.773,-0.115,0.375,1.517,0.15,-1.713,-1.237,0.807,0.674,0.464,0.951,0.187,0.309,-1.16,-0.96,-1.27,-1.47,-1.29,-1.27,,,,,,,,,,,,,,,,,,,,,,,,,,,,,,,,,,,
6-0-0 (2024-04-30),doi.org/10.14281/18241.24,7,2020,2,231,ETH,530,ETH,231071219,231721219,20200319,202002,202003,11.43,12.5,67,2,231001,231001,-4,-3,231056.0,5,3,1,1,111,38.71,9.06,43,140,am,1,1,1,1.0,0.8130081,5.87127796747968,2312020,1,1,2,4,1,1,1,2,2,2,2,1,2,2,1,1,1,1,2,2,2,1,2,1,2,2,1,3,3,3,3,2,4,2,2,1,4,2,5,1,2,2,1,2,2,3,1,2,2,2,10,8,7,4,4,4,4,4,1,2,1,2,2,3,2,4,1,1,2,1,1,2,2,2,2,2,1,1,2,1,1,2,1,1,2,2,-4,-4,-4,-4,-4,-4,-4,-4,-4,-4,-4,-4,-4,-4,-4,-4,2,2,2,2,2,2,2,10,3,-1,2,1,1,0,0,0,0,0,0,0,0,0,0,0,0,0,0,0,0,0,0,0,0,0,0,10,1,1,1,1,2,10,3,3,3,3,2,2,3,10,2,2,2,2,2,2,2,2,2,3,2,2,1,1,2,1,1,2,1,1,2,4,2,2,2,4,3,3,1,2,1,1,2,3,1,4,1,10,10,1,6,1,10,10,1,1,1,1,2,2,2,2,1,1,1,1,5,1,1,1,1,1,1,1,1,1,1,1,1,1,1,1,1,1,1,1,2,2,3,2,2,4,1,1,1,2,1,1,1,2,3,2,3,3,3,3,3,3,3,3,3,3,3,231028,231028,231028,2,3,2,3,2,2,2,3,3,2,1,2,4,4,4,1,4,10,10,10,10,10,10,10,10,10,10,10,7,8,2,1,1,1,1,2,2,Female,1990s,26,25-34 years,1,I am born in this country,Not an immigrant,1,Not an immigrant,1,Sub-Saharan Africa,ET,Sub-Saharan Africa,ET,Sub-Saharan Africa,ET,yes,3,not live with parents,140,Married,1 child,6,-4,Higher,6,-4,Higher,4,-4,Middle,2,-4,Lower,Full time (30 hours a week or more),Full time (30 hours a week or more),Professional/Managerial,Professional/Managerial,White Collar,Private business or industry,No,Save money,Upper middle class,7,Medium,Orthodox,30202009,231999,2,4,2,3,3,2,2,4,3,2,2,3,2,4,2,2,2,2,4,3,3,4,2,3,3,2,2,2,3,4,3,4,4,10,-3,1,0,1,-2,0.110556,0.1725,0.5,0.0,0.0,0.166667,0.0,0.0,0.166667,0.055556,0.0,0.0,0.0,0.0,0.0,0.33,0.33,0.22,0.0,0.0,0.0,0.0,0.75,0.66,0.66,0.69,0.0,0.0,0.0,0.0,0.0,0.0,0.0,0.0,1.0,1.0,6.0,1.0,24.0,6.0,10.0,6.0,14.0,3.0,2.0,1.0,0.0,3.0,0.41,37.0,23.8923,5.0,3.33,3.02,6.0,2.0,2.8,2.0,2.3,3.64,3.65,3.8,5.0,1.0,1.0,1000000.0,2311.7,2219.71,35.0,31.4,47887865.0,66224804.0,112078730.0,66.24,2.58,21.23,53195214.0,6.55,2.76,1.49,2.08,3.51,44.98,99.96,14869.69,0.14,159.0,0.64,28.74,3.5,4.7,19.5,2.8,0.335,8.0,0.508,0.844,38.76,0.47,0.435,27.2,0.711,-9999.0,92.2,18.6,37.2,0.3,0.91,18.0,14.0,0.33,0.176,0.14,0.314,0.199,0.616,0.472,0.239,0.567,0.479,0.525,-0.263,0.61,0.507,0.156,0.562,-0.877,0.223,0.709,-0.636,0.823,-1.119,0.735,0.909,0.313,-0.601,-0.059,-9999.0,-9999.0,-9999.0,-9999.0,-9999.0,0.075,0.071,0.453,0.665,0.438,0.982,0.554,0.759,-1.06,-1.31,-0.62,-0.9,-0.47,-0.41,,,,,,,,,,,,,,,,,,,,,,,,,,,,,,,,,,,
6-0-0 (2024-04-30),doi.org/10.14281/18241.24,7,2018,2,276,DEU,255,GMY,276071114,276721114,20171116,201710,201804,20.07,21.3,83,1,276009,276003,2760023,27609,276023.0,4,2,2,1,-4,-4.0,-4.0,21,1530,de,1,2,-4,1.0,0.6544503,4.70137761780105,2762018,1,2,2,1,1,2,1,2,1,1,1,1,2,2,2,2,2,2,2,2,2,2,2,2,2,2,4,4,4,4,4,-1,5,2,5,2,5,2,-1,5,-1,3,1,4,2,3,1,3,2,3,7,8,5,4,3,4,4,4,1,1,2,2,2,4,2,2,2,2,3,2,2,2,2,2,2,2,2,2,2,3,2,2,2,2,2,-4,-4,-4,-4,-4,-4,-4,2,-4,-4,-4,-4,-4,-4,-4,-4,-4,2,2,2,2,2,2,2,10,-1,-1,2,2,1,2,1,2,1,0,0,0,0,0,0,0,0,0,0,0,0,0,0,0,0,0,0,9,3,8,2,5,1,-1,-1,-1,-1,1,-1,1,4,9,3,2,2,1,2,1,1,0,0,3,2,3,3,4,4,4,3,4,1,1,1,3,-1,2,1,2,1,3,1,1,1,1,2,4,1,1,4,10,10,1,1,1,10,8,1,1,2,1,4,4,4,4,3,1,2,1,10,1,1,1,1,1,10,10,10,10,10,1,10,1,1,1,1,5,1,1,2,2,3,2,2,1,1,1,1,5,1,5,2,1,3,3,3,1,3,2,1,2,3,3,3,1,1,-2,-2,-2,1,4,4,4,2,1,4,4,1,1,1,-4,4,4,4,1,4,-2,10,1,10,10,1,10,3,7,10,10,10,10,2,1,1,1,1,1,3,Female,1970s,45,45-54 years,2,I am born in this country,Not an immigrant,1,Not an immigrant,1,Western Europe,DE,Western Europe,DE,Western Europe,DE,yes,2,not live with parents,1530,Married,No children,3,-4,Middle,3,-4,Middle,2,-4,Lower,3,-4,Middle,Full time (30 hours a week or more),Full time (30 hours a week or more),White Collar,White Collar,Blue Collar,Private business or industry,No,Just get by,Lower middle class,5,Medium,Protestant,21621100,-4,-4,-4,-4,-4,-4,-4,-4,-4,-4,-4,-4,-4,-4,-4,-4,-4,-4,-4,-4,-4,-4,-4,-4,-4,-4,-4,-4,-4,-4,-4,-4,-4,-4,-4,-4,-4,1,2,0,0.276667,0.749167,0.5,0.0,1.0,0.5,0.33,0.0,0.5,0.276667,0.0,0.0,0.0,0.0,0.33,0.33,0.33,0.33,0.0,1.0,1.0,0.666667,1.0,1.0,1.0,1.0,1.0,1.0,1.0,1.0,0.66,0.0,0.33,0.33,1.0,1.0,4.0,3.0,94.0,1.0,39.0,1.0,55.0,10.0,0.0,10.0,28.0,5.0,0.84,80.0,80.6751,-9999.0,-9999.0,-9999.0,-9999.0,-9999.0,-9999.0,-9999.0,-9999.0,-9999.0,-9999.0,-9999.0,-9999.0,6.0,4.0,349360.0,56052.42,53815.37,31.9,24.8,79433029.0,82211508.0,83132799.0,80.89,0.27,77.38,43577709.0,11.5,2.69,3.34,3.04,100.0,100.0,29.23,727972.84,8.84,22.0,1.23,88.1,11.25,4.8,45.7,14.1,0.946,13.0,0.084,0.968,30.89,0.939,0.929,8.1,0.941,1.0,0.1,89.7,129.3,6.6,1.0,0.0,1.0,0.834,0.779,0.59,0.788,0.763,0.964,0.872,0.96,0.982,0.97,0.926,2.206,2.515,3.599,2.931,2.746,2.588,2.405,1.784,1.572,2.586,1.163,2.105,1.979,3.076,2.215,2.734,3.253,2.818,2.647,3.341,1.927,2.905,2.826,0.033,0.947,0.954,0.999,0.986,0.983,1.36,0.57,1.52,1.72,1.61,1.9,,,No answer,,,,,,,,,,,,,,,,,,,,,,,,,,,,,,,,
6-0-0 (2024-04-30),doi.org/10.14281/18241.24,7,2017,2,643,RUS,365,RUS,643070002,643720002,20171107,201711,201712,14.0,14.43,43,2,643077,643003,6430101,64301,643028.0,8,5,1,1,1,37.68,55.61,1711,3630,ru,2,1,-4,0.944159178,0.5524862,6.59619436464088,6432017,1,2,2,3,2,1,1,1,2,2,2,1,1,1,2,2,2,1,2,1,2,2,1,1,2,2,3,2,3,4,4,2,4,2,3,3,3,3,4,2,3,4,3,5,2,3,2,1,2,2,8,6,5,3,2,4,2,3,3,2,2,1,3,1,2,2,1,2,3,2,3,2,3,3,3,2,3,2,3,4,2,3,3,2,4,-4,-4,-4,-4,4,-4,-4,-4,-4,-4,-4,-4,-4,-4,-4,-4,-4,3,3,2,4,4,4,3,8,1,2,2,0,0,0,0,0,0,0,0,0,0,0,0,0,0,0,0,0,0,0,0,0,0,0,0,9,9,2,9,9,2,2,4,3,4,4,3,2,3,2,2,2,2,0,0,0,2,0,0,3,3,4,4,4,3,4,4,4,1,2,2,2,2,2,2,2,2,2,2,1,2,2,3,2,3,2,3,8,7,6,9,5,8,5,1,1,1,1,2,3,4,3,2,1,2,2,7,9,6,1,8,8,8,6,6,8,9,1,3,1,1,1,5,4,8,5,2,3,2,2,2,1,3,4,2,3,3,4,3,2,3,3,3,3,3,3,3,3,3,3,3,2,2,643003,643003,643003,3,4,2,3,3,4,2,4,3,3,3,-4,3,4,4,1,2,6,9,1,4,10,1,10,0,9,10,6,7,7,2,2,1,2,3,2,2,Female,1950s,58,55-64 years,3,I am born in this country,Not an immigrant,1,Not an immigrant,1,Eastern Europe,RU,Eastern Europe,RU,Eastern Europe,RU,yes,4,not live with parents,3630,Married,2 children,7,643010,Higher,7,643110,Higher,5,643007,Higher,6,643008,Higher,Full time (30 hours a week or more),Retired/pensioned,White Collar,Professional/Managerial,White Collar,Private business or industry,No,Spent savings and borrowed money,Upper middle class,6,Medium,Orthodox,30100000,643002,-4,-4,-4,-4,-4,-4,-4,-4,-4,-4,-4,-4,-4,-4,-4,-4,-4,-4,-4,-4,-4,-4,-4,-4,-4,-4,-4,-4,-4,-4,-4,-4,-4,-4,-4,-4,4,2,2,0.484167,0.688426,0.0,0.33,0.66,0.33,0.0,0.0,0.5,0.166667,1.0,1.0,1.0,1.0,0.33,0.33,0.66,0.44,1.0,0.0,1.0,0.666667,0.75,0.66,1.0,0.803333,0.777778,0.555556,0.777778,0.703704,0.66,0.5,0.58,0.58,1.0,1.0,3.0,1.0,20.0,7.0,5.0,6.0,15.0,5.0,1.0,4.0,18.0,3.0,0.47,28.0,44.1837,6.0,5.31,4.55,8.0,3.5,4.3,3.0,4.0,6.07,3.52,4.1,4.0,6.0,3.0,16376870.0,29181.36,27043.94,37.5,29.7,147969407.0,146596869.0,144373535.0,72.66,-0.07,74.59,73025684.0,12.4,4.46,4.7,4.59,98.25,100.0,15.86,1732026.78,12.0,28.0,3.93,49.07,5.34,3.8,39.6,12.0,0.832,11.0,0.255,1.015,15.78,0.824,0.834,9.6,0.806,9.2,61.5,80.9,157.4,1.3,1.0,0.0,0.0,0.246,0.099,0.162,0.153,0.214,0.271,0.273,0.36,0.47,0.451,0.692,-1.089,-1.539,-0.786,-0.305,-0.327,0.609,-0.609,-0.341,-0.96,-1.745,-1.092,-1.212,-0.628,0.639,0.757,0.573,0.687,1.417,1.277,0.847,1.123,-0.175,-0.056,0.744,0.76,0.715,0.834,0.184,0.323,-1.12,-0.56,0.07,-0.46,-0.75,-0.8,,,,,,,,,,,,,,,,,,,,,,,,,,,,,,,,,,,
6-0-0 (2024-04-30),doi.org/10.14281/18241.24,7,2021,2,404,KEN,501,KEN,404070545,404720545,20210528,202105,202106,15.03,16.36,93,1,404015,-4,-4,-3,404044.0,3,2,3,2,1,37.42,-0.49,27,1240,en,2,1,1,1.0,0.7898894,2.57930734597156,4042021,1,1,2,2,1,1,1,2,1,2,2,1,2,2,1,2,1,1,2,2,2,1,2,1,2,2,1,3,4,2,3,2,2,1,1,1,3,3,3,1,2,1,2,2,2,3,2,1,2,1,7,8,8,3,4,3,4,4,3,1,1,2,1,2,2,2,1,2,1,2,2,2,1,1,3,2,2,1,1,2,1,1,2,1,1,1,-4,-4,-4,-4,-4,-4,-4,-4,-4,-4,-4,-4,-4,-4,-4,-4,1,1,1,2,1,1,1,8,-1,2,2,2,1,2,1,1,1,2,1,1,1,2,1,2,1,2,1,2,1,2,1,2,1,1,1,5,5,4,4,5,1,10,2,2,3,2,1,2,2,6,2,1,2,1,1,1,1,0,1,2,1,2,2,4,4,2,3,4,2,2,2,1,1,2,2,1,1,1,1,1,1,1,3,1,3,1,3,7,8,3,5,5,3,10,1,1,1,1,3,2,2,2,1,1,2,2,5,2,2,1,4,3,1,5,5,7,7,1,1,4,7,1,3,7,2,1,2,3,3,2,2,1,1,3,1,1,1,1,1,3,3,2,1,3,3,3,1,3,3,3,2,2,1,404018,404018,404018,2,4,4,4,1,1,3,3,2,1,2,2,3,3,4,1,2,5,2,5,8,2,8,2,5,7,8,7,5,5,2,2,2,1,1,1,1,Male,1970s,46,45-54 years,2,I am born in this country,Not an immigrant,1,Not an immigrant,1,Sub-Saharan Africa,KE,Sub-Saharan Africa,KE,Sub-Saharan Africa,KE,yes,3,not live with parents,2280,Married,1 child,4,-4,Middle,2,-4,Lower,3,-4,Middle,5,-4,Higher,Part time (less than 30 hours a week),Part time (less than 30 hours a week),White Collar,White Collar,White Collar,Private business or industry,Yes,Spent savings and borrowed money,Lower class,6,Medium,Roman Catholic,10100000,404003,3,4,3,2,3,3,3,4,4,2,3,2,2,3,3,1,1,1,3,3,4,5,3,3,4,3,3,2,2,2,2,2,3,3,-3,3,2,1,-2,0.346389,0.286759,0.0,0.33,0.0,0.11,0.0,0.0,0.166667,0.055556,1.0,1.0,1.0,1.0,0.33,0.33,0.0,0.22,0.0,0.0,0.0,0.0,0.25,1.0,0.33,0.526667,0.0,0.444444,0.666667,0.37037,0.0,0.5,0.25,0.25,1.0,1.0,6.0,2.0,48.0,4.0,19.0,4.0,29.0,9.0,0.0,9.0,16.0,4.0,0.45,28.0,43.2219,5.0,5.8,6.25,6.8,6.5,5.5,6.5,6.0,5.36,4.92,5.38,2.0,1.0,2.0,569140.0,4509.32,4329.87,40.8,31.6,23724579.0,31964557.0,52573973.0,66.34,2.27,27.51,23879160.0,5.47,2.8,2.49,2.64,13.42,75.0,87.51,17909.63,0.37,56.0,1.22,33.4,4.8,5.2,20.1,6.6,0.526,12.0,0.545,0.933,21.78,0.579,0.516,26.2,0.713,5.0,7.5,17.8,96.3,-0.2,1.0,17.0,19.0,0.429,0.338,0.267,0.389,0.245,0.829,0.711,0.326,0.468,0.713,0.474,-0.039,-0.424,1.347,0.347,0.16,-0.389,0.805,1.259,0.667,1.362,0.926,1.684,0.442,0.662,-0.23,-0.16,0.063,0.004,1.191,0.962,-9999.0,-9999.0,-9999.0,0.54,0.664,0.492,0.906,0.558,0.326,-0.31,-1.1,-0.44,-0.33,-0.44,-0.79,,,,,,,,,,,,,,,,,,,,,,,,,,,,,,,,,,,
6-0-0 (2024-04-30),doi.org/10.14281/18241.24,7,2019,2,608,PHL,840,PHI,608070138,608720138,20191207,201912,201912,11.05,12.26,81,2,608082,608162,-4,-4,608064.0,5,3,1,1,14,121.03,14.71,70102,1360,fil,2,1,1,0.550392347,0.8333333,6.58258883333333,6082019,1,2,3,2,1,2,2,1,1,2,2,2,2,1,1,2,1,1,1,1,2,2,2,1,2,2,2,4,3,3,2,1,3,3,2,1,4,2,4,2,2,4,2,2,3,1,1,1,3,3,5,6,2,2,3,3,3,3,3,2,2,3,3,4,4,4,1,3,3,2,3,3,2,1,2,3,2,3,2,3,4,3,2,3,3,-4,-4,-4,3,-4,-4,-4,-4,-4,-4,-4,-4,-4,-4,-4,-4,-4,3,3,3,3,2,2,2,6,1,1,1,0,0,0,0,0,0,0,0,0,0,0,0,0,0,0,0,0,0,0,0,0,0,0,0,7,6,8,4,4,1,6,2,3,3,2,3,2,3,4,3,0,2,0,2,0,2,2,2,3,2,3,2,3,4,3,3,3,1,1,1,2,2,2,2,2,3,3,2,2,1,2,3,2,1,2,3,2,6,5,2,2,5,9,1,2,2,1,3,2,2,2,1,2,2,2,5,5,3,1,3,4,5,2,2,8,5,1,4,7,6,4,4,6,4,2,2,3,2,2,3,2,1,1,1,3,3,5,3,3,3,3,3,3,3,3,1,3,-5,3,3,1,1,608034,608034,608034,1,3,2,3,3,2,3,4,2,1,2,3,3,2,4,4,3,6,2,5,6,5,7,7,4,6,8,3,6,6,3,1,2,3,3,3,3,Female,1970s,48,45-54 years,2,I am born in this country,Not an immigrant,1,Not an immigrant,1,Southeast Asia,PH,Southeast Asia,PH,Southeast Asia,PH,yes,2,not live with parents,1360,Separated,1 child,2,608012,Lower,1,608011,Lower,1,608011,Lower,1,608011,Lower,Self employed,Part time (less than 30 hours a week),Blue Collar,Agriculture,Blue Collar,Private business or industry,Yes,Just get by,Lower middle class,4,Medium,Roman Catholic,10100000,608004,2,4,3,2,2,2,4,3,1,2,4,2,5,4,2,1,2,2,2,4,5,2,2,4,4,3,2,4,2,4,2,3,4,5,-3,2,4,2,0,0.539722,0.491111,0.0,0.0,0.33,0.11,0.33,1.0,0.166667,0.498889,1.0,1.0,1.0,1.0,0.66,0.66,0.33,0.55,1.0,0.0,0.0,0.333333,0.5,0.66,0.66,0.606667,0.444444,0.111111,0.777778,0.444444,0.66,0.5,0.58,0.58,1.0,1.0,2.0,2.0,59.0,3.0,25.0,4.0,34.0,8.0,0.0,8.0,31.0,4.0,0.47,34.0,51.4601,7.0,6.47,6.3,6.5,6.8,5.5,7.0,5.8,6.64,4.9,5.47,2.0,7.0,2.0,298170.0,9277.37,8908.18,44.4,31.3,61895160.0,77991755.0,108116615.0,71.1,1.36,47.15,44815390.0,5.87,2.44,1.96,2.15,43.22,94.86,25.41,122287.12,1.18,95.0,1.13,68.61,4.45,-9999.0,25.7,9.4,0.667,11.0,0.425,1.004,27.96,0.712,0.689,17.8,0.786,8.4,0.5,60.1,110.1,-0.6,0.96,3.0,3.0,0.48,0.286,0.325,0.406,0.236,0.714,0.712,0.516,0.537,0.799,0.337,-0.789,-0.668,1.158,-0.802,-0.401,-0.033,0.37,1.05,-0.145,0.556,-0.087,1.086,-0.535,0.442,-1.015,-0.996,-9999.0,-9999.0,-9999.0,-9999.0,-9999.0,0.857,1.456,0.707,0.83,0.778,0.94,0.415,0.728,0.01,-0.92,0.09,0.11,-0.55,-0.59,,,,,,,,,,,,,,,,,,,,,,,,,,,,,,,,,,,
6-0-0 (2024-04-30),doi.org/10.14281/18241.24,7,2022,2,528,NLD,210,NTH,528070140,528720140,20220124,202201,202201,-3.0,-3.0,-3,3,528007,528005,5280401,52804,-4.0,6,3,4,1,-4,-4.0,-4.0,-3,1190,nl,-4,-4,-4,1.0,0.4662005,0.689439067599068,5282022,1,2,2,3,2,4,1,2,1,1,1,1,2,2,2,2,2,1,2,2,2,2,2,1,2,2,3,4,4,4,4,3,5,2,2,1,5,2,2,5,3,3,2,4,2,1,1,1,2,2,6,7,6,4,4,-5,4,4,3,1,1,2,2,3,3,3,4,3,2,2,3,2,3,3,3,3,3,2,2,3,3,3,3,3,3,-4,-4,-4,-4,-4,-4,-4,3,-4,-4,-4,-4,-4,-4,-4,-4,-4,2,2,3,2,3,3,2,6,-1,-1,2,0,0,0,0,0,0,0,0,0,0,0,0,0,0,0,0,0,0,0,0,0,0,0,0,7,5,6,5,8,1,5,2,2,3,1,1,2,0,4,3,2,2,2,2,2,2,0,0,3,2,3,3,3,3,4,4,4,1,2,2,2,3,2,2,3,2,4,2,2,-1,1,2,1,3,4,2,7,8,1,1,1,7,1,2,-1,2,2,4,4,7,8,4,2,-1,1,6,1,3,1,1,1,10,6,10,10,10,6,10,1,1,1,1,10,1,5,2,2,3,3,2,5,1,4,1,5,1,1,2,2,3,3,2,3,2,3,2,2,2,3,3,3,1,528023,528023,528023,1,4,4,4,1,1,4,4,1,2,2,3,3,2,4,1,4,5,3,1,10,4,3,6,5,4,10,8,9,8,2,1,1,1,1,2,3,Male,1980s,42,35-44 years,2,I am born in this country,Not an immigrant,1,Not an immigrant,1,Western Europe,NL,Western Europe,NL,Western Europe,NL,yes,4,not live with parents,1190,Married,2 children,3,528103,Middle,4,528104,Middle,6,528106,Higher,2,528102,Lower,Full time (30 hours a week or more),Full time (30 hours a week or more),White Collar,White Collar,White Collar,Private business or industry,No,Just get by,Lower middle class,7,Medium,No religion,100000020,528001,-4,-4,-4,-4,-4,-4,-4,-4,-4,-4,-4,-4,-4,-4,-4,-4,-4,-4,-4,-4,-4,-4,-4,-4,-4,-4,-4,-4,-4,-4,-4,-4,-4,-4,-4,-4,1,1,0,0.525833,0.666667,0.0,0.0,0.66,0.22,1.0,1.0,1.0,1.0,1.0,0.0,0.0,0.333333,0.66,0.33,0.66,0.55,0.0,1.0,1.0,0.666667,1.0,1.0,1.0,1.0,1.0,1.0,1.0,1.0,0.0,0.0,0.0,0.0,1.0,1.0,4.0,3.0,99.0,1.0,40.0,1.0,59.0,10.0,0.0,10.0,73.0,5.0,0.84,82.0,80.2805,-9999.0,-9999.0,-9999.0,-9999.0,-9999.0,-9999.0,-9999.0,-9999.0,-9999.0,-9999.0,-9999.0,-9999.0,6.0,4.0,33690.0,59686.83,57141.37,28.5,23.0,14951510.0,15925513.0,17332850.0,81.81,0.59,91.88,9275661.0,8.9,3.36,3.05,3.2,100.0,100.0,12.44,170779.52,10.03,42.0,1.24,154.32,10.1,5.4,43.3,12.2,0.906,13.0,0.041,0.967,31.33,0.934,0.939,6.7,0.956,0.8,0.0,94.7,120.6,0.9,1.0,1.0,1.0,0.83,0.784,0.568,0.77,0.709,0.932,0.87,0.961,0.969,0.888,0.923,2.693,2.437,2.473,3.115,1.949,2.029,2.155,2.065,0.839,2.127,1.407,1.881,1.85,2.198,1.425,2.697,2.575,2.738,2.79,2.542,2.911,1.995,2.01,0.022,0.92,0.948,0.996,0.984,0.946,1.49,0.85,1.8,1.86,1.77,1.9,,,,,,,,,,,,,,,,,,,,,,,,,,,,,,,,,,,
6-0-0 (2024-04-30),doi.org/10.14281/18241.24,7,2020,2,554,NZL,920,NEW,554070048,554720048,20190710,201907,202002,-3.0,-3.0,-3,4,554015,554013,-4,-3,-4.0,7,4,1,1,-4,-4.0,-4.0,-3,1240,en,-4,-4,1,1.0,0.9460738,0.393631977294229,5542020,1,1,1,1,1,4,2,2,2,1,1,1,2,1,2,1,2,1,2,2,2,2,2,1,2,2,4,4,4,4,4,1,5,2,2,1,5,2,1,5,1,4,2,4,2,-5,1,3,3,1,4,4,6,4,2,4,4,4,1,2,2,2,2,2,2,2,4,2,3,3,4,2,2,2,3,2,2,3,2,3,3,3,2,3,-4,-4,-4,-4,-4,-4,-4,-4,-4,-4,-4,-4,-4,-4,-4,-4,-4,-4,2,3,3,-4,3,3,3,3,3,1,2,0,0,2,1,0,0,0,0,0,0,2,1,0,0,0,0,0,0,0,0,0,0,2,1,3,7,1,4,4,1,3,2,2,2,2,2,1,2,7,5,2,2,0,2,0,2,0,0,2,-5,3,1,4,3,3,3,2,1,1,2,1,3,2,2,2,2,3,-1,1,2,3,4,2,1,2,1,6,6,1,1,1,10,-5,2,2,2,2,4,4,7,8,4,3,1,-5,10,1,1,1,1,1,10,1,10,10,10,10,10,1,1,1,1,6,1,1,2,3,3,1,1,4,2,1,1,1,1,5,1,1,1,1,1,1,1,1,1,1,2,1,1,1,1,554005,554005,554005,1,4,4,4,2,1,4,4,4,1,1,3,4,2,4,2,4,2,1,1,10,1,1,10,1,1,10,10,8,6,2,2,2,2,2,2,3,Male,1950s,60,55-64 years,3,I am born in this country,Immigrant,0,Not an immigrant,1,Oceania,NZ,Western Europe,GB,Oceania,NZ,yes,2,not live with parents,1240,Married,1 child,7,554006,Higher,7,554006,Higher,5,554005,Higher,6,554006,Higher,Full time (30 hours a week or more),Part time (less than 30 hours a week),Professional/Managerial,Professional/Managerial,professional or managerial,Government or public institution,Yes,Save money,Upper middle class,8,High,No religion,100000020,-4,-4,-4,-4,-4,-4,-4,-4,-4,-4,-4,-4,-4,-4,-4,-4,-4,-4,-4,-4,-4,-4,-4,-4,-4,-4,-4,-4,-4,-4,-4,-4,-4,-4,-4,-4,-4,3,2,1,0.526667,0.874167,1.0,0.33,1.0,0.776667,1.0,1.0,1.0,1.0,0.0,0.0,0.0,0.0,0.33,0.33,0.33,0.33,0.0,1.0,1.0,0.666667,1.0,1.0,1.0,1.0,1.0,1.0,1.0,1.0,0.66,1.0,0.83,0.83,1.0,1.0,2.0,3.0,97.0,1.0,40.0,1.0,57.0,10.0,0.0,10.0,141.0,5.0,0.83,87.0,75.5644,-9999.0,-9999.0,-9999.0,-9999.0,-9999.0,-9999.0,-9999.0,-9999.0,-9999.0,-9999.0,-9999.0,-9999.0,7.0,4.0,263310.0,43952.55,42887.52,-9999.0,-9999.0,3329800.0,3857700.0,4917000.0,81.86,1.56,86.62,2764798.0,6.86,4.45,3.72,4.07,100.0,100.0,80.08,34381.79,7.33,1.0,1.16,-9999.0,9.17,6.3,38.0,12.7,0.923,10.0,0.133,0.963,40.83,0.921,0.885,9.1,0.956,0.7,0.0,90.8,134.9,3.2,1.0,1.0,1.0,0.873,0.815,0.668,0.714,0.762,0.955,0.886,0.95,0.97,0.848,0.827,2.457,2.556,2.677,2.512,2.201,1.985,2.847,2.124,2.001,2.677,1.47,1.819,1.806,2.961,1.604,1.52,-9999.0,-9999.0,-9999.0,-9999.0,-9999.0,1.959,1.992,0.024,0.953,0.936,1.0,0.988,0.93,1.54,1.41,1.66,1.88,1.88,2.17,,,,,,,,,,,,,,,,,,,,,,,,,,,,,,,,,,,
6-0-0 (2024-04-30),doi.org/10.14281/18241.24,7,2019,2,392,JPN,740,JPN,392070110,392720110,20190915,201909,201909,-3.0,-3.0,-3,4,392013,392002,-4,-3,392107.0,8,5,1,1,-4,-999.0,-4.0,-3,2020,ja,3,1,1,1.0,0.7390983,8.12569770879527,3922019,1,2,2,3,1,4,1,1,2,1,2,2,2,1,2,1,2,1,2,1,1,1,1,1,1,2,-1,4,3,3,3,2,3,3,2,1,2,1,2,3,3,2,2,4,2,2,2,3,2,2,4,3,1,4,4,4,4,4,2,2,2,3,2,4,3,2,4,2,2,3,-1,2,2,3,3,3,3,2,3,3,3,3,3,3,3,-4,3,-4,-4,-4,-4,-4,-4,-4,-4,-4,-4,-4,-4,-4,-4,-4,-1,-1,-1,-1,-1,-1,-1,-1,-1,-1,-1,0,0,2,1,0,0,0,0,0,0,0,0,0,0,0,0,0,0,0,0,0,0,0,0,5,3,2,5,5,-1,8,2,2,2,2,2,1,0,7,4,2,2,1,1,1,1,1,1,2,3,4,4,4,4,4,4,4,1,1,-4,2,2,2,2,2,1,2,2,2,2,1,3,1,2,1,4,9,9,3,4,8,7,3,2,2,2,2,3,3,5,6,3,3,2,2,-1,3,1,1,1,1,8,1,1,10,8,1,3,1,1,1,1,8,1,10,3,3,3,2,2,2,1,2,5,1,1,5,2,2,-1,3,3,3,3,3,2,3,3,3,3,1,1,-1,-1,-1,-1,4,3,4,3,-1,3,4,2,1,2,1,2,2,-1,2,4,-1,7,-1,7,5,1,-1,2,3,8,8,7,5,2,2,2,3,3,3,4,Female,1960s,49,45-54 years,2,I am born in this country,Not an immigrant,1,Not an immigrant,1,East Asia,JP,East Asia,JP,East Asia,JP,yes,4,parents in law,2020,Married,2 children,5,-4,Higher,6,-4,Higher,3,-4,Middle,6,-4,Higher,Part time (less than 30 hours a week),Self employed,Professional/Managerial,Professional/Managerial,professional or managerial,Private business or industry,No,Just get by,Working class,3,Low,No religion,100000020,-4,-4,-4,-4,-4,-4,-4,-4,-4,-4,-4,-4,-4,-4,-4,-4,-4,-4,-4,-4,-4,-4,-4,-4,-4,-4,-4,-4,-4,-4,-4,-4,-4,-4,-4,-4,-4,2,2,2,0.476662,0.570231,1.0,0.33,,0.68776,1.0,1.0,0.666667,0.888889,0.0,0.0,0.0,0.0,0.33,0.33,0.33,0.33,1.0,0.0,1.0,0.666667,0.5,0.66,0.66,0.606667,0.777778,0.0,1.0,0.592593,0.33,0.5,0.415,0.415,0.915,1.0,2.0,3.0,96.0,1.0,40.0,1.0,56.0,10.0,0.0,10.0,66.0,5.0,0.78,73.0,67.553,-9999.0,-9999.0,-9999.0,-9999.0,-9999.0,-9999.0,-9999.0,-9999.0,-9999.0,-9999.0,-9999.0,-9999.0,7.0,4.0,364560.0,43235.72,41429.29,32.9,24.7,123537000.0,126843000.0,126264931.0,84.21,-0.21,91.7,68139088.0,11.0,2.14,2.41,2.29,100.0,100.0,15.98,1135886.25,8.94,29.0,0.92,-9999.0,10.94,3.5,48.4,12.8,0.85,9.0,0.099,0.976,10.11,0.915,0.908,3.6,0.992,0.2,0.0,84.6,139.2,0.6,-9999.0,-9999.0,-9999.0,0.82,0.736,0.52,0.722,0.744,0.849,0.901,0.942,0.963,0.687,0.969,2.415,2.558,3.221,2.424,3.022,2.153,2.2,1.711,1.419,1.167,1.466,1.371,1.989,1.232,2.933,2.826,2.837,2.256,1.036,1.86,1.742,0.572,0.867,0.062,0.772,0.934,0.822,0.957,0.961,0.93,1.03,1.58,1.33,1.53,1.46,,,Don´t know,,,,,,,,,,,,,,,,,,,,,,,,,,,,,,,,
6-0-0 (2024-04-30),doi.org/10.14281/18241.24,7,2017,2,32,ARG,160,ARG,32070694,32720694,20170710,201707,201707,-4.0,-4.0,30,2,32003,32008,-4,-3,32011.0,7,4,2,1,11,-65.77,-28.45,506,1270,es,1,1,-4,1.049152118,0.997009,3.4597814556331,322017,2,3,3,4,1,2,2,2,2,2,2,1,2,2,1,1,2,1,2,2,2,2,2,2,2,2,1,-1,3,4,-1,3,4,2,2,1,3,3,-1,3,2,3,-1,3,3,3,2,1,2,2,8,6,3,3,2,4,2,4,3,2,1,3,4,3,2,3,2,3,4,2,3,3,4,3,4,4,4,3,4,3,3,3,3,3,4,-4,-4,-4,-4,-4,-4,-4,-4,-4,-4,4,-4,-4,-4,-4,-4,-4,4,3,3,4,3,2,3,5,1,2,2,2,1,1,1,2,1,0,0,1,1,2,1,1,1,1,1,2,1,0,0,1,1,1,1,6,6,5,6,5,1,7,3,4,3,3,2,2,0,5,-1,0,1,2,0,1,1,0,1,2,1,1,3,2,1,3,4,2,1,2,2,1,4,2,2,1,1,2,1,2,1,1,2,4,2,4,2,5,6,4,8,5,6,7,1,2,2,1,2,3,3,2,1,1,2,2,7,7,5,1,7,4,6,5,8,6,4,7,5,6,4,7,5,7,4,6,2,3,1,4,3,1,1,5,1,3,1,1,2,3,3,3,3,2,2,3,-1,3,2,3,2,3,1,4,4,4,2,-1,2,2,2,4,-1,-1,2,2,3,3,4,3,4,3,4,6,6,4,8,6,4,7,5,7,5,6,5,7,4,1,2,3,3,-1,4,Female,1960s,47,45-54 years,2,I am born in this country,Not an immigrant,1,Not an immigrant,1,Latin America,AR,Latin America,AR,Latin America,AR,yes,3,not live with parents,1270,Married,1 child,3,32005,Middle,3,32005,Middle,3,32005,Middle,3,32005,Middle,Part time (less than 30 hours a week),Unemployed,Blue Collar,Blue Collar,White Collar,Private business or industry,No,Spent savings and borrowed money,Lower middle class,5,Medium,Roman Catholic,10100000,32003,-4,-4,-4,-4,-4,-4,-4,-4,-4,-4,-4,-4,-4,-4,-4,-4,-4,-4,-4,-4,-4,-4,-4,-4,-4,-4,-4,-4,-4,-4,-4,-4,-4,-4,-4,-4,3,3,-1,0.498611,0.566574,0.0,0.0,0.0,0.0,0.33,0.0,0.333333,0.221111,1.0,1.0,1.0,1.0,0.66,0.66,1.0,0.773333,0.0,0.0,1.0,0.333333,0.75,0.66,1.0,0.803333,0.555556,0.777778,0.555556,0.62963,1.0,0.0,0.5,0.5,1.0,1.0,1.0,3.0,85.0,2.0,35.0,2.0,50.0,9.0,0.0,9.0,35.0,4.0,0.58,45.0,64.8051,2.0,7.27,8.0,9.0,9.0,7.0,7.5,7.5,6.54,6.0,7.1,1.0,5.0,3.0,2736690.0,22947.14,22033.95,41.4,29.4,32618651.0,36870787.0,44938712.0,76.52,0.99,91.99,20772672.0,7.61,10.92,8.94,9.79,98.4,100.0,28.14,201347.64,4.62,126.0,0.85,32.39,9.12,5.6,31.5,10.6,0.842,14.0,0.354,0.988,40.16,0.83,0.781,13.6,0.87,5.1,0.1,74.3,132.1,0.1,1.0,4.0,0.0,0.812,0.631,0.527,0.635,0.592,0.908,0.905,0.871,0.842,0.814,0.735,-0.284,0.826,-0.114,0.291,0.375,0.425,2.384,2.019,2.012,1.512,1.481,1.194,0.967,1.573,1.004,0.991,0.579,1.26,3.264,2.055,1.876,1.852,1.789,0.43,0.862,0.802,0.997,0.757,0.707,0.57,-0.09,-0.1,-0.44,-0.41,-0.08,,,None,,,,,,,,,,,,,,,,,,,,,,,,,,,,,,,,
6-0-0 (2024-04-30),doi.org/10.14281/18241.24,7,2018,2,422,LBN,660,LEB,422070928,422720941,20180612,201806,201806,15.35,16.32,57,1,422005,422019,-4,-3,422010.0,3,2,5,1,19661,35.73,34.35,-4,170,ar,1,1,-4,1.0,0.8333333,0.337336083333333,4222018,1,2,2,3,1,2,2,2,2,2,2,1,1,2,2,2,2,1,1,1,1,1,1,1,1,1,1,4,4,4,4,4,1,1,2,1,5,2,-4,2,3,5,5,4,3,2,1,1,1,1,3,6,3,4,4,4,4,4,1,2,1,2,3,3,3,2,3,1,3,2,2,2,3,3,3,3,2,3,4,3,2,3,2,2,2,-4,-4,2,-4,-4,-4,-4,-4,3,4,-4,-4,-4,-4,-4,-4,3,2,2,2,3,2,3,4,4,-2,-2,-2,0,0,0,0,0,0,0,0,0,0,0,0,0,0,0,0,0,0,0,0,0,0,0,0,3,6,3,5,5,1,4,4,3,4,3,3,3,0,5,1,2,2,1,0,0,0,2,0,2,1,4,2,3,4,4,4,4,2,2,2,2,3,2,2,2,3,2,1,1,1,2,4,1,3,2,3,8,8,2,3,7,6,10,1,1,1,1,2,4,3,3,2,1,1,1,5,2,-4,1,3,1,4,-4,1,6,2,1,2,2,2,1,4,1,3,2,3,3,3,3,2,2,3,3,3,3,3,4,3,1,3,3,3,3,3,3,3,3,3,3,3,1,1,422001,422001,422001,2,3,-4,3,3,3,3,2,2,2,3,3,4,4,1,3,2,-4,5,3,6,3,2,6,2,5,4,2,5,2,2,1,1,1,1,1,2,Female,1960s,56,55-64 years,3,I am born in this country,Not an immigrant,1,Not an immigrant,1,Middle East,LB,Middle East,LB,Middle East,LB,yes,2,not live with parents,170,Married,No children,7,422007,Higher,6,422006,Higher,2,422006,Lower,6,422002,Higher,Self employed,Self employed,White Collar,White Collar,Blue Collar,Private business or industry,Yes,Save money,Upper middle class,7,Medium,Roman Catholic,10205010,-4,-4,-4,-4,-4,-4,-4,-4,-4,-4,-4,-4,-4,-4,-4,-4,-4,-4,-4,-4,-4,-4,-4,-4,-4,-4,-4,-4,-4,-4,-4,-4,-4,-4,-4,-4,-4,2,1,0,0.269778,0.324074,0.0,0.0,0.0,0.0,0.33,0.0,0.333333,0.221111,,1.0,0.0,0.528,0.0,0.33,0.66,0.33,0.0,0.0,1.0,0.333333,0.0,1.0,1.0,0.666667,0.333333,0.0,0.555556,0.296296,0.0,0.0,0.0,0.0,0.915,1.0,5.0,2.0,44.0,5.0,14.0,4.0,30.0,6.0,0.0,6.0,13.0,4.0,0.45,28.0,-9999.0,4.0,5.15,4.87,5.5,5.8,4.8,3.0,5.3,5.43,3.6,4.03,4.0,4.0,3.0,10230.0,15327.31,14717.35,31.8,24.8,2803044.0,3842778.0,6855713.0,78.88,0.1,88.76,2398864.0,4.36,9.88,5.05,6.23,-9999.0,100.0,2.6,24796.25,3.69,143.0,4.99,63.61,8.2,2.5,29.6,8.7,0.604,10.0,0.362,0.891,4.69,0.73,0.712,20.4,0.906,4.0,5.6,78.2,64.5,-4.5,0.91,-9999.0,2.0,0.465,0.29,0.276,0.341,0.259,0.732,0.716,0.435,0.616,0.746,0.505,-1.625,-0.757,0.246,-0.129,0.099,1.0,0.448,0.918,1.731,0.39,0.806,0.513,-0.431,-0.7,-0.221,0.262,0.018,-0.249,0.67,-0.443,-0.558,0.932,0.835,0.73,0.576,0.53,0.365,0.384,0.647,-0.52,-1.67,-0.78,-0.51,-0.83,-1.15,,,,,,,,,,,,,,,,,,,,,,,,,,,,,,,,,,,
6-0-0 (2024-04-30),doi.org/10.14281/18241.24,7,2017,2,643,RUS,365,RUS,643070477,643720477,20171118,201711,201712,13.0,13.4,40,2,643021,643007,6430401,64304,643055.0,1,1,5,2,74,53.99,57.05,5399,3630,ru,2,1,-4,0.736619176,0.5524862,6.59619436464088,6432017,1,2,1,3,2,3,1,2,1,1,2,1,1,2,2,2,2,1,2,2,2,1,2,1,2,2,2,2,1,4,2,4,1,1,4,2,5,2,5,1,1,1,1,5,2,3,1,3,2,2,1,2,4,4,4,4,4,4,1,2,1,2,2,3,3,2,2,2,4,4,3,3,3,2,3,2,2,2,3,3,3,2,2,2,3,-4,-4,-4,-4,3,-4,-4,-4,-4,-4,-4,-4,-4,-4,-4,-4,-4,3,-1,-1,-1,-1,2,4,10,-1,-1,-1,0,0,0,0,0,0,0,0,0,0,0,0,0,0,0,0,0,0,0,0,0,0,0,0,1,10,1,5,5,1,-1,-1,-1,-1,-1,-1,-1,0,-1,-2,1,1,1,1,1,1,1,1,-1,1,4,3,4,4,4,4,4,2,2,2,4,4,2,2,1,1,1,2,-1,1,-1,-3,-1,-3,-1,-3,10,10,10,10,1,10,-1,-1,-1,-1,-1,-1,-1,-2,-2,-2,-2,-2,-2,1,-2,1,1,-2,1,1,1,5,5,5,1,1,1,1,1,1,1,1,1,1,1,2,3,-1,5,1,4,5,5,1,1,2,3,3,3,3,1,3,3,3,3,3,3,3,1,1,643032,643032,643032,2,-1,-1,-1,-1,1,1,-1,-1,-1,1,-4,4,2,4,1,4,5,9,9,9,9,9,9,1,9,9,5,-1,5,3,2,1,1,1,4,4,Female,1960s,49,45-54 years,2,I am born in this country,Not an immigrant,1,Not an immigrant,1,Eastern Europe,RU,Eastern Europe,RU,Eastern Europe,RU,yes,3,not live with parents,3630,Married,2 children,7,643010,Higher,5,643107,Higher,2,643003,Lower,1,643002,Lower,Full time (30 hours a week or more),Full time (30 hours a week or more),Professional/Managerial,White Collar,Blue Collar,Government or public institution,No,Just get by,Lower middle class,4,Medium,Orthodox,30100000,643999,-4,-4,-4,-4,-4,-4,-4,-4,-4,-4,-4,-4,-4,-4,-4,-4,-4,-4,-4,-4,-4,-4,-4,-4,-4,-4,-4,-4,-4,-4,-4,-4,-4,-4,-4,-4,-2,-5,0,0.384444,0.323259,1.0,0.33,0.33,0.553333,0.66,,,,0.0,,0.0,0.05,0.33,0.66,0.66,0.55,0.0,0.0,1.0,0.333333,0.0,0.0,1.0,0.333333,0.0,0.444444,0.444444,0.296296,,,,,0.83,0.915,3.0,1.0,20.0,7.0,5.0,6.0,15.0,5.0,1.0,4.0,18.0,3.0,0.47,28.0,44.1837,6.0,5.31,4.55,8.0,3.5,4.3,3.0,4.0,6.07,3.52,4.1,4.0,6.0,3.0,16376870.0,29181.36,27043.94,37.5,29.7,147969407.0,146596869.0,144373535.0,72.66,-0.07,74.59,73025684.0,12.4,4.46,4.7,4.59,98.25,100.0,15.86,1732026.78,12.0,28.0,3.93,49.07,5.34,3.8,39.6,12.0,0.832,11.0,0.255,1.015,15.78,0.824,0.834,9.6,0.806,9.2,61.5,80.9,157.4,1.3,1.0,0.0,0.0,0.246,0.099,0.162,0.153,0.214,0.271,0.273,0.36,0.47,0.451,0.692,-1.089,-1.539,-0.786,-0.305,-0.327,0.609,-0.609,-0.341,-0.96,-1.745,-1.092,-1.212,-0.628,0.639,0.757,0.573,0.687,1.417,1.277,0.847,1.123,-0.175,-0.056,0.744,0.76,0.715,0.834,0.184,0.323,-1.12,-0.56,0.07,-0.46,-0.75,-0.8,,,,,,,,,,,,,,,,,,,,,,,,,,,,,,,,,,,
6-0-0 (2024-04-30),doi.org/10.14281/18241.24,7,2018,2,152,CHL,155,CHL,152070117,152720117,20180201,201801,201802,14.5,15.37,47,1,152007,152018,-4,-3,152008.0,7,4,2,1,-4,-4.0,-4.0,608,1270,es,2,1,-4,1.205994056,1.0,1.5895338,1522018,1,1,1,3,1,3,2,2,2,2,2,1,1,1,2,1,2,1,2,2,1,2,2,1,2,2,2,4,3,3,3,2,4,2,2,1,4,2,3,2,1,2,2,2,2,1,1,1,2,2,10,9,4,4,1,3,3,4,3,2,1,2,2,3,3,3,3,2,3,2,1,3,2,2,4,3,1,1,2,3,3,2,2,1,3,-4,-4,-4,-4,-4,-4,-4,-4,-4,-4,-4,-4,-4,-4,-4,3,-4,3,-1,2,-1,3,2,2,5,1,-1,2,0,0,0,0,0,0,0,0,0,0,0,0,0,0,0,0,0,0,0,0,2,1,0,0,5,5,8,4,2,2,5,3,3,3,3,3,1,0,7,3,1,2,0,2,0,0,2,2,2,4,1,2,3,2,3,3,3,1,2,2,1,1,1,1,-1,-1,-1,2,2,1,2,1,3,4,4,1,7,9,4,2,6,7,7,1,1,2,2,4,3,6,7,4,2,2,2,8,1,1,1,1,1,6,2,1,10,10,1,3,1,1,1,1,-1,1,1,1,4,4,3,2,5,2,2,1,1,1,1,1,3,3,2,2,3,3,3,3,2,3,2,2,2,2,-1,-1,-1,1,4,4,4,1,1,4,4,1,1,2,-4,3,3,4,1,3,-2,10,2,9,7,1,-1,7,6,8,10,8,3,2,1,1,1,1,3,4,Female,1970s,38,35-44 years,2,I am born in this country,Not an immigrant,1,Not an immigrant,1,Latin America,CL,Latin America,CL,Latin America,CL,yes,4,own parents,1270,Living together as married,No children,3,152004,Middle,3,152005,Middle,2,152003,Lower,2,152003,Lower,Full time (30 hours a week or more),Full time (30 hours a week or more),Blue Collar,Blue Collar,Blue Collar,Government or public institution,Yes,Just get by,Working class,3,Low,Protestant,20000000,152001,-4,-4,-4,-4,-4,-4,-4,-4,-4,-4,-4,-4,-4,-4,-4,-4,-4,-4,-4,-4,-4,-4,-4,-4,-4,-4,-4,-4,-4,-4,-4,-4,-4,-4,-4,-4,1,2,1,0.345278,0.426713,0.0,0.0,0.33,0.11,0.66,1.0,0.833333,0.831111,0.0,0.0,0.0,0.0,0.33,0.66,0.33,0.44,0.0,0.0,1.0,0.333333,0.75,0.66,0.66,0.69,0.555556,0.0,1.0,0.518519,0.33,0.0,0.165,0.165,1.0,1.0,1.0,3.0,90.0,1.0,38.0,2.0,52.0,10.0,0.0,10.0,29.0,5.0,0.67,67.0,70.8566,2.0,8.87,9.2,9.8,9.5,9.5,10.0,7.3,8.54,7.33,8.9,1.0,5.0,4.0,743532.0313,25154.99,24226.15,44.4,37.9,13274623.0,15342353.0,18952038.0,80.04,1.18,87.64,9557893.0,6.16,7.7,6.64,7.09,92.28,100.0,43.6,85822.47,4.71,59.0,1.89,56.76,8.98,5.4,35.3,10.4,0.807,12.0,0.288,0.962,22.58,0.847,0.815,19.8,0.924,4.3,0.5,82.3,134.4,6.0,0.97,3.0,2.0,0.773,0.762,0.519,0.744,0.54,0.836,0.843,0.969,0.941,0.875,0.555,1.556,2.223,1.857,2.033,1.194,0.85,2.84,2.019,2.131,0.986,1.082,1.409,0.663,1.215,-0.751,0.716,0.51,0.876,0.952,1.49,0.696,2.367,2.938,0.055,0.846,0.904,0.95,0.955,0.871,0.98,0.01,0.89,1.17,0.95,1.01,,,Don´t know,,,,,,,,,,,,,,,,,,,,,,,,,,,,,,,,
6-0-0 (2024-04-30),doi.org/10.14281/18241.24,7,2017,2,300,GRC,350,GRC,300070617,300720617,20170919,201709,201710,17.5,18.43,53,2,300007,300103,3000006,30005,300052.0,3,2,4,1,62,22.96,40.47,6027,1580,el,1,2,-4,0.862068966,0.8333333,0.748060416666667,3002017,1,1,1,1,1,1,2,2,1,1,2,2,2,1,2,2,2,2,2,2,2,2,2,2,2,2,3,3,3,3,3,2,4,2,4,2,4,2,2,4,4,2,2,3,1,2,1,2,1,1,8,8,5,4,2,4,4,4,1,2,1,3,3,4,4,4,2,2,4,4,4,2,2,4,4,4,3,2,3,3,3,2,2,2,4,-4,-4,-4,-4,-4,-4,-4,4,-4,-4,-4,-4,-4,-4,-4,-4,-4,4,4,3,3,3,2,3,5,3,3,2,0,0,0,0,0,0,0,0,0,0,0,0,0,0,0,0,0,0,0,0,0,0,0,0,5,3,3,4,3,1,10,3,3,3,3,3,2,3,8,3,0,2,2,2,2,1,2,2,3,3,1,1,3,1,1,3,2,1,1,2,1,2,1,2,2,2,2,1,1,1,3,1,2,3,2,1,8,8,8,7,2,8,10,1,1,1,1,4,3,6,1,1,1,2,2,8,1,1,1,1,1,9,9,4,10,10,1,10,1,1,1,1,4,1,1,4,4,4,2,2,5,2,5,5,5,1,1,1,1,2,1,1,1,1,3,3,3,2,3,3,2,2,2,2,2,3,3,2,2,3,3,2,3,2,2,1,-4,4,3,2,1,4,5,1,1,10,4,5,5,2,7,10,10,4,3,4,1,1,2,1,2,2,Female,1970s,42,35-44 years,2,I am born in this country,Not an immigrant,1,Not an immigrant,1,Western Europe,GR,Western Europe,GR,Western Europe,GR,yes,4,not live with parents,1580,Married,2 children,4,300005,Middle,6,300108,Higher,3,300004,Middle,2,300003,Lower,Full time (30 hours a week or more),Full time (30 hours a week or more),White Collar,White Collar,professional or managerial,Private non-profit organization,No,Just get by,Working class,4,Medium,Orthodox,30112000,300001,-4,-4,-4,-4,-4,-4,-4,-4,-4,-4,-4,-4,-4,-4,-4,-4,-4,-4,-4,-4,-4,-4,-4,-4,-4,-4,-4,-4,-4,-4,-4,-4,-4,-4,-4,-4,3,2,1,0.248611,0.648519,0.5,0.0,0.66,0.386667,0.0,0.0,0.833333,0.277778,0.0,0.0,0.0,0.0,0.33,0.33,0.33,0.33,0.0,0.0,1.0,0.333333,0.75,0.66,0.66,0.69,0.888889,0.333333,1.0,0.740741,0.66,1.0,0.83,0.83,1.0,1.0,4.0,3.0,88.0,1.0,37.0,2.0,51.0,10.0,0.0,10.0,43.0,5.0,0.61,48.0,66.3322,-9999.0,-9999.0,-9999.0,-9999.0,-9999.0,-9999.0,-9999.0,-9999.0,-9999.0,-9999.0,-9999.0,-9999.0,6.0,4.0,128900.0,31399.42,30314.57,34.4,26.2,10196792.0,10805808.0,10716322.0,81.79,-0.15,79.39,4776602.0,11.2,22.02,13.52,17.24,94.29,100.0,28.66,62434.34,5.79,79.0,2.39,74.38,8.04,-9999.0,45.5,10.5,0.833,10.0,0.122,0.963,20.67,0.872,0.834,11.9,0.955,0.7,0.1,73.0,115.7,-1.5,1.0,1.0,1.0,0.86,0.762,0.597,0.777,0.735,0.922,0.918,0.95,0.929,0.87,0.894,0.172,0.809,1.086,1.142,1.346,1.482,2.244,0.533,1.126,1.651,1.475,1.744,2.565,2.642,2.222,1.762,2.15,2.018,2.247,2.656,2.078,-9999.0,-9999.0,0.3,0.933,0.907,0.987,0.87,0.967,0.81,0.18,0.34,0.53,0.18,0.04,,,I would not vote,,,,,,,,,,,,,,,,,,,,,,,,,,,,,,,,
6-0-0 (2024-04-30),doi.org/10.14281/18241.24,7,2017,2,840,USA,2,USA,840071852,840722369,20170501,201704,201705,14.41,15.14,32,3,840005,840204,-4,-3,840052.0,-5,-5,4,1,-4,-117.98,34.06,-3,1240,en,2,2,-4,0.38460308,0.385208,10.6132138674884,8402017,1,1,1,2,2,1,1,2,2,2,2,1,2,2,1,1,1,1,2,2,2,2,2,1,2,2,2,3,3,3,3,2,4,2,2,1,3,3,3,3,2,1,2,3,2,2,3,1,2,1,10,5,7,4,4,4,4,4,1,2,2,2,2,4,3,2,2,2,4,4,2,2,2,2,3,3,3,2,3,3,3,2,2,2,3,-4,-4,-4,-4,-4,-4,-4,-4,-4,-4,-4,3,-4,-4,-4,-4,-4,3,3,2,3,3,3,3,4,3,1,3,2,1,2,1,2,1,2,1,1,1,1,1,1,1,1,1,1,1,1,1,1,1,1,1,1,3,1,1,1,2,6,2,3,4,3,1,3,3,10,1,1,1,1,1,1,1,1,1,4,3,3,1,4,3,2,3,3,1,2,2,1,1,2,2,1,1,1,1,2,2,2,1,1,3,1,3,6,5,8,8,4,6,5,1,1,1,1,1,3,2,2,1,2,1,2,1,1,1,1,1,1,1,4,1,5,3,3,4,1,1,1,1,3,1,5,2,3,3,4,2,5,3,5,1,1,1,1,1,2,-2,2,2,2,2,-4,1,2,1,1,2,1,1,840001,840001,840001,2,2,1,2,1,3,2,3,2,2,1,-4,1,1,1,2,2,5,5,6,5,6,6,6,5,6,6,6,5,4,2,1,2,2,1,2,1,Female,1980s,32,25-34 years,2,I am born in this country,Not an immigrant,1,Not an immigrant,1,North America,US,North America,US,North America,US,yes,More than 5,not live with parents,1240,Married,2 children,6,840006,Higher,6,840006,Higher,3,840003,Middle,3,840003,Middle,Full time (30 hours a week or more),Full time (30 hours a week or more),Professional/Managerial,Professional/Managerial,Blue Collar,Private business or industry,No,Spent some savings and borrowed money,Upper middle class,5,Medium,No religion,100000020,840004,-4,-4,-4,-4,-4,-4,-4,-4,-4,-4,-4,-4,-4,-4,-4,-4,-4,-4,-4,-4,-4,-4,-4,-4,-4,-4,-4,-4,-4,-4,-4,-4,-4,-4,-4,-4,1,1,-2,0.207222,0.209537,0.0,0.0,0.33,0.11,0.0,1.0,0.166667,0.388889,0.0,0.0,0.0,0.0,0.33,0.33,0.33,0.33,0.0,0.0,0.0,0.0,0.75,0.66,0.66,0.69,0.0,0.0,0.444444,0.148148,0.0,0.0,0.0,0.0,1.0,1.0,1.0,3.0,86.0,2.0,33.0,1.0,53.0,8.0,0.0,8.0,209.0,4.0,0.72,69.0,61.0147,-9999.0,-9999.0,-9999.0,-9999.0,-9999.0,-9999.0,-9999.0,-9999.0,-9999.0,-9999.0,-9999.0,-9999.0,3.0,4.0,9147420.0,65280.68,62682.8,41.4,30.6,249623000.0,282162411.0,328239523.0,78.54,0.47,82.46,165890069.0,8.6,3.62,3.74,3.68,100.0,100.0,13.23,5006302.08,15.5,6.0,3.16,-9999.0,17.06,5.0,38.3,13.4,0.899,12.0,0.182,0.991,23.43,0.92,0.956,12.8,0.905,5.3,0.3,87.3,117.5,2.9,0.99,0.0,0.0,0.798,0.7,0.566,0.568,0.578,0.89,0.933,0.856,0.933,0.986,0.566,2.024,1.677,2.556,2.119,1.347,0.338,2.768,1.814,1.673,1.615,0.722,1.057,0.581,1.757,0.407,0.159,0.62,1.475,2.206,1.977,1.283,-9999.0,-9999.0,0.119,0.895,0.897,0.974,0.948,0.93,0.9,0.13,1.48,1.34,1.45,1.21,,,,,,,,,,,,,,,,,,,,,,,,,,,,,,,,,,,
6-0-0 (2024-04-30),doi.org/10.14281/18241.24,7,2021,2,504,MAR,600,MOR,504070123,504720123,20211107,202111,202112,12.52,13.3,38,2,504009,504019,-4,-3,504103.0,3,2,4,2,103,-8.24,30.3,-4,170,ar,1,1,-4,1.0,0.8333333,2.26004875,5042021,2,2,2,3,1,1,1,2,1,1,2,1,1,2,2,2,2,1,2,2,2,2,1,1,1,2,1,1,1,1,1,1,1,1,1,1,1,1,-4,1,1,1,1,1,1,1,1,2,2,3,8,6,6,3,3,3,3,3,1,2,1,2,2,2,2,2,1,3,3,3,3,3,3,3,3,3,3,3,3,3,3,3,3,3,3,-4,-4,3,-4,-4,-4,-4,-4,3,3,-4,-4,-4,-4,-4,-4,-4,3,3,1,1,1,1,3,5,1,2,3,2,1,1,1,1,1,1,1,1,1,1,1,1,1,1,1,1,1,1,1,1,1,0,0,5,5,1,1,5,2,7,3,2,2,2,3,1,2,5,4,0,0,0,0,0,0,0,0,1,2,3,2,3,2,2,2,2,1,1,1,3,3,2,2,3,3,3,2,1,1,4,1,4,1,4,1,6,6,6,6,6,9,6,1,1,2,1,2,3,1,1,1,1,1,1,4,6,6,5,5,5,5,5,5,5,5,5,5,5,5,5,5,5,5,5,4,4,4,4,3,4,4,4,4,4,1,1,1,2,2,2,2,2,2,2,2,2,2,2,2,4,4,4,4,4,2,2,2,2,2,3,1,2,3,3,2,3,2,2,2,2,2,4,6,6,6,6,6,6,7,7,7,6,6,5,1,1,3,3,3,3,3,Male,1950s,71,65 and over,3,I am born in this country,Not an immigrant,1,Not an immigrant,1,North Africa,MA,North Africa,MA,North Africa,MA,yes,2,not live with parents,170,Married,1 child,0,-4,Lower,1,-4,Lower,0,-4,Lower,0,-4,Lower,Retired/pensioned,Housewife not otherwise employed,Blue Collar,Agriculture,Agriculture,Private business or industry,Yes,Just get by,Lower middle class,3,Low,Muslim,50000000,504005,3,3,3,3,3,3,3,3,3,3,3,3,3,3,3,3,4,4,4,4,4,4,4,4,4,4,4,4,4,4,3,3,3,3,-3,-3,1,2,0,0.456667,0.276944,0.5,0.0,0.0,0.166667,0.0,0.0,0.0,0.0,1.0,1.0,1.0,1.0,0.66,0.66,0.66,0.66,0.0,0.0,1.0,0.333333,0.0,0.0,0.0,0.0,0.444444,0.444444,0.444444,0.444444,0.66,0.0,0.33,0.33,1.0,1.0,5.0,2.0,37.0,5.0,13.0,5.0,24.0,1.0,5.0,-4.0,53.0,2.0,0.5,41.0,57.0663,4.0,4.61,3.8,6.8,3.0,3.3,2.0,4.0,5.43,4.28,4.73,5.0,4.0,2.0,446300.0,7826.17,7514.72,39.5,31.9,24807462.0,28793679.0,36471769.0,76.45,1.22,62.99,12067484.0,5.06,10.41,8.57,9.02,96.75,100.0,14.31,61275.57,1.74,53.0,3.1,87.46,5.25,-9999.0,29.5,5.5,0.547,9.0,0.492,0.833,20.51,0.676,0.652,28.3,0.869,2.1,3.9,64.8,124.2,-1.4,0.94,3.0,0.21,0.29,0.256,0.215,0.281,0.224,0.584,0.646,0.623,0.68,0.711,0.481,-0.999,-0.524,0.941,0.299,1.475,1.196,0.67,-0.888,-1.568,-0.076,0.684,0.421,-0.295,0.116,-0.34,-0.158,0.463,1.085,0.553,1.307,0.369,-0.273,0.052,0.499,0.717,0.653,0.835,0.699,0.851,-0.63,-0.34,-0.2,-0.14,-0.25,-0.34,,,None,,,,,,,,,,,,,,,,,,,,,,,,,,,,,,,,
6-0-0 (2024-04-30),doi.org/10.14281/18241.24,7,2018,2,170,COL,100,COL,170076050,170720956,20181212,201811,201812,16.58,17.53,56,1,170003,170102,-4,-3,170002.0,5,3,3,1,-4,-76.0,6.0,2864,1270,es,1,1,1,1.0,0.6578947,2.65730631578947,1702018,1,1,2,1,1,1,2,2,2,2,2,1,2,2,2,1,2,2,2,2,2,2,2,1,2,2,1,1,3,3,3,2,4,2,4,2,4,2,4,2,2,4,4,4,3,3,3,1,1,2,10,10,9,3,4,4,3,4,3,2,1,1,4,4,4,2,2,2,2,2,2,2,2,4,4,2,4,2,4,2,2,2,2,2,4,-4,-4,-4,-4,-4,-4,-4,-4,-4,-4,4,-4,-4,-4,-4,-4,-4,2,2,2,3,2,2,2,10,1,1,2,1,1,1,1,1,1,1,1,1,1,1,1,1,1,1,1,1,1,1,1,1,1,-2,-2,10,9,10,10,9,2,10,4,4,4,4,4,1,4,10,3,2,0,0,0,0,2,0,0,2,1,4,4,4,4,4,4,4,2,2,2,1,4,2,2,2,2,2,2,2,1,4,3,3,4,3,4,1,10,10,1,5,1,10,1,1,2,1,1,1,7,1,1,3,2,2,10,9,9,1,1,1,1,1,1,1,1,1,1,1,1,1,1,1,1,1,4,4,4,4,3,5,5,5,5,5,5,5,5,2,3,3,3,2,2,2,3,3,3,3,3,1,3,170003,170003,170003,4,1,2,1,1,4,1,1,1,1,1,4,1,1,4,1,1,1,1,1,1,1,10,1,1,10,1,10,1,1,4,1,1,1,1,1,1,Male,1990s,20,16-24 years,1,I am born in this country,Not an immigrant,1,Not an immigrant,1,Latin America,CO,Latin America,CO,Latin America,CO,yes,2,own parents,1270,Living together as married,No children,2,-4,Lower,1,-4,Lower,1,-4,Lower,2,-4,Lower,Unemployed,Full time (30 hours a week or more),Not employed,Blue Collar,Agriculture,Private business or industry,No,Spent savings and borrowed money,Lower middle class,3,Low,No religion,100000020,170011,-4,-4,-4,-4,-4,-4,-4,-4,-4,-4,-4,-4,-4,-4,-4,-4,-4,-4,-4,-4,-4,-4,-4,-4,-4,-4,-4,-4,-4,-4,-4,-4,-4,-4,-4,-4,3,2,0,0.3325,0.359583,0.0,0.0,0.0,0.0,0.0,1.0,1.0,0.666667,1.0,0.0,0.0,0.333333,0.33,0.33,0.33,0.33,0.0,0.0,1.0,0.333333,0.75,0.66,0.66,0.69,0.0,0.0,0.0,0.0,0.33,0.5,0.415,0.415,1.0,1.0,1.0,2.0,66.0,3.0,29.0,3.0,37.0,7.0,0.0,7.0,61.0,4.0,0.5,37.0,60.0501,2.0,6.59,6.75,7.3,7.0,6.5,7.5,5.5,6.43,6.14,6.93,2.0,5.0,3.0,1109500.0,15643.73,14730.88,50.4,39.0,33102575.0,39629968.0,50339443.0,77.11,1.38,81.1,26787864.0,5.56,12.71,7.45,9.71,91.79,99.94,68.24,97813.56,2.03,67.0,3.17,38.09,7.23,4.4,31.3,8.3,0.683,12.0,0.411,0.986,18.71,0.761,0.734,22.4,0.879,24.9,79.8,62.3,129.9,4.2,1.01,2.0,2.24,0.667,0.503,0.455,0.467,0.368,0.676,0.891,0.81,0.573,0.694,0.359,-0.36,0.177,0.881,0.102,0.057,-0.33,0.506,0.549,1.1,1.112,0.152,1.099,-0.172,0.591,-1.0,-0.532,-9999.0,0.148,-9999.0,1.819,1.554,0.473,1.043,0.428,0.72,0.553,0.865,0.716,0.488,0.21,-0.95,0.06,0.33,-0.37,-0.26,,,,,,,,,,,,,,,,,,,,,,,,,,,,,,,,,,,
6-0-0 (2024-04-30),doi.org/10.14281/18241.24,7,2022,2,203,CZE,316,CZR,203070284,203720284,20220310,202202,202205,18.06,19.04,58,1,203020,203004,2030002,20300,203040.0,4,2,3,1,20,15.28,49.95,3410,1040,cs,1,1,1,1.022782771,0.8333333,0.7357265,2032022,2,2,2,4,2,4,2,1,2,2,2,2,1,1,2,1,1,1,1,1,2,1,2,1,2,1,3,3,1,3,2,3,2,1,1,1,2,1,4,2,2,2,2,3,3,3,1,1,2,2,8,7,8,4,4,4,4,4,1,2,1,2,2,3,3,3,3,2,3,3,4,2,2,3,3,3,2,2,2,-1,2,2,2,2,3,-4,-4,-4,-4,-4,-4,-4,3,-4,-4,-4,-4,-4,-4,-4,-4,-4,3,-1,2,3,2,-1,-1,8,-1,2,3,0,0,0,0,0,0,0,0,0,0,0,0,0,0,0,0,0,0,0,0,0,0,0,0,2,10,2,5,10,1,7,-1,-1,2,2,2,2,0,6,3,2,2,2,2,1,2,2,1,2,3,4,4,4,4,4,4,4,1,1,2,2,4,2,2,3,4,4,1,2,2,2,3,2,1,3,4,9,10,5,9,1,1,1,2,2,2,2,-1,-1,7,8,4,2,2,2,2,1,2,1,2,3,3,2,2,2,6,1,1,2,1,1,1,5,1,1,3,4,4,3,3,2,2,2,4,5,2,4,2,2,2,2,2,1,2,2,2,2,2,3,3,2,2,203091,203091,203091,2,3,2,3,2,2,4,4,2,2,1,5,3,2,3,1,4,8,10,1,10,10,7,10,8,5,10,9,9,8,2,2,1,1,2,2,2,Female,1960s,56,55-64 years,3,I am born in this country,Not an immigrant,1,Not an immigrant,1,Eastern Europe,CZ,Eastern Europe,CZ,Eastern Europe,CZ,yes,2,not live with parents,1040,Married,No children,3,203104,Middle,2,203103,Lower,3,203104,Middle,3,203104,Middle,Part time (less than 30 hours a week),Full time (30 hours a week or more),Professional/Managerial,White Collar,White Collar,Government or public institution,No,Save money,Lower middle class,5,Medium,No religion,100000020,203003,-4,-4,-4,-4,-4,-4,-4,-4,-4,-4,-4,-4,-4,-4,-4,-4,-4,-4,-4,-4,-4,-4,-4,-4,-4,-4,-4,-4,-4,-4,-4,-4,-4,-4,-4,-4,3,2,1,0.665,0.341204,0.0,0.33,0.66,0.33,1.0,1.0,1.0,1.0,1.0,1.0,1.0,1.0,0.33,0.33,0.33,0.33,1.0,0.0,0.0,0.333333,0.25,0.0,0.66,0.303333,0.222222,0.111111,0.111111,0.148148,0.66,0.5,0.58,0.58,1.0,1.0,4.0,3.0,91.0,1.0,36.0,1.0,55.0,9.0,0.0,9.0,25.0,4.0,0.73,56.0,75.7754,1.0,9.52,9.4,10.0,10.0,9.3,9.0,8.8,9.64,7.03,8.77,1.0,6.0,4.0,77220.0,42575.61,40314.23,24.9,22.1,10333355.0,10255063.0,10669709.0,79.03,0.37,73.92,5445535.0,10.6,2.38,1.57,1.93,97.13,100.0,11.4,102217.63,9.67,41.0,1.12,144.88,7.23,5.8,43.2,12.7,0.892,9.0,0.137,0.983,22.5,0.891,0.869,4.5,0.911,0.6,1.2,80.7,119.2,2.1,1.01,0.0,0.0,0.796,0.697,0.554,0.612,0.697,0.891,0.873,0.887,0.946,0.849,0.956,0.737,0.574,0.863,1.336,2.729,1.604,1.964,1.117,1.538,1.349,1.454,1.19,1.053,1.617,2.658,3.021,2.28,2.629,2.055,2.767,2.921,2.401,2.04,0.251,0.935,0.942,0.966,0.851,0.945,0.84,0.94,0.95,1.24,1.05,0.56,,,,,,,,,,,,,,,,,,,,,,,,,,,,,,,,,,,
6-0-0 (2024-04-30),doi.org/10.14281/18241.24,7,2020,2,124,CAN,20,CAN,124073946,124722830,20201012,202010,202010,-4.0,13.01,-4,3,124002,124009,-4,-3,-4.0,7,4,2,1,-4,-4.0,-4.0,-3,1240,en,-4,-4,-4,0.312748045,0.24888,0.800197710303634,1242020,1,2,1,3,2,2,1,2,1,1,1,1,2,2,2,2,2,2,2,2,2,2,2,2,2,2,2,4,4,4,4,4,5,2,3,3,5,2,1,5,3,5,3,3,2,1,1,3,2,1,8,9,9,4,3,4,4,4,3,2,2,2,2,2,2,2,3,4,3,4,3,4,1,3,4,3,3,3,2,3,3,2,2,2,3,-4,-4,-4,-4,-4,3,-4,-4,-4,-4,-4,-4,-4,-4,-4,-4,-4,2,3,3,3,3,2,3,5,2,3,2,2,1,0,0,0,0,0,0,0,0,0,0,0,0,0,0,0,0,0,0,0,0,0,0,7,5,5,5,7,1,7,2,3,2,2,2,2,3,5,5,2,2,0,2,0,2,0,0,1,1,4,4,4,3,4,4,4,1,1,2,4,4,1,2,2,3,3,2,1,1,1,3,4,2,2,4,10,10,1,1,1,10,5,1,2,2,2,3,4,2,4,3,2,2,2,2,2,5,5,1,1,10,10,10,7,10,10,10,1,1,1,1,10,5,1,2,2,2,3,3,5,4,4,1,5,1,1,1,1,1,1,2,1,2,1,1,1,1,1,2,1,1,124003,124003,124003,1,4,3,3,3,1,2,4,1,2,1,4,4,3,4,1,4,5,10,1,10,10,1,10,10,1,10,10,7,4,3,1,3,4,4,4,4,Male,1980s,35,35-44 years,2,I am an immigrant to this country (born outside this country),Not an immigrant,1,Immigrant,0,North America,US,North America,CA,North America,US,yes,2,not live with parents,1240,Married,No children,6,-4,Higher,4,-4,Middle,6,-4,Higher,6,-4,Higher,Full time (30 hours a week or more),Self employed,Professional/Managerial,White Collar,professional or managerial,Government or public institution,Yes,Save money,Upper middle class,8,High,No religion,100000020,124001,-4,-4,-4,-4,-4,-4,-4,-4,-4,-4,-4,-4,-4,-4,-4,-4,-4,-4,-4,-4,-4,-4,-4,-4,-4,-4,-4,-4,-4,-4,-4,-4,-4,-4,-4,-4,4,3,0,0.485556,0.817472,1.0,0.0,0.33,0.443333,0.33,1.0,0.166667,0.498889,1.0,0.0,0.0,0.333333,1.0,1.0,0.0,0.666667,0.0,1.0,1.0,0.666667,1.0,1.0,1.0,1.0,1.0,1.0,0.666667,0.888889,1.0,0.5,0.75,0.75,1.0,1.0,1.0,3.0,98.0,1.0,40.0,1.0,58.0,10.0,0.0,10.0,130.0,5.0,0.81,77.0,75.0691,-9999.0,-9999.0,-9999.0,-9999.0,-9999.0,-9999.0,-9999.0,-9999.0,-9999.0,-9999.0,-9999.0,-9999.0,3.0,4.0,9093510.0,51341.71,49031.38,33.8,25.3,27691138.0,30685730.0,37589262.0,81.95,1.42,81.48,20583847.0,7.7,5.26,5.84,5.56,100.0,100.0,63.01,544894.2,15.09,23.0,1.25,64.98,10.57,-9999.0,41.1,13.3,0.891,10.0,0.083,0.989,28.99,0.922,0.918,8.5,0.959,1.8,0.1,91.0,89.2,6.6,1.0,1.0,0.0,0.866,0.776,0.619,0.791,0.776,0.954,0.878,0.947,0.953,0.961,0.924,2.402,2.4,2.352,2.306,2.315,1.267,2.841,1.608,1.625,2.936,1.499,1.682,2.054,3.167,2.297,2.218,2.799,1.597,2.666,3.07,2.314,1.781,2.459,0.038,0.926,0.907,0.999,0.968,0.896,1.43,1.02,1.72,1.71,1.75,1.76,,,,,,,,,,,,,,,,,,,,,,,,,,,,,,,,,,,
6-0-0 (2024-04-30),doi.org/10.14281/18241.24,7,2018,2,792,TUR,640,TUR,792070625,792720625,20180415,201803,201805,-4.0,-4.0,-4,2,-5,792124,7920024,79212,-4.0,5,3,4,2,7,-4.0,-4.0,202,4370,tr,1,1,-4,1.0,0.4140787,2.68611610766046,7922018,2,1,2,2,1,2,1,2,1,1,2,1,1,-1,-1,2,-1,1,2,1,2,1,2,1,2,2,2,3,2,2,2,3,3,3,4,2,4,2,4,3,3,2,2,2,2,1,2,2,1,2,9,8,8,2,2,2,2,4,2,2,2,1,2,2,1,2,2,1,2,2,2,1,2,1,2,2,1,2,2,2,2,1,2,2,2,-4,-4,-4,-4,-4,-4,-4,2,-4,-4,-4,-4,-4,-4,-4,-4,-4,1,2,1,2,2,1,2,7,1,1,-5,0,0,0,0,0,0,0,0,0,0,0,0,0,0,0,0,0,0,0,0,0,0,0,0,8,8,9,8,6,2,7,3,2,3,2,2,3,2,9,2,1,2,2,1,2,1,2,1,3,2,1,2,4,4,3,4,3,-5,1,-5,2,1,2,1,2,1,2,1,1,2,2,3,2,3,2,3,8,7,8,8,9,8,7,1,2,2,1,2,2,3,3,2,2,2,1,8,7,7,7,7,6,7,8,8,9,8,7,8,9,8,8,-5,6,-5,8,2,1,2,2,1,2,2,2,2,3,3,2,2,2,2,2,3,2,3,1,2,2,1,2,1,2,3,792002,792002,792002,2,1,2,2,2,1,2,2,2,2,1,-4,2,2,-5,2,2,8,8,8,7,6,-4,8,7,7,6,7,7,6,3,3,2,2,1,2,2,Male,1980s,38,35-44 years,2,I am born in this country,Not an immigrant,1,Not an immigrant,1,Middle East,TR,Middle East,TR,Middle East,TR,yes,3,own parents,-4,Married,No children,0,792014,Lower,0,792114,Lower,0,792001,Lower,0,792001,Lower,Full time (30 hours a week or more),Housewife not otherwise employed,Blue Collar,Blue Collar,Blue Collar,Private business or industry,Yes,Just get by,Upper middle class,8,High,Muslim,50000000,-5,-4,-4,-4,-4,-4,-4,-4,-4,-4,-4,-4,-4,-4,-4,-4,-4,-4,-4,-4,-4,-4,-4,-4,-4,-4,-4,-4,-4,-4,-4,-4,-4,-4,-4,-4,-4,4,2,-5,0.540278,0.479861,0.5,0.66,0.33,0.496667,0.33,1.0,0.333333,0.554444,1.0,1.0,1.0,1.0,0.0,0.0,0.33,0.11,0.0,0.0,,0.175,0.5,0.33,0.33,0.386667,0.666667,0.777778,0.888889,0.777778,0.66,0.5,0.58,0.58,1.0,0.915,4.0,1.0,32.0,5.0,16.0,6.0,16.0,0.0,4.0,-4.0,2.0,2.0,0.43,39.0,47.446,4.0,6.17,5.55,6.8,6.0,4.3,5.0,5.8,6.79,4.72,5.37,3.0,6.0,3.0,769630.0,27875.19,28167.4,41.9,32.1,53921760.0,63240194.0,83429615.0,77.44,1.34,75.63,33368843.0,5.41,16.42,12.05,13.49,-9999.0,100.0,31.96,372724.88,4.67,33.0,2.5,61.39,4.22,4.3,31.5,7.7,0.712,12.0,0.305,0.924,17.45,0.807,0.833,16.0,0.884,4.3,68.9,71.0,97.3,3.5,0.99,5.0,5.0,0.292,0.101,0.155,0.133,0.178,0.187,0.545,0.477,0.184,0.197,0.434,-0.959,-1.153,1.15,-1.232,0.27,-2.2,-2.12,-0.999,-1.375,-1.534,-1.545,-0.449,-0.245,-0.553,-0.742,0.17,0.801,0.61,1.058,0.343,-0.147,-1.934,-1.682,0.733,0.431,0.307,0.675,0.203,0.189,-0.83,-1.37,0.02,0.0,-0.33,-0.3,,,,,,,,,,,,,,,,,,,,,,,,,,,,,,,,,,,
6-0-0 (2024-04-30),doi.org/10.14281/18241.24,7,2020,2,124,CAN,20,CAN,124071762,124721310,20201008,202010,202010,-4.0,13.51,-4,3,124005,124011,-4,-3,-4.0,7,4,2,1,-4,-4.0,-4.0,-3,1240,en,-4,-4,-4,0.180267632,0.24888,0.800197710303634,1242020,1,1,1,2,2,4,2,1,1,2,2,1,2,1,2,1,2,1,2,2,2,2,2,2,2,2,2,4,3,4,3,3,4,2,1,1,4,2,2,4,3,3,2,4,2,1,1,3,2,2,6,7,6,4,4,4,4,4,3,1,1,2,1,2,2,2,3,2,3,3,2,3,2,2,3,3,2,1,2,3,2,3,3,2,2,-4,-4,-4,-4,-4,2,-4,-4,-4,-4,-4,-4,-4,-4,-4,-4,-4,2,2,3,2,2,1,2,5,3,3,2,1,1,2,1,0,0,2,1,0,0,0,0,2,1,0,0,0,0,0,0,0,0,0,0,4,7,3,2,4,1,4,2,2,2,2,2,2,0,4,3,2,2,1,1,1,2,0,2,3,2,4,3,3,4,3,4,4,2,1,2,3,3,2,2,3,3,4,2,2,1,1,4,1,3,3,2,8,10,1,1,1,10,1,2,2,2,2,4,4,4,4,3,3,1,1,10,1,2,1,1,1,10,7,8,8,10,7,8,1,1,3,2,8,6,3,3,3,4,1,2,1,2,1,1,2,1,1,1,2,1,2,1,1,1,1,1,1,2,2,3,1,1,124001,124001,124001,1,4,3,3,2,2,2,4,1,2,1,3,4,3,4,2,4,3,8,1,10,8,5,10,3,1,10,10,8,8,1,2,1,2,2,3,3,Male,1980s,37,35-44 years,2,I am born in this country,Not an immigrant,1,Not an immigrant,1,North America,CA,North America,CA,North America,CA,yes,3,not live with parents,1240,Married,1 child,6,-4,Higher,4,-4,Middle,4,-4,Middle,4,-4,Middle,Full time (30 hours a week or more),Part time (less than 30 hours a week),Professional/Managerial,White Collar,Blue Collar,Government or public institution,Yes,Just get by,Lower middle class,7,Medium,Roman Catholic,10100000,124001,-4,-4,-4,-4,-4,-4,-4,-4,-4,-4,-4,-4,-4,-4,-4,-4,-4,-4,-4,-4,-4,-4,-4,-4,-4,-4,-4,-4,-4,-4,-4,-4,-4,-4,-4,-4,2,1,2,0.54,0.549076,1.0,0.33,0.33,0.553333,1.0,1.0,0.5,0.833333,1.0,0.0,0.0,0.333333,0.33,0.66,0.33,0.44,1.0,0.0,1.0,0.666667,0.75,0.66,1.0,0.803333,1.0,0.777778,0.777778,0.851852,0.0,0.0,0.0,0.0,1.0,1.0,1.0,3.0,98.0,1.0,40.0,1.0,58.0,10.0,0.0,10.0,130.0,5.0,0.81,77.0,75.0691,-9999.0,-9999.0,-9999.0,-9999.0,-9999.0,-9999.0,-9999.0,-9999.0,-9999.0,-9999.0,-9999.0,-9999.0,3.0,4.0,9093510.0,51341.71,49031.38,33.8,25.3,27691138.0,30685730.0,37589262.0,81.95,1.42,81.48,20583847.0,7.7,5.26,5.84,5.56,100.0,100.0,63.01,544894.2,15.09,23.0,1.25,64.98,10.57,-9999.0,41.1,13.3,0.891,10.0,0.083,0.989,28.99,0.922,0.918,8.5,0.959,1.8,0.1,91.0,89.2,6.6,1.0,1.0,0.0,0.866,0.776,0.619,0.791,0.776,0.954,0.878,0.947,0.953,0.961,0.924,2.402,2.4,2.352,2.306,2.315,1.267,2.841,1.608,1.625,2.936,1.499,1.682,2.054,3.167,2.297,2.218,2.799,1.597,2.666,3.07,2.314,1.781,2.459,0.038,0.926,0.907,0.999,0.968,0.896,1.43,1.02,1.72,1.71,1.75,1.76,,,,,,,,,,,,,,,,,,,,,,,,,,,,,,,,,,,
6-0-0 (2024-04-30),doi.org/10.14281/18241.24,7,2020,2,704,VNM,816,DRV,704070892,704720660,20200102,201912,202001,17.42,18.24,41,1,704057,704003,-4,-3,704014.0,7,4,5,2,134,106.6,11.07,45,4470,vi,2,1,1,1.0,0.8333333,6.29114266666667,7042020,1,2,2,3,2,3,2,2,2,1,1,2,1,1,2,2,1,1,1,1,1,1,1,1,1,1,1,2,2,2,2,2,2,1,2,1,3,3,5,1,2,1,1,1,2,3,1,1,2,3,9,7,8,4,3,4,3,4,1,2,1,2,2,2,2,2,2,2,2,2,2,2,2,2,2,2,2,2,2,2,2,2,2,2,2,-4,-4,-4,2,-4,-4,-4,-4,-4,-4,-4,-4,-4,-4,-4,-4,-4,2,2,2,2,2,2,2,1,-1,-1,2,0,0,0,0,0,0,0,0,0,0,0,0,0,0,0,0,0,0,0,0,0,0,0,0,10,4,10,1,8,1,9,2,2,2,2,2,2,4,6,4,2,2,0,0,2,2,2,0,2,2,4,1,4,4,4,4,4,1,1,2,3,1,2,2,3,3,3,1,2,1,1,4,3,2,1,4,8,8,8,4,6,8,5,1,2,1,1,3,3,6,7,4,2,1,2,10,2,2,1,3,3,6,6,6,7,6,9,10,2,9,3,3,6,3,6,3,2,2,3,3,2,1,5,2,5,2,2,3,3,3,3,3,3,3,3,3,3,3,-4,-4,2,3,-4,-4,-4,1,4,4,4,1,1,4,1,1,1,3,3,1,1,1,1,1,-4,9,8,10,10,10,10,10,10,10,10,10,8,1,1,1,2,2,2,3,Female,1970s,42,35-44 years,2,I am born in this country,Not an immigrant,1,Not an immigrant,1,Southeast Asia,VN,Southeast Asia,VN,Southeast Asia,VN,yes,More than 5,parents in law,4470,Married,2 children,2,-4,Lower,3,-4,Middle,2,-4,Lower,2,-4,Lower,Part time (less than 30 hours a week),Full time (30 hours a week or more),Blue Collar,Blue Collar,Agriculture,Private business or industry,No,Just get by,Working class,4,Medium,No religion,100000020,704001,2,4,4,2,2,2,2,4,4,2,2,2,2,2,4,2,3,2,3,3,4,4,3,2,4,2,2,2,4,2,2,4,4,-4,0,-3,1,2,0,0.540278,0.348565,0.0,0.0,0.0,0.0,0.66,1.0,0.833333,0.831111,1.0,1.0,1.0,1.0,0.33,0.33,0.33,0.33,0.0,1.0,0.0,0.333333,0.25,0.33,0.33,0.303333,0.555556,0.555556,0.666667,0.592593,0.33,0.0,0.165,0.165,1.0,1.0,2.0,1.0,20.0,7.0,3.0,5.0,17.0,0.0,7.0,-7.0,64.0,1.0,0.49,37.0,33.8903,7.0,4.41,3.35,8.8,1.8,2.8,1.5,2.0,5.46,4.51,4.98,5.0,7.0,2.0,310070.0,8374.44,8041.18,35.7,27.1,67988862.0,79910412.0,96462106.0,75.32,0.96,36.63,57364650.0,6.32,1.9,2.11,2.01,66.92,100.0,36.73,192667.85,2.06,70.0,2.3,210.4,5.53,5.7,32.5,8.2,0.626,10.0,0.314,1.003,26.72,0.693,0.624,16.2,0.851,1.5,334.5,70.3,71.8,-0.8,1.02,-9999.0,1.0,0.217,0.122,0.194,0.162,0.202,0.177,0.058,0.465,0.488,0.702,0.735,-0.818,-0.647,0.699,-0.486,0.783,0.638,-0.59,-0.719,-1.028,-1.949,-1.333,-1.642,0.123,0.982,1.523,0.345,0.714,0.074,1.767,1.265,1.024,-0.578,0.004,0.65,0.778,0.679,0.961,0.281,0.471,-1.41,0.03,0.04,-0.36,-0.03,-0.52,,,Not asked,,,,,,,,,,,,,,,,,,,,,,,,,,,,,,,,
6-0-0 (2024-04-30),doi.org/10.14281/18241.24,7,2020,2,702,SGP,830,SIN,702071783,702721783,-4,201911,202003,21.34,22.19,45,2,702002,702002,-4,-3,-4.0,8,5,1,1,-4,103.93,1.32,-4,1240,en,2,1,1,0.91407439,0.4970179,0.259867892644135,7022020,1,2,3,3,1,3,1,1,2,1,2,1,2,2,2,2,2,1,2,2,2,2,2,1,2,2,2,3,3,3,3,3,3,3,3,3,3,3,3,3,2,2,2,3,-1,2,2,2,2,2,6,8,7,4,4,4,4,4,3,2,1,1,1,3,2,2,2,1,1,-1,1,1,1,1,-1,-1,1,1,-1,1,2,2,2,2,-1,-4,-4,-4,-1,-4,-4,-4,-4,-4,-4,-4,-4,-4,-4,-4,-4,-4,-1,-1,-1,-1,-1,1,-1,6,-1,-1,-1,0,0,0,0,0,0,0,0,0,0,0,0,0,0,0,0,0,0,0,0,0,0,0,0,6,6,1,2,5,2,5,2,2,-4,2,2,1,0,10,5,1,1,1,1,1,1,1,1,2,2,4,2,4,4,4,4,4,1,2,-4,2,-5,2,2,1,1,3,2,2,2,1,2,3,1,1,4,5,5,5,5,5,5,7,1,1,1,1,3,3,6,1,1,1,1,2,5,5,1,1,1,1,5,1,5,5,5,1,1,1,1,1,1,1,1,5,1,3,3,4,3,5,5,5,1,5,5,1,5,3,3,3,3,1,3,3,3,3,3,3,3,-4,4,-4,-4,-4,-1,-1,-1,-1,-1,-1,-1,-1,-1,-1,3,5,-1,-1,-1,-1,-1,5,-1,-1,-1,-1,-1,-1,-1,-1,-1,7,7,8,2,5,-4,-4,2,4,4,Female,1970s,42,35-44 years,2,I am an immigrant to this country (born outside this country),Immigrant,0,Immigrant,0,Southeast Asia,MY,Southeast Asia,MY,Southeast Asia,MY,not,More than 5,not live with parents,2870,Married,No children,4,702007,Middle,2,702004,Lower,0,702001,Lower,0,702001,Lower,Housewife not otherwise employed,Full time (30 hours a week or more),White Collar,Professional/Managerial,White Collar,Private business or industry,No,Save money,Working class,5,Medium,Buddhist,70000000,702004,-4,-4,-4,-4,-4,-4,-4,-4,-4,-4,-4,-4,-4,-4,-4,-4,-4,-4,-4,-4,-4,-4,-4,-4,-4,-4,-4,-4,-4,-4,-4,-4,-4,-4,-4,-4,0,1,1,0.229892,0.429444,0.5,,0.33,0.42179,0.66,0.0,0.833333,0.497778,0.0,0.0,0.0,0.0,0.0,0.0,0.0,0.0,1.0,0.0,1.0,0.666667,0.5,0.66,0.66,0.606667,0.444444,0.444444,0.444444,0.444444,0.0,0.0,0.0,0.0,0.915,1.0,2.0,2.0,50.0,4.0,19.0,4.0,31.0,2.0,4.0,-2.0,53.0,2.0,0.79,85.0,52.6859,7.0,7.15,5.42,10.0,3.5,5.8,2.5,5.3,8.89,5.95,7.13,4.0,7.0,4.0,709.0000153,101375.78,97341.47,-9999.0,-9999.0,3047132.0,4027887.0,5703569.0,83.15,1.14,100.0,3527065.0,5.0,4.31,3.96,4.11,100.0,100.0,1.82,37535.41,6.69,2.0,3.14,319.15,4.44,2.9,42.2,11.5,0.837,6.0,0.065,0.988,23.0,0.935,1.0,12.8,0.976,0.2,0.0,88.2,145.7,4.7,1.0,-9999.0,0.0,0.398,0.345,0.115,0.346,0.345,0.334,0.505,0.742,0.93,0.454,0.925,3.399,3.038,2.699,2.838,1.765,0.189,-0.121,0.958,0.491,-0.674,-0.442,0.537,0.759,1.938,2.378,2.261,3.015,2.892,2.214,3.147,2.502,-0.538,-0.696,0.018,0.879,0.798,0.979,0.975,0.88,-0.21,1.5,2.21,2.16,1.87,2.16,,,Not asked,,,,,,,,,,,,,,,,,,,,,,,,,,,,,,,,
6-0-0 (2024-04-30),doi.org/10.14281/18241.24,7,2022,2,203,CZE,316,CZR,203070843,203720843,20220416,202202,202205,14.1,15.04,54,1,203010,203201,2030001,20300,203065.0,8,5,1,1,15,14.53,50.03,5258,1040,cs,1,1,1,1.20935753,0.8333333,0.7357265,2032022,1,1,1,3,1,4,2,2,1,1,2,1,1,1,2,2,2,1,2,2,2,2,2,1,2,2,2,4,2,4,2,1,5,2,1,1,1,1,1,5,1,5,5,5,2,2,1,2,2,1,7,8,8,4,4,4,4,4,1,2,1,2,1,4,3,3,4,3,2,3,2,2,2,3,3,4,3,1,2,2,1,3,3,2,2,-4,-4,-4,-4,-4,-4,-4,2,-4,-4,-4,-4,-4,-4,-4,-4,-4,2,2,2,1,1,1,2,3,3,2,2,0,0,0,0,0,0,0,0,0,0,0,0,0,0,0,0,0,0,0,0,0,0,0,0,3,7,3,2,3,2,4,2,1,2,2,1,2,2,4,2,0,2,1,2,0,2,0,0,2,2,4,2,4,4,3,3,4,2,2,2,4,3,2,2,2,4,4,2,2,1,1,2,2,3,1,2,10,10,1,1,10,10,1,2,2,2,2,4,1,7,8,4,2,1,2,4,3,10,1,4,2,10,10,10,10,10,10,10,1,1,1,1,10,3,6,1,4,3,2,2,2,1,1,1,1,1,1,2,2,2,2,2,2,2,2,2,2,2,3,3,2,1,203050,203050,203050,1,4,4,3,1,1,3,4,1,1,2,3,4,1,4,1,4,6,8,1,10,10,1,10,1,1,10,10,6,6,3,1,1,1,1,1,2,Male,1990s,32,25-34 years,2,I am born in this country,Not an immigrant,1,Not an immigrant,1,Eastern Europe,CZ,Eastern Europe,CZ,Eastern Europe,CZ,yes,2,not live with parents,1040,Living together as married,No children,7,203108,Higher,7,203108,Higher,2,203103,Lower,2,203103,Lower,Full time (30 hours a week or more),Full time (30 hours a week or more),Professional/Managerial,Professional/Managerial,Blue Collar,Private business or industry,Yes,Save money,Upper middle class,8,High,No religion,100000020,203003,-4,-4,-4,-4,-4,-4,-4,-4,-4,-4,-4,-4,-4,-4,-4,-4,-4,-4,-4,-4,-4,-4,-4,-4,-4,-4,-4,-4,-4,-4,-4,-4,-4,-4,-4,-4,2,2,1,0.679167,0.61,0.5,0.0,0.33,0.276667,1.0,1.0,1.0,1.0,1.0,1.0,1.0,1.0,0.66,0.33,0.33,0.44,0.0,0.0,1.0,0.333333,1.0,0.33,1.0,0.776667,1.0,1.0,1.0,1.0,0.66,0.0,0.33,0.33,1.0,1.0,4.0,3.0,91.0,1.0,36.0,1.0,55.0,9.0,0.0,9.0,25.0,4.0,0.73,56.0,75.7754,1.0,9.52,9.4,10.0,10.0,9.3,9.0,8.8,9.64,7.03,8.77,1.0,6.0,4.0,77220.0,42575.61,40314.23,24.9,22.1,10333355.0,10255063.0,10669709.0,79.03,0.37,73.92,5445535.0,10.6,2.38,1.57,1.93,97.13,100.0,11.4,102217.63,9.67,41.0,1.12,144.88,7.23,5.8,43.2,12.7,0.892,9.0,0.137,0.983,22.5,0.891,0.869,4.5,0.911,0.6,1.2,80.7,119.2,2.1,1.01,0.0,0.0,0.796,0.697,0.554,0.612,0.697,0.891,0.873,0.887,0.946,0.849,0.956,0.737,0.574,0.863,1.336,2.729,1.604,1.964,1.117,1.538,1.349,1.454,1.19,1.053,1.617,2.658,3.021,2.28,2.629,2.055,2.767,2.921,2.401,2.04,0.251,0.935,0.942,0.966,0.851,0.945,0.84,0.94,0.95,1.24,1.05,0.56,,,,,,,,,,,,,,,,,,,,,,,,,,,,,,,,,,,
6-0-0 (2024-04-30),doi.org/10.14281/18241.24,7,2018,2,360,IDN,850,INS,360072128,360722128,20180603,201806,201808,-4.0,-4.0,-4,1,360001,360021,-4,-3,-4.0,3,2,5,2,214,112.28,-7.77,-4,1890,id,1,1,-4,0.575894135,0.3125,6.3753281875,3602018,1,2,1,2,1,1,1,1,2,1,2,2,2,2,1,2,1,1,2,2,2,1,2,1,1,2,2,3,2,3,3,3,4,2,2,1,4,2,4,2,2,2,2,2,2,3,-1,3,2,1,7,9,9,4,4,2,4,4,1,2,1,3,3,4,3,4,1,3,1,3,3,4,3,2,3,3,2,2,3,3,2,2,2,1,-1,-4,-4,-4,-1,-4,-4,-4,-4,-4,-4,-4,-4,-4,-4,-4,-4,-4,-1,-1,3,-1,-1,3,-1,7,-1,-1,-1,1,1,0,0,0,0,0,0,0,0,0,0,0,0,0,0,0,0,0,0,2,1,0,0,8,2,8,2,2,1,10,4,3,4,3,1,1,2,10,3,2,0,2,2,2,2,0,2,3,2,3,3,4,4,2,2,3,1,1,2,2,1,2,2,1,1,1,1,2,1,3,4,1,3,1,4,2,8,1,3,3,8,10,1,1,1,1,3,1,2,1,1,1,1,1,5,3,5,4,4,3,1,1,1,3,1,3,5,1,2,2,1,1,1,2,2,2,3,2,2,5,2,5,5,5,5,5,2,3,3,3,3,3,3,3,3,-5,-5,-5,-5,1,1,360004,360004,360004,2,-1,2,1,3,3,3,2,3,3,2,-1,4,3,2,2,-1,5,8,7,9,1,8,10,8,10,10,10,10,7,-1,1,2,3,3,4,4,Female,1970s,40,35-44 years,2,I am born in this country,Not an immigrant,1,Not an immigrant,1,Southeast Asia,ID,Southeast Asia,ID,Southeast Asia,ID,yes,4,not live with parents,2030,Married,2 children,2,360013,Lower,2,360013,Lower,1,360012,Lower,1,360012,Lower,Full time (30 hours a week or more),Full time (30 hours a week or more),White Collar,Blue Collar,White Collar,Private business or industry,No,Just get by,Lower middle class,4,Medium,Muslim,50000000,360004,-4,-4,-4,-4,-4,-4,-4,-4,-4,-4,-4,-4,-4,-4,-4,-4,-4,-4,-4,-4,-4,-4,-4,-4,-4,-4,-4,-4,-4,-4,-4,-4,-4,-4,-4,-4,1,1,-1,0.568056,0.371852,1.0,0.0,0.33,0.443333,0.0,0.0,0.166667,0.055556,1.0,1.0,1.0,1.0,0.66,1.0,0.66,0.773333,1.0,0.0,0.0,0.333333,0.75,0.33,0.66,0.58,0.0,0.0,0.222222,0.074074,0.0,1.0,0.5,0.5,1.0,1.0,2.0,2.0,61.0,2.0,30.0,4.0,31.0,9.0,0.0,9.0,19.0,4.0,0.53,40.0,56.7099,7.0,6.25,6.5,6.5,7.0,6.3,6.0,6.8,6.0,5.45,6.07,2.0,7.0,3.0,1811570.0,12301.75,11812.2,39.0,29.5,181413402.0,211513823.0,270625568.0,71.51,1.1,55.99,134776525.0,6.47,4.51,4.8,4.69,58.37,98.51,10.65,563324.54,2.15,73.0,0.72,37.3,2.99,3.6,29.7,8.0,0.625,9.0,0.451,0.937,17.39,0.707,0.714,17.4,0.792,0.4,6.7,39.8,119.8,-0.4,0.97,8.0,5.62,0.636,0.494,0.415,0.578,0.393,0.814,0.76,0.758,0.775,0.822,0.457,-0.766,-0.553,1.219,1.569,0.129,-0.757,1.217,-0.353,-0.249,0.953,-0.328,0.831,0.395,1.488,-0.805,-0.492,-9999.0,-9999.0,-9999.0,-9999.0,-9999.0,1.31,1.27,0.726,0.737,0.645,0.931,0.645,0.7,0.13,-0.49,0.17,0.04,-0.32,-0.45,,,,,,,,,,,,,,,,,,,,,,,,,,,,,,,,,,,
6-0-0 (2024-04-30),doi.org/10.14281/18241.24,7,2019,2,392,JPN,740,JPN,392070076,392720076,20190915,201909,201909,-3.0,-3.0,-3,4,392014,392002,-4,-3,392108.0,8,5,2,1,-4,-999.0,-4.0,-3,2020,ja,2,1,1,1.0,0.7390983,8.12569770879527,3922019,1,1,2,2,2,3,1,1,2,1,1,2,2,1,2,2,2,1,2,1,2,1,2,2,1,2,2,3,4,4,4,2,3,3,2,1,3,3,4,3,2,3,2,4,3,3,1,2,2,2,7,8,8,4,3,4,4,4,3,1,1,3,2,4,-1,-1,4,2,2,2,2,2,2,2,2,2,2,2,2,2,2,3,-1,-1,3,-4,3,-4,-4,-4,-4,-4,-4,-4,-4,-4,-4,-4,-4,-4,-4,-4,2,2,2,2,3,2,2,9,3,3,-1,0,0,0,0,0,0,0,0,0,0,0,0,1,1,0,0,0,0,0,0,0,0,0,0,6,3,4,3,4,1,3,2,2,2,2,2,2,0,9,4,2,1,1,0,1,1,1,1,2,2,3,3,-1,4,-1,4,-1,1,2,-4,4,4,2,2,3,3,4,1,2,-1,1,4,1,3,1,2,9,9,2,9,2,9,2,2,2,2,2,4,3,4,5,3,3,2,2,3,1,1,1,2,2,4,2,2,5,5,5,7,2,1,2,1,2,2,7,2,2,3,2,2,1,1,4,5,4,1,5,2,1,2,2,1,2,2,2,1,1,2,-5,2,2,1,392001,392001,392001,1,4,3,3,3,1,3,3,1,1,1,1,4,4,4,1,4,7,5,1,9,3,1,10,1,1,10,10,9,7,2,2,1,2,2,2,3,Male,1950s,66,65 and over,3,I am born in this country,Not an immigrant,1,Not an immigrant,1,East Asia,JP,East Asia,JP,East Asia,JP,yes,1,not live with parents,2020,Married,2 children,6,-4,Higher,6,-4,Higher,6,-4,Higher,6,-4,Higher,Full time (30 hours a week or more),Housewife not otherwise employed,Professional/Managerial,Not employed,professional or managerial,Private business or industry,Yes,Save money,Upper middle class,9,High,Buddhist,70000000,-4,-4,-4,-4,-4,-4,-4,-4,-4,-4,-4,-4,-4,-4,-4,-4,-4,-4,-4,-4,-4,-4,-4,-4,-4,-4,-4,-4,-4,-4,-4,-4,-4,-4,-4,-4,-4,1,1,2,0.525833,0.532407,0.5,0.33,0.33,0.386667,0.66,1.0,0.5,0.72,0.0,1.0,1.0,0.666667,0.33,0.33,0.33,0.33,1.0,1.0,1.0,1.0,0.5,1.0,1.0,0.833333,0.333333,0.111111,0.444444,0.296296,0.0,0.0,0.0,0.0,1.0,1.0,2.0,3.0,96.0,1.0,40.0,1.0,56.0,10.0,0.0,10.0,66.0,5.0,0.78,73.0,67.553,-9999.0,-9999.0,-9999.0,-9999.0,-9999.0,-9999.0,-9999.0,-9999.0,-9999.0,-9999.0,-9999.0,-9999.0,7.0,4.0,364560.0,43235.72,41429.29,32.9,24.7,123537000.0,126843000.0,126264931.0,84.21,-0.21,91.7,68139088.0,11.0,2.14,2.41,2.29,100.0,100.0,15.98,1135886.25,8.94,29.0,0.92,-9999.0,10.94,3.5,48.4,12.8,0.85,9.0,0.099,0.976,10.11,0.915,0.908,3.6,0.992,0.2,0.0,84.6,139.2,0.6,-9999.0,-9999.0,-9999.0,0.82,0.736,0.52,0.722,0.744,0.849,0.901,0.942,0.963,0.687,0.969,2.415,2.558,3.221,2.424,3.022,2.153,2.2,1.711,1.419,1.167,1.466,1.371,1.989,1.232,2.933,2.826,2.837,2.256,1.036,1.86,1.742,0.572,0.867,0.062,0.772,0.934,0.822,0.957,0.961,0.93,1.03,1.58,1.33,1.53,1.46,,,,,,,,,,,,,,,,,,,,,,,,,,,,,,,,,,,
6-0-0 (2024-04-30),doi.org/10.14281/18241.24,7,2018,2,344,HKG,714,HKG,344070032,344720032,20180730,201807,201811,18.5,20.02,72,2,344017,344017,-4,-3,-4.0,8,5,1,1,-4,114.17,22.3,-4,1240,en,2,1,1,0.426087128,0.4819277,0.317215132530121,3442018,1,2,3,3,1,1,1,2,1,1,2,1,2,2,1,2,2,1,2,1,2,1,2,1,2,2,1,3,3,3,3,3,2,1,1,1,3,3,3,3,2,3,3,3,2,2,2,2,2,4,8,6,5,4,3,4,3,4,1,2,2,3,3,4,3,3,3,3,3,3,3,2,1,2,3,2,2,2,3,3,2,2,3,2,-1,-4,-4,-4,-4,-4,-4,-4,-4,-4,-4,-4,-4,-4,-4,-1,-4,-4,3,-1,2,-1,-1,2,3,4,2,3,2,1,1,0,0,0,0,0,0,0,0,0,0,0,0,1,1,0,0,2,1,1,1,0,0,6,5,8,5,5,1,3,-1,-1,2,-1,-1,1,0,10,3,2,2,1,0,1,1,1,1,3,2,4,3,4,2,-1,4,4,1,2,2,3,3,2,2,2,1,1,2,2,1,1,2,1,3,2,1,10,6,8,5,6,8,10,1,1,1,1,3,3,4,1,1,2,2,2,6,1,1,1,1,1,1,1,1,2,2,1,1,1,2,1,1,2,1,1,1,3,1,3,2,4,2,5,1,1,1,1,1,3,3,2,3,3,3,3,1,2,3,3,3,2,2,344004,344004,344004,1,-1,-1,-1,2,2,-1,-1,4,1,1,4,2,-1,3,2,4,5,7,1,8,4,7,5,6,5,10,8,2,6,2,2,1,-4,1,3,3,Female,1950s,63,55-64 years,3,I am an immigrant to this country (born outside this country),Immigrant,0,Immigrant,0,Southeast Asia,PH,Southeast Asia,PH,Southeast Asia,PH,yes,1,not live with parents,1240,Married,2 children,5,344005,Higher,4,344005,Middle,4,344005,Middle,4,344005,Middle,Part time (less than 30 hours a week),Full time (30 hours a week or more),White Collar,White Collar,Blue Collar,Government or public institution,Yes,Just get by,Working class,3,Low,Muslim,50000000,344002,-4,-4,-4,-4,-4,-4,-4,-4,-4,-4,-4,-4,-4,-4,-4,-4,-4,-4,-4,-4,-4,-4,-4,-4,-4,-4,-4,-4,-4,-4,-4,-4,-4,-4,-4,-4,1,1,-1,0.276667,0.223426,0.5,0.33,0.0,0.276667,0.0,1.0,0.5,0.5,0.0,0.0,0.0,0.0,0.66,0.33,0.0,0.33,0.0,0.0,1.0,0.333333,0.25,0.66,0.66,0.523333,0.0,0.0,0.111111,0.037037,0.0,0.0,0.0,0.0,1.0,1.0,2.0,2.0,55.0,5.0,16.0,3.0,39.0,-9999.0,-9999.0,-9999.0,-9999.0,-9999.0,0.76,76.0,-9999.0,-9999.0,-9999.0,-9999.0,-9999.0,-9999.0,-9999.0,-9999.0,-9999.0,-9999.0,-9999.0,-9999.0,-9999.0,7.0,4.0,1050.0,62375.12,59892.87,-9999.0,-9999.0,5704500.0,6665000.0,7507400.0,84.93,0.75,100.0,3953996.0,6.4,3.2,4.05,3.63,-9999.0,100.0,0.28,43644.63,5.95,3.0,-9999.0,352.82,-9999.0,3.3,44.8,12.0,0.86,9.0,-9999.0,0.963,-9999.0,0.939,0.967,12.6,0.995,0.3,0.0,89.4,259.4,4.0,1.04,6.0,2.43,0.318,0.255,0.117,0.172,0.298,0.712,0.658,0.747,0.687,0.738,0.898,1.482,1.25,2.855,-0.095,2.223,0.833,0.474,1.313,0.238,1.588,0.733,1.029,-0.487,2.405,2.116,2.082,1.248,1.934,2.212,2.539,1.955,0.034,0.789,0.104,0.865,0.806,0.983,0.834,0.754,0.13,-0.22,1.73,1.98,1.6,1.69,,,,,,,,,,,,,,,,,,,,,,,,,,,,,,,,,,,
6-0-0 (2024-04-30),doi.org/10.14281/18241.24,7,2018,2,422,LBN,660,LEB,422070223,422721043,20180613,201806,201806,13.5,14.48,58,1,422003,422020,-4,-3,422022.0,3,2,5,1,25352,35.65,33.52,-4,170,ar,1,1,-4,1.0,0.8333333,0.337336083333333,4222018,1,2,4,3,3,2,2,1,2,2,1,1,2,1,1,2,2,2,2,2,2,2,2,1,2,1,3,2,3,3,1,1,2,1,1,1,1,1,-4,3,2,2,2,1,1,1,3,2,2,3,8,8,6,4,2,4,4,1,1,1,2,2,1,2,3,1,2,2,1,2,3,2,2,1,3,1,3,2,3,3,1,3,2,2,3,-4,-4,3,-4,-4,-4,-4,-4,2,2,-4,-4,-4,-4,-4,-4,-1,2,3,2,1,1,-1,-2,8,1,3,2,0,0,0,0,0,0,0,0,0,0,0,0,0,0,0,0,0,0,0,0,0,0,0,0,9,7,6,8,8,1,9,3,3,3,2,2,2,4,9,4,1,1,0,0,0,2,2,-1,3,1,3,4,3,3,3,3,2,2,2,2,3,3,2,2,2,2,4,1,1,2,1,3,2,4,2,3,8,5,6,4,8,5,8,1,-1,2,1,1,2,4,2,1,-1,1,2,9,9,-4,4,6,10,3,-4,6,6,4,8,3,2,7,10,10,7,3,6,2,2,3,2,2,1,1,4,4,2,2,3,2,2,2,2,3,2,-2,2,1,2,-1,1,1,3,3,422005,422005,422005,3,1,-4,1,3,3,3,4,4,3,2,2,1,2,4,4,3,-4,6,3,8,6,10,7,8,6,7,9,4,8,2,2,2,2,2,3,1,Male,1970s,40,35-44 years,2,I am born in this country,Not an immigrant,1,Not an immigrant,1,Middle East,LB,Middle East,LB,Middle East,LB,yes,4,not live with parents,170,Married,2 children,6,422006,Higher,3,422003,Middle,4,422003,Middle,3,422004,Middle,Full time (30 hours a week or more),Part time (less than 30 hours a week),Professional/Managerial,White Collar,professional or managerial,Government or public institution,Yes,Save money,Upper middle class,9,High,Muslim,50202000,-4,-4,-4,-4,-4,-4,-4,-4,-4,-4,-4,-4,-4,-4,-4,-4,-4,-4,-4,-4,-4,-4,-4,-4,-4,-4,-4,-4,-4,-4,-4,-4,-4,-4,-4,-4,-4,5,3,1,0.559874,0.679444,0.5,0.33,0.66,0.496667,0.33,,0.5,0.46083,,1.0,1.0,0.952,0.33,0.33,0.33,0.33,1.0,1.0,1.0,1.0,0.25,0.66,0.66,0.523333,0.222222,0.555556,0.555556,0.444444,1.0,0.5,0.75,0.75,0.83,1.0,5.0,2.0,44.0,5.0,14.0,4.0,30.0,6.0,0.0,6.0,13.0,4.0,0.45,28.0,-9999.0,4.0,5.15,4.87,5.5,5.8,4.8,3.0,5.3,5.43,3.6,4.03,4.0,4.0,3.0,10230.0,15327.31,14717.35,31.8,24.8,2803044.0,3842778.0,6855713.0,78.88,0.1,88.76,2398864.0,4.36,9.88,5.05,6.23,-9999.0,100.0,2.6,24796.25,3.69,143.0,4.99,63.61,8.2,2.5,29.6,8.7,0.604,10.0,0.362,0.891,4.69,0.73,0.712,20.4,0.906,4.0,5.6,78.2,64.5,-4.5,0.91,-9999.0,2.0,0.465,0.29,0.276,0.341,0.259,0.732,0.716,0.435,0.616,0.746,0.505,-1.625,-0.757,0.246,-0.129,0.099,1.0,0.448,0.918,1.731,0.39,0.806,0.513,-0.431,-0.7,-0.221,0.262,0.018,-0.249,0.67,-0.443,-0.558,0.932,0.835,0.73,0.576,0.53,0.365,0.384,0.647,-0.52,-1.67,-0.78,-0.51,-0.83,-1.15,,,,,,,,,,,,,,,,,,,,,,,,,,,,,,,,,,,
6-0-0 (2024-04-30),doi.org/10.14281/18241.24,7,2017,2,688,SRB,348,SRB,688070354,688720354,20170602,201705,201707,18.0,18.5,50,2,688023,688003,6880202,68802,688045.0,3,2,5,2,45,-4.0,-4.0,5,3780,sr,1,2,-4,1.0,0.8291874,0.598052007648184,6882017,1,2,3,2,2,1,1,1,2,1,2,1,2,2,1,2,2,1,1,1,1,1,1,1,2,1,2,3,3,4,3,3,5,2,1,1,4,2,5,3,3,2,3,2,2,1,1,2,2,2,7,8,8,4,3,4,3,4,2,2,1,3,2,3,4,4,3,2,4,3,3,3,3,4,4,3,3,2,2,3,4,2,3,3,4,-4,-4,-4,-4,-4,-4,-4,4,-4,-4,-4,-4,-4,-4,-4,-4,-4,4,3,4,4,4,4,4,5,3,3,3,1,1,2,1,0,0,0,0,1,1,0,0,0,0,0,0,0,0,0,0,0,0,0,0,6,8,6,3,8,1,8,3,3,4,3,3,3,3,4,2,1,0,2,1,2,1,2,2,2,2,3,3,3,3,3,2,3,1,1,2,2,3,2,1,1,2,1,1,1,1,1,4,1,2,4,2,5,6,4,6,3,7,8,1,1,2,2,2,1,4,3,2,1,2,2,4,4,4,3,5,3,2,4,4,5,5,2,1,4,3,3,1,4,1,4,3,3,3,3,2,1,1,4,1,3,1,1,1,2,3,2,3,3,2,2,2,2,2,2,2,1,1,688002,688002,688002,1,3,1,2,3,2,1,4,2,1,1,-4,1,2,1,2,2,4,4,5,9,6,3,4,3,2,10,8,6,7,2,1,1,1,1,4,4,Female,1990s,26,25-34 years,1,I am born in this country,Not an immigrant,1,Not an immigrant,1,Eastern Europe,RS,Eastern Europe,RS,Eastern Europe,RS,yes,2,not live with parents,3780,Living together as married,No children,8,688008,Higher,8,688108,Higher,4,688004,Middle,4,688004,Middle,Unemployed,Self employed,Blue Collar,White Collar,Blue Collar,Private business or industry,No,Just get by,Lower middle class,2,Low,Orthodox,30108000,688001,-4,-4,-4,-4,-4,-4,-4,-4,-4,-4,-4,-4,-4,-4,-4,-4,-4,-4,-4,-4,-4,-4,-4,-4,-4,-4,-4,-4,-4,-4,-4,-4,-4,-4,-4,-4,2,2,0,0.498333,0.503657,0.5,0.0,0.33,0.276667,0.0,0.0,0.5,0.166667,1.0,1.0,1.0,1.0,0.33,0.66,0.66,0.55,1.0,0.0,1.0,0.666667,1.0,0.66,1.0,0.886667,0.111111,0.333333,0.444444,0.296296,0.33,0.0,0.165,0.165,1.0,1.0,4.0,2.0,66.0,4.0,23.0,3.0,43.0,9.0,1.0,8.0,12.0,4.0,0.5,39.0,48.6868,1.0,7.4,7.7,9.0,8.3,6.8,7.5,7.0,7.11,6.06,7.08,2.0,6.0,3.0,87460.0,18989.04,18179.77,36.2,23.1,7586000.0,7516346.0,6944975.0,75.89,-0.54,56.26,3218840.0,14.6,13.78,11.81,12.69,76.41,100.0,26.91,45221.44,6.41,44.0,1.91,112.64,8.43,3.9,41.6,11.2,0.783,8.0,0.162,0.976,37.65,0.799,0.759,10.9,0.859,1.1,32.3,73.4,97.6,0.5,1.01,1.0,1.43,0.359,0.254,0.244,0.228,0.3,0.433,0.646,0.415,0.792,0.598,0.714,-0.817,-0.562,0.492,1.027,1.561,0.664,1.006,1.255,1.48,-1.307,0.817,-0.328,1.248,0.663,0.788,0.888,2.456,0.339,1.306,2.23,1.216,1.107,1.126,0.706,0.863,0.764,0.987,0.444,0.738,-0.05,-0.07,0.02,0.11,-0.12,-0.43,,,,,,,,,,,,,,,,,,,,,,,,,,,,,,,,,,,
6-0-0 (2024-04-30),doi.org/10.14281/18241.24,7,2020,2,124,CAN,20,CAN,124070534,124720454,20201005,202010,202010,-4.0,22.46,-4,3,124009,124004,-4,-3,-4.0,4,2,4,1,-4,-4.0,-4.0,-3,1240,en,-4,-4,-4,0.44875142,0.24888,0.800197710303634,1242020,1,2,1,3,2,3,1,2,1,2,1,1,2,1,2,2,2,1,2,2,2,2,2,1,2,2,2,4,4,4,4,1,5,2,2,1,4,2,2,5,4,4,5,5,2,1,3,3,1,1,9,9,7,4,4,4,3,4,1,2,1,2,1,3,2,2,3,2,3,2,3,3,3,4,4,4,2,2,4,3,3,2,2,2,2,-4,-4,-4,-4,-4,2,-4,-4,-4,-4,-4,-4,-4,-4,-4,-4,-4,2,3,3,3,3,3,3,5,3,-1,2,1,1,2,1,0,0,2,1,0,0,0,0,0,0,1,1,0,0,0,0,0,0,0,0,2,3,9,3,1,1,7,3,3,2,2,2,2,3,4,3,1,2,2,2,2,2,2,2,3,2,3,4,3,3,4,4,4,2,2,2,3,3,2,2,3,3,4,1,2,1,4,1,2,3,3,2,5,5,2,2,2,5,4,1,1,1,1,3,4,7,5,3,1,2,2,6,1,4,1,3,1,10,4,7,5,8,6,7,1,1,4,1,7,1,8,3,4,4,2,2,1,1,2,1,1,1,1,2,1,1,2,1,1,1,2,2,1,1,2,3,1,1,124003,124003,124003,1,3,1,3,2,1,3,4,4,1,3,4,4,1,4,1,4,5,10,1,10,10,1,7,6,1,10,10,8,3,2,1,2,2,1,2,3,Male,1980s,38,35-44 years,2,I am born in this country,Not an immigrant,1,Not an immigrant,1,North America,CA,North America,CA,North America,CA,yes,2,not live with parents,1240,Married,No children,6,-4,Higher,6,-4,Higher,6,-4,Higher,6,-4,Higher,Full time (30 hours a week or more),Full time (30 hours a week or more),Professional/Managerial,Professional/Managerial,professional or managerial,Private business or industry,No,Save money,Upper middle class,7,Medium,Roman Catholic,10100000,124001,-4,-4,-4,-4,-4,-4,-4,-4,-4,-4,-4,-4,-4,-4,-4,-4,-4,-4,-4,-4,-4,-4,-4,-4,-4,-4,-4,-4,-4,-4,-4,-4,-4,-4,-4,-4,3,2,1,0.553333,0.647356,1.0,0.0,0.33,0.443333,0.66,0.0,1.0,0.553333,1.0,1.0,0.0,0.666667,0.33,0.66,0.66,0.55,0.0,1.0,1.0,0.666667,1.0,1.0,1.0,1.0,1.0,0.666667,0.444444,0.703704,0.66,0.0,0.33,0.33,1.0,1.0,1.0,3.0,98.0,1.0,40.0,1.0,58.0,10.0,0.0,10.0,130.0,5.0,0.81,77.0,75.0691,-9999.0,-9999.0,-9999.0,-9999.0,-9999.0,-9999.0,-9999.0,-9999.0,-9999.0,-9999.0,-9999.0,-9999.0,3.0,4.0,9093510.0,51341.71,49031.38,33.8,25.3,27691138.0,30685730.0,37589262.0,81.95,1.42,81.48,20583847.0,7.7,5.26,5.84,5.56,100.0,100.0,63.01,544894.2,15.09,23.0,1.25,64.98,10.57,-9999.0,41.1,13.3,0.891,10.0,0.083,0.989,28.99,0.922,0.918,8.5,0.959,1.8,0.1,91.0,89.2,6.6,1.0,1.0,0.0,0.866,0.776,0.619,0.791,0.776,0.954,0.878,0.947,0.953,0.961,0.924,2.402,2.4,2.352,2.306,2.315,1.267,2.841,1.608,1.625,2.936,1.499,1.682,2.054,3.167,2.297,2.218,2.799,1.597,2.666,3.07,2.314,1.781,2.459,0.038,0.926,0.907,0.999,0.968,0.896,1.43,1.02,1.72,1.71,1.75,1.76,,,,,,,,,,,,,,,,,,,,,,,,,,,,,,,,,,,
6-0-0 (2024-04-30),doi.org/10.14281/18241.24,7,2018,2,218,ECU,130,ECU,218070036,218720036,20180214,201801,201805,16.45,17.21,36,1,218001,218001,-4,-3,218077.0,3,2,3,2,7,-78.76,-2.78,3,1270,es,1,1,-4,1.0,0.8333333,1.09607883333333,2182018,1,3,1,2,1,1,2,1,2,1,2,1,2,2,1,2,1,2,2,2,2,2,2,1,2,2,2,2,3,4,3,2,2,1,1,1,3,3,3,1,1,3,1,2,2,3,3,2,1,2,9,10,9,4,4,4,4,4,1,2,1,1,2,2,2,2,2,3,4,3,3,2,2,3,4,3,3,2,3,1,2,2,2,2,2,-4,-4,-4,-4,-4,-4,-4,-4,-4,-4,2,-4,-4,-4,-4,-4,-4,1,2,2,1,1,1,1,7,3,1,2,2,1,2,1,0,0,2,1,0,0,0,0,1,1,2,1,0,0,0,0,0,0,0,0,7,5,1,1,1,2,8,3,4,2,3,2,2,2,7,2,0,0,2,2,2,2,2,2,2,2,4,2,3,3,1,2,2,1,1,1,2,1,2,1,3,3,3,2,2,1,1,4,4,1,2,3,1,1,1,10,4,7,10,1,1,1,1,2,4,1,2,1,1,2,2,10,7,1,1,1,1,5,1,1,1,1,1,1,1,1,1,1,1,1,1,2,2,3,2,2,2,1,1,2,2,1,1,3,3,3,2,2,2,3,3,3,2,3,3,3,1,1,218001,218001,218001,2,3,1,2,1,2,2,3,2,2,1,-4,1,2,3,2,3,10,7,3,9,7,2,5,4,2,6,10,6,6,3,1,1,2,2,2,3,Male,1990s,23,16-24 years,1,I am born in this country,Not an immigrant,1,Not an immigrant,1,Latin America,EC,Latin America,EC,Latin America,EC,yes,2,not live with parents,1270,Married,1 child,6,218005,Higher,3,218003,Middle,3,218003,Middle,3,218003,Middle,Full time (30 hours a week or more),Full time (30 hours a week or more),Blue Collar,White Collar,Blue Collar,Private business or industry,Yes,Save money,Working class,6,Medium,Roman Catholic,10100000,218012,-4,-4,-4,-4,-4,-4,-4,-4,-4,-4,-4,-4,-4,-4,-4,-4,-4,-4,-4,-4,-4,-4,-4,-4,-4,-4,-4,-4,-4,-4,-4,-4,-4,-4,-4,-4,3,2,-1,0.179167,0.362037,0.5,0.0,0.33,0.276667,0.0,0.0,0.0,0.0,0.0,0.0,0.0,0.0,0.66,0.33,0.33,0.44,1.0,0.0,0.0,0.333333,0.25,0.66,1.0,0.636667,0.444444,0.0,0.0,0.148148,0.66,0.0,0.33,0.33,1.0,1.0,1.0,2.0,65.0,3.0,27.0,3.0,38.0,6.0,1.0,5.0,18.0,3.0,0.49,38.0,49.9146,2.0,5.72,5.9,8.3,6.5,4.8,5.5,4.5,5.54,4.99,5.65,3.0,5.0,3.0,248360.0,11846.78,11375.33,45.4,33.8,10230934.0,12681123.0,17373662.0,76.8,1.68,63.99,8545537.0,5.11,4.96,3.28,3.97,95.58,100.0,52.8,41154.74,2.5,129.0,2.38,46.74,8.26,5.0,27.9,9.0,0.714,15.0,0.389,0.98,37.96,0.758,0.698,19.5,0.874,5.8,1.4,57.3,92.3,2.1,1.02,4.0,1.31,0.673,0.502,0.473,0.529,0.422,0.809,0.801,0.716,0.85,0.668,0.606,-0.041,0.635,-0.971,1.075,0.191,0.352,1.361,1.709,2.315,2.165,-0.095,0.52,0.674,1.412,-0.043,0.649,-0.022,0.029,1.391,1.577,0.669,2.026,1.592,0.439,0.845,0.816,0.995,0.645,0.547,0.03,-0.23,-0.34,-0.78,-0.52,-0.49,,,,,,,,,,,,,,,,,,,,,,,,,,,,,,,,,,,
6-0-0 (2024-04-30),doi.org/10.14281/18241.24,7,2019,2,446,MAC,446,MAU,446070519,446720519,20191120,201910,201912,14.34,14.58,24,1,446001,446001,-4,-3,446001.0,8,5,1,1,-4,113.54,22.2,-4,2870,zh,2,1,1,1.0,0.9775171,0.0573096774193548,4462019,1,1,1,4,3,4,1,2,2,2,1,1,1,2,2,2,2,1,-5,1,-5,-5,-5,1,-5,-5,2,2,2,3,2,2,2,1,2,1,1,1,3,2,1,1,1,1,1,2,2,2,1,1,4,5,6,2,2,4,4,4,3,1,1,2,2,3,3,4,4,3,3,2,2,2,2,3,2,2,2,3,2,2,2,2,2,2,-4,-4,-4,-4,-4,-4,-4,-4,-4,-4,-4,-4,-4,-4,-4,-4,-4,-4,2,2,2,-4,2,2,2,1,3,-1,-1,0,0,0,0,0,0,0,0,1,1,0,0,0,0,0,0,0,0,0,0,0,0,0,0,10,1,1,1,1,2,7,3,3,3,2,1,2,2,3,5,0,0,2,0,2,0,2,2,3,2,3,3,3,3,3,3,3,2,2,2,3,3,2,2,3,3,3,2,2,2,1,4,3,1,1,4,8,8,10,8,8,8,9,2,2,2,2,3,3,7,3,2,2,1,1,9,10,5,1,1,1,1,1,1,1,1,1,1,1,1,1,1,1,1,10,4,4,4,2,1,4,1,5,5,5,2,2,2,3,3,3,3,3,3,3,3,2,2,2,2,2,-4,446002,446002,446002,3,3,3,3,3,3,3,3,2,1,2,1,1,4,3,1,4,5,10,1,10,10,1,1,10,4,10,10,5,10,2,2,1,2,2,3,2,Male,1980s,32,25-34 years,2,I am an immigrant to this country (born outside this country),Immigrant,0,Immigrant,0,East Asia,CN,East Asia,CN,East Asia,CN,yes,3,not live with parents,790,Married,1 child,3,-4,Middle,3,-4,Middle,2,-4,Lower,2,-4,Lower,Full time (30 hours a week or more),Full time (30 hours a week or more),White Collar,Professional/Managerial,White Collar,Private business or industry,Yes,Save money,Lower middle class,5,Medium,No religion,100000020,446006,-4,-4,-4,-4,-4,-4,-4,-4,-4,-4,-4,-4,-4,-4,-4,-4,-4,-4,-4,-4,-4,-4,-4,-4,-4,-4,-4,-4,-4,-4,-4,-4,-4,-4,-4,-4,0,1,0,0.54,0.27,0.5,0.33,0.33,0.386667,1.0,1.0,1.0,1.0,1.0,0.0,0.0,0.333333,0.66,0.33,0.33,0.44,0.0,1.0,1.0,0.666667,0.25,0.33,0.66,0.413333,0.0,0.0,0.0,0.0,0.0,0.0,0.0,0.0,1.0,1.0,-9999.0,-999.0,-9999.0,-9999.0,-9999.0,-9999.0,-9999.0,-9999.0,-9999.0,-9999.0,-9999.0,-9999.0,-9999.0,-9999.0,-9999.0,-9999.0,-9999.0,-9999.0,-9999.0,-9999.0,-9999.0,-9999.0,-9999.0,-9999.0,-9999.0,-9999.0,-9999.0,7.0,4.0,30.39999962,129103.01,123965.29,-9999.0,-9999.0,343808.0,427782.0,640445.0,84.12,1.38,100.0,388164.0,3.94,1.8,2.65,2.24,-9999.0,100.0,0.0,2068.19,3.37,-9999.0,-9999.0,116.94,-9999.0,-9999.0,-9999.0,-9999.0,-9999.0,10.0,-9999.0,-9999.0,-9999.0,-9999.0,-9999.0,-9999.0,-9999.0,-9999.0,-9999.0,-9999.0,-9999.0,-9999.0,1.0,3.0,3.0,-9999.0,-9999.0,-9999.0,-9999.0,-9999.0,-9999.0,-9999.0,-9999.0,-9999.0,-9999.0,-9999.0,-9999.0,-9999.0,-9999.0,-9999.0,-9999.0,-9999.0,-9999.0,-9999.0,-9999.0,-9999.0,-9999.0,-9999.0,-9999.0,-9999.0,-9999.0,-9999.0,-9999.0,-9999.0,-9999.0,-9999.0,-9999.0,-9999.0,-9999.0,-9999.0,-9999.0,-9999.0,-9999.0,-9999.0,-9999.0,-0.32,1.24,1.16,1.63,0.91,0.7,,,,,,,,,,,,,,,,,,,,,,,,,,,,,,,,,,,
6-0-0 (2024-04-30),doi.org/10.14281/18241.24,7,2019,2,392,JPN,740,JPN,392070845,392720845,20190918,201909,201909,-3.0,-3.0,-3,4,392012,392002,-4,-3,392105.0,5,3,5,2,-4,-999.0,-4.0,-3,2020,ja,1,1,1,1.0,0.7390983,8.12569770879527,3922019,1,2,2,2,3,-1,2,1,2,2,1,1,2,1,2,1,2,1,2,2,2,2,1,1,2,2,2,3,2,3,-1,-1,4,2,3,3,4,2,-1,4,2,2,3,5,2,3,1,3,2,2,7,7,5,4,3,3,4,4,1,2,1,-1,2,-1,-1,-1,3,2,3,3,-1,1,1,3,3,4,1,2,4,3,2,2,2,3,3,-4,3,-4,-4,-4,-4,-4,-4,-4,-4,-4,-4,-4,-4,-4,-4,-4,2,2,-1,-1,2,1,3,3,3,1,2,0,0,0,0,0,0,0,0,0,0,0,0,0,0,0,0,0,0,0,0,0,0,2,1,5,1,5,10,5,1,6,2,2,1,1,2,2,2,5,4,2,2,1,1,1,1,0,1,3,3,4,3,3,4,-1,4,-1,1,1,-4,4,3,2,2,1,1,2,1,2,1,1,4,1,2,2,1,10,8,3,3,1,7,-2,-2,-2,-2,-2,-2,-2,-2,7,4,2,-1,-1,8,1,1,1,1,1,5,1,5,7,5,1,5,1,1,1,1,3,1,9,2,3,3,2,3,1,1,3,1,5,1,1,3,2,2,2,3,3,3,3,3,-1,3,3,3,1,1,392027,392027,392027,-1,4,3,3,2,-1,3,3,-1,-1,1,3,4,4,4,1,4,5,5,1,10,3,1,9,2,1,10,10,9,5,2,1,4,2,1,2,4,Male,1950s,67,65 and over,3,I am born in this country,Not an immigrant,1,Not an immigrant,1,East Asia,JP,East Asia,JP,East Asia,JP,yes,2,not live with parents,2020,Married,2 children,6,-4,Higher,6,-4,Higher,2,-4,Lower,2,-4,Lower,Self employed,Self employed,Professional/Managerial,Professional/Managerial,White Collar,Private business or industry,Yes,Spent some savings and borrowed money,Working class,1,Low,No religion,100000020,-4,-4,-4,-4,-4,-4,-4,-4,-4,-4,-4,-4,-4,-4,-4,-4,-4,-4,-4,-4,-4,-4,-4,-4,-4,-4,-4,-4,-4,-4,-4,-4,-4,-4,-4,-4,-4,2,2,2,0.184444,0.56588,1.0,0.0,0.33,0.443333,,1.0,,,0.0,0.0,0.0,0.0,0.33,0.0,0.0,0.11,1.0,1.0,1.0,1.0,0.75,0.33,0.66,0.58,0.444444,0.444444,0.666667,0.518519,0.33,0.0,0.165,0.165,0.915,1.0,2.0,3.0,96.0,1.0,40.0,1.0,56.0,10.0,0.0,10.0,66.0,5.0,0.78,73.0,67.553,-9999.0,-9999.0,-9999.0,-9999.0,-9999.0,-9999.0,-9999.0,-9999.0,-9999.0,-9999.0,-9999.0,-9999.0,7.0,4.0,364560.0,43235.72,41429.29,32.9,24.7,123537000.0,126843000.0,126264931.0,84.21,-0.21,91.7,68139088.0,11.0,2.14,2.41,2.29,100.0,100.0,15.98,1135886.25,8.94,29.0,0.92,-9999.0,10.94,3.5,48.4,12.8,0.85,9.0,0.099,0.976,10.11,0.915,0.908,3.6,0.992,0.2,0.0,84.6,139.2,0.6,-9999.0,-9999.0,-9999.0,0.82,0.736,0.52,0.722,0.744,0.849,0.901,0.942,0.963,0.687,0.969,2.415,2.558,3.221,2.424,3.022,2.153,2.2,1.711,1.419,1.167,1.466,1.371,1.989,1.232,2.933,2.826,2.837,2.256,1.036,1.86,1.742,0.572,0.867,0.062,0.772,0.934,0.822,0.957,0.961,0.93,1.03,1.58,1.33,1.53,1.46,,,,,,,,,,,,,,,,,,,,,,,,,,,,,,,,,,,
6-0-0 (2024-04-30),doi.org/10.14281/18241.24,7,2017,2,32,ARG,160,ARG,32070149,32720149,20170710,201707,201707,-4.0,-4.0,45,2,32001,32001,-4,-3,32001.0,8,5,1,1,1,-58.41,-34.58,609,1270,es,1,1,-4,0.328524514,0.997009,3.4597814556331,322017,1,1,1,3,1,2,1,2,2,1,2,1,2,1,2,1,2,2,2,2,2,2,2,2,2,2,2,3,3,3,3,2,4,2,3,3,4,2,-1,4,2,3,4,3,-2,3,1,3,1,1,9,8,8,4,4,4,4,4,3,-2,1,2,1,3,1,2,1,2,2,2,4,4,3,2,3,2,3,1,1,3,3,2,2,2,2,-4,-4,-4,-4,-4,-4,-4,-4,-4,-4,2,-4,-4,-4,-4,-4,-4,2,3,2,2,3,3,3,6,3,1,2,1,1,0,0,0,0,0,0,1,1,2,1,0,0,0,0,0,0,0,0,0,0,0,0,6,5,8,2,3,-1,5,2,-1,2,2,2,1,2,6,5,1,2,0,1,1,2,1,1,2,2,2,2,4,2,1,1,3,2,2,2,3,4,2,2,3,3,3,1,1,-2,3,1,3,2,1,2,2,5,10,5,7,10,5,1,1,2,2,3,4,2,2,1,1,2,2,1,1,1,1,1,1,10,1,1,5,5,5,5,1,1,1,1,8,1,1,2,4,4,4,3,1,1,2,5,5,1,5,2,1,3,1,3,2,1,2,3,3,1,3,3,1,1,32105,32105,32105,1,-1,2,3,2,1,4,4,1,3,1,4,3,4,4,1,4,5,6,1,10,5,1,10,-1,5,10,10,8,6,1,1,1,1,1,2,3,Female,1970s,40,35-44 years,2,I am born in this country,Not an immigrant,1,Not an immigrant,1,Latin America,AR,Latin America,AR,Latin America,AR,yes,4,not live with parents,1270,Married,2 children,8,32010,Higher,6,32009,Higher,3,32005,Middle,3,32005,Middle,Full time (30 hours a week or more),Full time (30 hours a week or more),White Collar,Professional/Managerial,White Collar,Government or public institution,No,Save money,Upper middle class,8,High,Roman Catholic,10100000,32001,-4,-4,-4,-4,-4,-4,-4,-4,-4,-4,-4,-4,-4,-4,-4,-4,-4,-4,-4,-4,-4,-4,-4,-4,-4,-4,-4,-4,-4,-4,-4,-4,-4,-4,-4,-4,3,2,1,0.318056,0.542454,1.0,0.0,0.33,0.443333,0.33,0.0,0.166667,0.165556,0.0,0.0,0.0,0.0,0.33,1.0,0.66,0.663333,0.0,0.0,1.0,0.333333,0.75,0.66,0.66,0.69,1.0,0.0,0.444444,0.481481,0.33,1.0,0.665,0.665,1.0,1.0,1.0,3.0,85.0,2.0,35.0,2.0,50.0,9.0,0.0,9.0,35.0,4.0,0.58,45.0,64.8051,2.0,7.27,8.0,9.0,9.0,7.0,7.5,7.5,6.54,6.0,7.1,1.0,5.0,3.0,2736690.0,22947.14,22033.95,41.4,29.4,32618651.0,36870787.0,44938712.0,76.52,0.99,91.99,20772672.0,7.61,10.92,8.94,9.79,98.4,100.0,28.14,201347.64,4.62,126.0,0.85,32.39,9.12,5.6,31.5,10.6,0.842,14.0,0.354,0.988,40.16,0.83,0.781,13.6,0.87,5.1,0.1,74.3,132.1,0.1,1.0,4.0,0.0,0.812,0.631,0.527,0.635,0.592,0.908,0.905,0.871,0.842,0.814,0.735,-0.284,0.826,-0.114,0.291,0.375,0.425,2.384,2.019,2.012,1.512,1.481,1.194,0.967,1.573,1.004,0.991,0.579,1.26,3.264,2.055,1.876,1.852,1.789,0.43,0.862,0.802,0.997,0.757,0.707,0.57,-0.09,-0.1,-0.44,-0.41,-0.08,-999.0,-999.0,,,,,-999.0,-999.0,-999.0,-999.0,-999.0,-999.0,-999.0,-999.0,-999.0,-999.0,-999.0,-999.0,-999.0,-999.0,-999.0,-999.0,-999.0,6.49316869186053,6.01757848381121,78.042302177976,-999.0,-999.0,-999.0,-999.0,-999.0,-999.0,-999.0,-999.0,-999.0
6-0-0 (2024-04-30),doi.org/10.14281/18241.24,7,2021,2,504,MAR,600,MOR,504070031,504720031,20211202,202111,202112,10.0,11.12,72,2,504001,504011,-4,-3,504109.0,2,1,4,2,109,-5.52,34.98,-4,170,ar,1,1,-4,1.0,0.8333333,2.26004875,5042021,1,2,3,2,2,1,1,2,1,2,2,2,2,2,1,2,1,1,2,2,2,1,1,1,1,1,1,3,3,3,3,2,4,2,2,1,4,2,-4,2,2,2,2,2,1,3,1,1,1,2,8,8,8,4,4,4,4,4,3,2,1,2,4,4,4,4,3,3,4,3,4,3,4,3,4,3,4,3,3,3,4,4,4,4,3,-4,-4,3,-4,-4,-4,-4,-4,4,4,-4,-4,-4,-4,-4,-4,-4,4,4,4,4,4,4,4,8,1,2,2,1,1,1,1,1,1,0,0,0,0,0,0,1,1,0,0,0,0,0,0,0,0,1,1,8,9,7,9,6,1,8,3,3,3,3,3,2,4,8,3,2,2,2,2,1,2,2,2,1,2,3,4,4,3,4,2,2,1,1,2,4,2,2,2,2,2,3,1,2,1,1,3,2,4,2,3,8,6,8,2,3,8,9,1,1,1,1,1,2,6,1,1,2,2,2,2,6,3,4,3,1,1,3,2,4,2,6,3,1,2,3,1,3,2,4,4,4,4,2,2,4,1,3,1,4,1,1,1,1,1,1,1,2,2,2,2,1,2,2,2,1,1,504002,504002,504002,3,2,1,2,3,2,3,3,3,2,1,5,4,3,3,2,1,8,8,5,7,8,5,3,5,3,2,9,10,9,2,2,1,1,1,1,1,Female,1980s,32,25-34 years,2,I am born in this country,Not an immigrant,1,Not an immigrant,1,North Africa,MA,North Africa,MA,North Africa,MA,yes,4,not live with parents,170,Married,2 children,3,-4,Middle,6,-4,Higher,1,-4,Lower,1,-4,Lower,Housewife not otherwise employed,Full time (30 hours a week or more),Agriculture,White Collar,Blue Collar,Government or public institution,No,Just get by,Lower middle class,5,Medium,Muslim,50000000,504005,1,3,4,3,5,4,4,2,3,4,2,4,4,5,4,5,4,3,4,3,4,4,2,2,4,2,3,4,5,2,2,3,2,5,-3,-3,5,3,-2,0.540278,0.397037,0.0,0.33,0.0,0.11,0.0,1.0,0.833333,0.611111,1.0,1.0,0.0,0.666667,0.66,0.66,1.0,0.773333,0.0,0.0,0.0,0.0,0.75,0.66,0.66,0.69,0.0,0.111111,0.333333,0.148148,1.0,0.5,0.75,0.75,1.0,1.0,5.0,2.0,37.0,5.0,13.0,5.0,24.0,1.0,5.0,-4.0,53.0,2.0,0.5,41.0,57.0663,4.0,4.61,3.8,6.8,3.0,3.3,2.0,4.0,5.43,4.28,4.73,5.0,4.0,2.0,446300.0,7826.17,7514.72,39.5,31.9,24807462.0,28793679.0,36471769.0,76.45,1.22,62.99,12067484.0,5.06,10.41,8.57,9.02,96.75,100.0,14.31,61275.57,1.74,53.0,3.1,87.46,5.25,-9999.0,29.5,5.5,0.547,9.0,0.492,0.833,20.51,0.676,0.652,28.3,0.869,2.1,3.9,64.8,124.2,-1.4,0.94,3.0,0.21,0.29,0.256,0.215,0.281,0.224,0.584,0.646,0.623,0.68,0.711,0.481,-0.999,-0.524,0.941,0.299,1.475,1.196,0.67,-0.888,-1.568,-0.076,0.684,0.421,-0.295,0.116,-0.34,-0.158,0.463,1.085,0.553,1.307,0.369,-0.273,0.052,0.499,0.717,0.653,0.835,0.699,0.851,-0.63,-0.34,-0.2,-0.14,-0.25,-0.34,,,,,,,,,,,,,,,,,,,,,,,,,,,,,,,,,,,
6-0-0 (2024-04-30),doi.org/10.14281/18241.24,7,2020,2,124,CAN,20,CAN,124073082,124722319,20201010,202010,202010,-4.0,13.07,-4,3,124002,124009,-4,-3,-4.0,1,1,4,2,-4,-4.0,-4.0,-3,1240,en,-4,-4,-4,0.911009908,0.24888,0.800197710303634,1242020,1,1,1,4,2,3,2,2,2,2,2,2,2,1,2,2,2,1,2,1,2,2,2,1,2,2,1,3,4,4,3,2,5,2,1,1,4,2,3,2,4,4,4,4,3,2,2,3,2,2,6,7,4,4,4,3,3,4,3,2,1,2,1,3,2,2,3,1,4,3,3,4,3,3,4,3,3,3,2,3,3,3,3,3,4,-4,-4,-4,-4,-4,4,-4,-4,-4,-4,-4,-4,-4,-4,-4,-4,-4,2,3,4,1,3,3,3,5,3,3,2,0,0,0,0,0,0,0,0,0,0,0,0,0,0,0,0,0,0,0,0,0,0,0,0,7,7,3,2,2,2,9,3,2,2,3,3,1,0,3,3,2,0,2,2,2,1,2,2,3,2,3,2,4,3,2,4,3,1,1,2,1,3,2,2,2,2,4,1,1,1,3,1,3,4,4,1,7,7,6,7,7,3,4,1,1,1,1,2,4,7,7,4,2,2,2,4,1,1,1,2,1,5,7,2,9,10,1,1,1,1,2,1,10,3,2,4,4,4,3,2,5,1,1,1,1,1,5,2,1,2,3,2,3,2,3,1,2,1,3,3,1,1,124007,124007,124007,1,4,1,4,4,1,3,4,1,1,1,2,4,4,4,1,4,5,7,1,10,10,1,1,1,3,10,10,10,7,1,1,2,2,1,4,4,Male,1950s,67,65 and over,3,I am born in this country,Not an immigrant,1,Not an immigrant,1,North America,CA,North America,CA,North America,CA,yes,2,not live with parents,1240,Living together as married,No children,4,-4,Middle,3,-4,Middle,3,-4,Middle,3,-4,Middle,Full time (30 hours a week or more),Retired/pensioned,White Collar,White Collar,White Collar,Private business or industry,Yes,Save money,Lower middle class,5,Medium,Protestant,20000000,124001,-4,-4,-4,-4,-4,-4,-4,-4,-4,-4,-4,-4,-4,-4,-4,-4,-4,-4,-4,-4,-4,-4,-4,-4,-4,-4,-4,-4,-4,-4,-4,-4,-4,-4,-4,-4,2,2,1,0.526667,0.670585,1.0,0.0,0.0,0.333333,0.66,1.0,1.0,0.886667,0.0,1.0,0.0,0.333333,0.0,1.0,0.66,0.553333,0.0,0.0,1.0,0.333333,1.0,1.0,1.0,1.0,0.444444,0.111111,0.888889,0.481481,0.33,1.0,0.665,0.665,1.0,1.0,1.0,3.0,98.0,1.0,40.0,1.0,58.0,10.0,0.0,10.0,130.0,5.0,0.81,77.0,75.0691,-9999.0,-9999.0,-9999.0,-9999.0,-9999.0,-9999.0,-9999.0,-9999.0,-9999.0,-9999.0,-9999.0,-9999.0,3.0,4.0,9093510.0,51341.71,49031.38,33.8,25.3,27691138.0,30685730.0,37589262.0,81.95,1.42,81.48,20583847.0,7.7,5.26,5.84,5.56,100.0,100.0,63.01,544894.2,15.09,23.0,1.25,64.98,10.57,-9999.0,41.1,13.3,0.891,10.0,0.083,0.989,28.99,0.922,0.918,8.5,0.959,1.8,0.1,91.0,89.2,6.6,1.0,1.0,0.0,0.866,0.776,0.619,0.791,0.776,0.954,0.878,0.947,0.953,0.961,0.924,2.402,2.4,2.352,2.306,2.315,1.267,2.841,1.608,1.625,2.936,1.499,1.682,2.054,3.167,2.297,2.218,2.799,1.597,2.666,3.07,2.314,1.781,2.459,0.038,0.926,0.907,0.999,0.968,0.896,1.43,1.02,1.72,1.71,1.75,1.76,,,,,,,,,,,,,,,,,,,,,,,,,,,,,,,,,,,
6-0-0 (2024-04-30),doi.org/10.14281/18241.24,7,2020,2,124,CAN,20,CAN,124074929,124723349,20201014,202010,202010,-4.0,20.36,-4,3,124002,124009,-4,-3,-4.0,7,4,4,1,-4,-4.0,-4.0,-3,1240,en,-4,-4,-4,0.3747693,0.24888,0.800197710303634,1242020,2,2,2,2,2,2,2,2,2,1,2,2,2,2,2,2,2,1,2,2,2,2,2,1,2,2,3,2,3,3,3,2,3,3,3,3,3,3,2,3,2,2,2,2,2,3,2,2,2,2,7,8,7,4,4,4,4,4,1,1,1,2,2,3,2,2,2,2,3,2,2,2,2,2,3,2,2,2,2,2,2,2,2,2,2,-4,-4,-4,-4,-4,2,-4,-4,-4,-4,-4,-4,-4,-4,-4,-4,-4,2,2,2,2,2,3,3,6,3,2,2,1,1,0,0,0,0,0,0,0,0,0,0,0,0,0,0,0,0,0,0,0,0,0,0,7,6,6,4,4,1,7,2,2,2,2,2,2,3,7,4,2,2,1,1,1,2,1,2,3,2,3,2,3,3,2,3,2,1,1,2,3,3,2,2,2,2,2,2,2,1,3,1,1,3,4,1,6,7,7,6,5,6,7,1,1,1,1,3,3,4,3,2,1,2,2,7,4,4,4,4,4,8,5,7,7,7,6,8,3,3,3,3,4,4,8,3,3,3,2,2,1,1,2,1,1,1,1,2,2,2,2,2,2,2,3,2,2,2,2,2,1,1,124003,124003,124003,2,2,2,2,2,2,2,3,2,2,2,4,4,3,2,2,2,6,7,5,10,7,4,7,3,8,8,10,8,7,2,2,2,2,2,2,2,Male,1970s,48,45-54 years,2,I am an immigrant to this country (born outside this country),Immigrant,0,Immigrant,0,East Asia,TW,East Asia,TW,East Asia,TW,yes,2,not live with parents,1240,Married,No children,6,-4,Higher,5,-4,Higher,1,-4,Lower,1,-4,Lower,Housewife not otherwise employed,Retired/pensioned,Professional/Managerial,White Collar,Blue Collar,Private business or industry,No,Just get by,Lower middle class,6,Medium,Buddhist,70000000,124009,-4,-4,-4,-4,-4,-4,-4,-4,-4,-4,-4,-4,-4,-4,-4,-4,-4,-4,-4,-4,-4,-4,-4,-4,-4,-4,-4,-4,-4,-4,-4,-4,-4,-4,-4,-4,1,1,0,0.525833,0.585653,0.5,0.33,0.66,0.496667,0.33,0.0,0.5,0.276667,1.0,1.0,1.0,1.0,0.33,0.33,0.33,0.33,0.0,0.0,1.0,0.333333,0.5,0.66,0.66,0.606667,0.777778,0.666667,0.666667,0.703704,0.0,1.0,0.5,0.5,1.0,1.0,1.0,3.0,98.0,1.0,40.0,1.0,58.0,10.0,0.0,10.0,130.0,5.0,0.81,77.0,75.0691,-9999.0,-9999.0,-9999.0,-9999.0,-9999.0,-9999.0,-9999.0,-9999.0,-9999.0,-9999.0,-9999.0,-9999.0,3.0,4.0,9093510.0,51341.71,49031.38,33.8,25.3,27691138.0,30685730.0,37589262.0,81.95,1.42,81.48,20583847.0,7.7,5.26,5.84,5.56,100.0,100.0,63.01,544894.2,15.09,23.0,1.25,64.98,10.57,-9999.0,41.1,13.3,0.891,10.0,0.083,0.989,28.99,0.922,0.918,8.5,0.959,1.8,0.1,91.0,89.2,6.6,1.0,1.0,0.0,0.866,0.776,0.619,0.791,0.776,0.954,0.878,0.947,0.953,0.961,0.924,2.402,2.4,2.352,2.306,2.315,1.267,2.841,1.608,1.625,2.936,1.499,1.682,2.054,3.167,2.297,2.218,2.799,1.597,2.666,3.07,2.314,1.781,2.459,0.038,0.926,0.907,0.999,0.968,0.896,1.43,1.02,1.72,1.71,1.75,1.76,,,,,,,,,,,,,,,,,,,,,,,,,,,,,,,,,,,
6-0-0 (2024-04-30),doi.org/10.14281/18241.24,7,2018,2,20,AND,232,AND,20070901,20720901,20180721,201807,201809,-5.0,-5.0,-5,2,20006,20006,-4,-3,20006.0,3,2,2,1,-4,1.49,42.47,-5,810,ca,1,2,-4,1.0,0.9960159,0.0068446215139442,202018,1,2,1,3,1,2,1,1,1,2,2,1,2,1,2,2,2,1,2,2,2,2,2,1,2,2,2,4,4,4,4,4,5,2,2,1,5,2,5,5,-2,5,2,5,2,1,2,1,1,1,5,9,8,4,4,4,4,4,3,2,1,3,2,4,-2,-2,2,-4,3,3,3,1,1,2,2,2,2,1,2,2,3,2,2,2,2,-4,-4,-4,-4,-4,-4,-4,2,-4,-4,-4,-4,-4,-4,-4,-4,-4,2,2,2,3,3,2,2,3,3,3,2,0,0,2,1,2,1,0,0,0,0,0,0,0,0,0,0,0,0,0,0,0,0,0,0,10,1,3,1,9,1,8,3,3,3,2,2,1,3,4,5,2,2,1,0,0,2,0,0,2,1,3,3,3,4,-2,3,4,2,2,2,3,1,2,2,3,3,3,2,2,1,3,4,1,2,2,3,10,10,10,8,6,8,9,1,1,2,2,4,4,7,3,2,1,2,2,5,1,1,1,1,1,10,8,7,10,10,1,8,1,1,1,1,1,1,1,2,4,4,4,2,1,1,2,2,5,1,3,3,2,3,2,2,1,2,2,1,1,2,2,3,1,1,-2,-2,-2,2,4,2,2,1,3,3,4,1,1,1,4,4,3,4,1,4,-2,8,7,10,10,1,10,1,4,10,10,8,7,1,1,1,1,1,2,1,Male,1960s,56,55-64 years,3,I am an immigrant to this country (born outside this country),Immigrant,0,Immigrant,0,Western Europe,ES,Western Europe,ES,Western Europe,ES,yes,3,not live with parents,9040,Married,1 child,4,20004,Middle,1,20001,Lower,0,20000,Lower,0,20000,Lower,Full time (30 hours a week or more),Full time (30 hours a week or more),Blue Collar,White Collar,Blue Collar,Private business or industry,Yes,Just get by,Lower middle class,5,Medium,Roman Catholic,10100000,20001,-4,-4,-4,-4,-4,-4,-4,-4,-4,-4,-4,-4,-4,-4,-4,-4,-4,-4,-4,-4,-4,-4,-4,-4,-4,-4,-4,-4,-4,-4,-4,-4,-4,-4,-4,-4,4,2,2,0.163083,0.805139,0.0,0.0,0.33,0.11,0.33,0.0,1.0,0.443333,0.0,0.0,0.0,0.0,,0.0,0.0,0.099,1.0,0.0,1.0,0.666667,1.0,1.0,1.0,1.0,1.0,0.666667,1.0,0.888889,0.33,1.0,0.665,0.665,0.915,1.0,4.0,3.0,94.0,1.0,39.0,1.0,55.0,-9999.0,-9999.0,-9999.0,-9999.0,-9999.0,-9999.0,-9999.0,-9999.0,-9999.0,-9999.0,-9999.0,-9999.0,-9999.0,-9999.0,-9999.0,-9999.0,-9999.0,-9999.0,-9999.0,-9999.0,6.0,4.0,470.0,0.0,0.0,-9999.0,-9999.0,54509.0,65390.0,77142.0,-9999.0,0.18,87.98,-9999.0,4.4,-9999.0,-9999.0,-9999.0,100.0,100.0,86.12,469.38,6.07,-9999.0,-9999.0,-9999.0,10.32,3.2,-9999.0,10.2,0.708,10.0,-9999.0,-9999.0,46.43,0.857,0.935,-9999.0,0.951,0.0,0.0,91.6,107.3,-9999.0,0.96,-9999.0,-9999.0,-9999.0,-9999.0,-9999.0,-9999.0,-9999.0,-9999.0,-9999.0,-9999.0,-9999.0,-9999.0,-9999.0,-9999.0,-9999.0,-9999.0,-9999.0,-9999.0,-9999.0,-9999.0,-9999.0,-9999.0,-9999.0,-9999.0,-9999.0,-9999.0,-9999.0,-9999.0,-9999.0,-9999.0,-9999.0,-9999.0,-9999.0,-9999.0,-9999.0,-9999.0,-9999.0,-9999.0,-9999.0,-9999.0,-9999.0,-9999.0,1.11,1.6,1.9,1.23,1.57,1.23,,,No answer,,,,,,,,,,,,,,,,,,,,,,,,,,,,,,,,
6-0-0 (2024-04-30),doi.org/10.14281/18241.24,7,2018,2,360,IDN,850,INS,360071208,360721208,20180709,201806,201808,-4.0,-4.0,-4,1,360001,360021,-4,-3,-4.0,4,2,3,2,122,107.61,-6.87,-4,1890,id,1,2,-4,1.149251538,0.3125,6.3753281875,3602018,1,1,2,1,1,1,1,2,2,2,2,1,1,2,1,2,1,1,2,1,2,1,2,2,2,2,2,3,1,3,3,3,4,2,2,1,4,2,4,2,2,2,2,1,2,3,1,3,2,2,8,8,8,4,4,3,3,3,2,2,2,3,2,3,3,4,1,2,2,2,2,1,2,2,2,2,2,2,1,2,2,2,2,2,2,-4,-4,-4,2,-4,-4,-4,-4,-4,-4,-4,-4,-4,-4,-4,-4,-4,2,2,2,2,2,2,2,9,3,3,2,1,1,0,0,0,0,2,1,0,0,0,0,0,0,0,0,0,0,0,0,-5,-5,2,1,10,10,5,5,8,1,10,3,3,2,2,1,1,3,10,1,2,2,0,2,0,2,0,0,4,1,3,4,4,4,4,3,3,1,2,2,1,1,2,2,1,1,1,1,2,1,1,2,1,4,1,4,10,10,5,10,5,8,10,1,1,2,1,1,3,1,3,2,1,2,1,10,5,5,5,5,5,5,5,5,9,5,5,5,5,5,5,5,5,5,5,4,2,4,3,2,5,1,5,5,5,3,5,1,1,3,2,1,1,1,1,3,1,1,3,3,1,1,360011,360011,360011,3,4,1,1,1,3,1,4,1,1,2,3,4,3,2,1,3,2,10,10,10,5,8,10,6,6,8,10,8,5,3,2,3,3,2,2,3,Male,1980s,35,35-44 years,2,I am born in this country,Not an immigrant,1,Not an immigrant,1,Southeast Asia,ID,Southeast Asia,ID,Southeast Asia,ID,yes,More than 5,parents in law,520,Married,1 child,3,360014,Middle,2,360013,Lower,1,360012,Lower,1,360012,Lower,Full time (30 hours a week or more),Housewife not otherwise employed,White Collar,Not employed,Agriculture,Private business or industry,Yes,Just get by,Lower class,3,Low,Muslim,50000000,360010,-4,-4,-4,-4,-4,-4,-4,-4,-4,-4,-4,-4,-4,-4,-4,-4,-4,-4,-4,-4,-4,-4,-4,-4,-4,-4,-4,-4,-4,-4,-4,-4,-4,-4,-4,-4,1,2,-2,0.443333,0.306898,1.0,0.33,0.33,0.553333,0.0,0.0,0.0,0.0,1.0,1.0,1.0,1.0,0.33,0.0,0.33,0.22,0.0,0.0,0.0,0.0,0.75,0.0,0.66,0.47,0.444444,0.444444,0.888889,0.592593,0.33,0.0,0.165,0.165,1.0,1.0,2.0,2.0,61.0,2.0,30.0,4.0,31.0,9.0,0.0,9.0,19.0,4.0,0.53,40.0,56.7099,7.0,6.25,6.5,6.5,7.0,6.3,6.0,6.8,6.0,5.45,6.07,2.0,7.0,3.0,1811570.0,12301.75,11812.2,39.0,29.5,181413402.0,211513823.0,270625568.0,71.51,1.1,55.99,134776525.0,6.47,4.51,4.8,4.69,58.37,98.51,10.65,563324.54,2.15,73.0,0.72,37.3,2.99,3.6,29.7,8.0,0.625,9.0,0.451,0.937,17.39,0.707,0.714,17.4,0.792,0.4,6.7,39.8,119.8,-0.4,0.97,8.0,5.62,0.636,0.494,0.415,0.578,0.393,0.814,0.76,0.758,0.775,0.822,0.457,-0.766,-0.553,1.219,1.569,0.129,-0.757,1.217,-0.353,-0.249,0.953,-0.328,0.831,0.395,1.488,-0.805,-0.492,-9999.0,-9999.0,-9999.0,-9999.0,-9999.0,1.31,1.27,0.726,0.737,0.645,0.931,0.645,0.7,0.13,-0.49,0.17,0.04,-0.32,-0.45,,,,,,,,,,,,,,,,,,,,,,,,,,,,,,,,,,,
6-0-0 (2024-04-30),doi.org/10.14281/18241.24,7,2021,2,404,KEN,501,KEN,404071196,404721196,20210607,202105,202106,12.41,14.08,87,1,404022,-4,-4,-3,404035.0,2,1,5,2,1,37.25,-1.52,34,1240,en,1,2,1,1.0,0.7898894,2.57930734597156,4042021,1,2,2,3,1,1,1,1,1,1,1,2,2,2,2,2,2,1,2,2,2,2,1,1,2,2,1,4,1,2,3,3,1,1,5,2,4,2,4,1,1,1,1,1,1,1,1,1,2,3,10,9,8,4,4,4,4,4,1,2,1,2,2,3,2,3,1,1,1,1,2,3,2,2,3,3,3,3,3,1,1,2,2,2,2,2,-4,-4,-4,-4,-4,-4,-4,-4,-4,-4,-4,-4,-4,-4,-4,-4,2,1,1,1,1,1,1,10,-1,-2,-1,2,1,2,1,0,0,0,0,0,0,2,1,0,0,0,0,1,1,2,1,2,1,0,0,1,1,1,1,10,1,10,1,1,1,3,1,1,0,6,2,2,2,0,0,0,0,0,0,2,1,3,2,3,3,3,3,3,2,2,2,4,4,1,1,4,4,4,2,1,1,3,2,2,4,1,3,10,10,10,7,7,7,10,1,1,2,1,3,3,1,1,1,1,1,2,1,1,1,1,1,1,1,1,1,1,1,1,1,1,1,1,1,1,1,1,1,1,1,2,3,5,1,1,1,3,1,1,1,3,3,3,3,2,2,2,2,2,3,2,3,2,2,404016,404016,404016,3,3,3,2,4,3,3,3,3,3,2,1,3,3,3,1,1,10,1,1,1,1,1,1,1,1,1,6,7,8,1,1,1,1,1,1,2,Female,1990s,26,25-34 years,1,I am born in this country,Not an immigrant,1,Not an immigrant,1,Sub-Saharan Africa,KE,Sub-Saharan Africa,KE,Sub-Saharan Africa,KE,yes,1,not live with parents,2126,Married,1 child,5,-4,Higher,6,-4,Higher,5,-4,Higher,6,-4,Higher,Full time (30 hours a week or more),Full time (30 hours a week or more),Professional/Managerial,Professional/Managerial,professional or managerial,Government or public institution,Yes,Just get by,Lower middle class,7,Medium,Roman Catholic,10100000,404002,3,3,4,4,3,3,1,3,2,3,3,3,1,1,1,1,1,1,3,3,4,3,3,4,3,4,3,4,4,3,4,3,4,10,-3,3,4,3,1,0.0825,0.5275,0.0,0.0,0.0,0.0,0.0,0.0,0.0,0.0,0.0,0.0,0.0,0.0,0.0,0.66,0.33,0.33,1.0,1.0,1.0,1.0,0.0,0.0,0.33,0.11,0.0,0.0,0.0,0.0,1.0,1.0,1.0,1.0,1.0,1.0,6.0,2.0,48.0,4.0,19.0,4.0,29.0,9.0,0.0,9.0,16.0,4.0,0.45,28.0,43.2219,5.0,5.8,6.25,6.8,6.5,5.5,6.5,6.0,5.36,4.92,5.38,2.0,1.0,2.0,569140.0,4509.32,4329.87,40.8,31.6,23724579.0,31964557.0,52573973.0,66.34,2.27,27.51,23879160.0,5.47,2.8,2.49,2.64,13.42,75.0,87.51,17909.63,0.37,56.0,1.22,33.4,4.8,5.2,20.1,6.6,0.526,12.0,0.545,0.933,21.78,0.579,0.516,26.2,0.713,5.0,7.5,17.8,96.3,-0.2,1.0,17.0,19.0,0.429,0.338,0.267,0.389,0.245,0.829,0.711,0.326,0.468,0.713,0.474,-0.039,-0.424,1.347,0.347,0.16,-0.389,0.805,1.259,0.667,1.362,0.926,1.684,0.442,0.662,-0.23,-0.16,0.063,0.004,1.191,0.962,-9999.0,-9999.0,-9999.0,0.54,0.664,0.492,0.906,0.558,0.326,-0.31,-1.1,-0.44,-0.33,-0.44,-0.79,,,,,,,,,,,,,,,,,,,,,,,,,,,,,,,,,,,
6-0-0 (2024-04-30),doi.org/10.14281/18241.24,7,2020,2,704,VNM,816,DRV,704070084,704720341,20191225,201912,202001,12.34,13.22,48,1,704078,704004,-4,-3,704013.0,7,4,2,2,17,106.64,10.9,45,4470,vi,2,1,1,1.0,0.8333333,6.29114266666667,7042020,1,1,1,2,1,2,1,1,1,2,2,2,2,1,2,2,1,1,1,1,1,1,2,1,1,2,1,1,2,3,3,3,4,2,1,1,3,3,2,2,2,3,2,2,2,3,1,1,3,3,7,5,6,3,3,3,3,4,1,2,1,2,2,3,2,3,2,2,3,2,2,2,2,2,2,2,2,1,2,3,3,2,2,2,2,-4,-4,-4,2,-4,-4,-4,-4,-4,-4,-4,-4,-4,-4,-4,-4,-4,2,2,2,2,2,2,2,7,3,1,2,0,0,0,0,0,0,0,0,0,0,0,0,0,0,0,0,0,0,0,0,0,0,0,0,9,4,9,3,7,2,5,2,2,2,2,2,3,2,5,3,2,2,2,2,2,2,1,2,1,3,2,2,4,4,4,4,4,1,2,2,1,1,2,2,1,1,1,1,2,1,1,4,3,4,1,4,8,8,7,7,5,8,7,1,1,1,1,4,2,3,7,4,2,1,2,7,4,4,4,5,5,5,5,6,6,6,6,6,1,1,1,1,6,1,4,1,1,2,3,2,1,1,5,1,3,1,1,2,3,3,3,3,2,3,3,3,2,3,-4,-4,2,3,-4,-4,-4,2,2,2,2,2,2,2,3,2,2,1,3,2,2,2,2,2,-4,5,4,5,5,6,6,5,6,7,7,7,8,2,2,1,2,2,3,3,Male,1980s,34,25-34 years,2,I am born in this country,Not an immigrant,1,Not an immigrant,1,Southeast Asia,VN,Southeast Asia,VN,Southeast Asia,VN,yes,4,not live with parents,4470,Married,2 children,7,-4,Higher,7,-4,Higher,2,-4,Lower,2,-4,Lower,Full time (30 hours a week or more),Full time (30 hours a week or more),Blue Collar,Blue Collar,Agriculture,Private business or industry,Yes,Just get by,Working class,5,Medium,No religion,100000020,704001,4,4,4,3,4,4,2,4,2,3,4,4,3,4,4,3,4,4,5,5,5,4,4,4,4,2,2,2,2,2,2,2,2,-4,-3,2,1,2,1,0.498611,0.399213,0.0,0.33,0.0,0.11,0.33,1.0,0.333333,0.554444,1.0,1.0,1.0,1.0,0.33,0.33,0.33,0.33,1.0,0.0,0.0,0.333333,0.75,0.33,0.66,0.58,0.444444,0.555556,0.555556,0.518519,0.33,0.0,0.165,0.165,1.0,1.0,2.0,1.0,20.0,7.0,3.0,5.0,17.0,0.0,7.0,-7.0,64.0,1.0,0.49,37.0,33.8903,7.0,4.41,3.35,8.8,1.8,2.8,1.5,2.0,5.46,4.51,4.98,5.0,7.0,2.0,310070.0,8374.44,8041.18,35.7,27.1,67988862.0,79910412.0,96462106.0,75.32,0.96,36.63,57364650.0,6.32,1.9,2.11,2.01,66.92,100.0,36.73,192667.85,2.06,70.0,2.3,210.4,5.53,5.7,32.5,8.2,0.626,10.0,0.314,1.003,26.72,0.693,0.624,16.2,0.851,1.5,334.5,70.3,71.8,-0.8,1.02,-9999.0,1.0,0.217,0.122,0.194,0.162,0.202,0.177,0.058,0.465,0.488,0.702,0.735,-0.818,-0.647,0.699,-0.486,0.783,0.638,-0.59,-0.719,-1.028,-1.949,-1.333,-1.642,0.123,0.982,1.523,0.345,0.714,0.074,1.767,1.265,1.024,-0.578,0.004,0.65,0.778,0.679,0.961,0.281,0.471,-1.41,0.03,0.04,-0.36,-0.03,-0.52,,,Not asked,,,,,,,,,,,,,,,,,,,,,,,,,,,,,,,,
6-0-0 (2024-04-30),doi.org/10.14281/18241.24,7,2018,2,458,MYS,820,MAL,458071123,458721123,20180413,201804,201805,3.05,-4.0,-4,3,458012,458004,-4,-3,-4.0,5,3,4,1,-4,-999.0,-999.0,54,2810,ms,1,2,1,1.0,0.7616146,1.96989931454684,4582018,1,2,1,2,1,1,2,2,2,2,2,1,1,1,1,2,1,2,2,2,2,2,2,2,1,2,1,4,2,4,3,2,2,1,1,1,5,2,5,2,1,3,2,2,2,3,1,1,2,2,9,7,8,4,4,4,4,4,1,2,1,2,2,3,2,2,2,3,3,3,3,3,3,3,3,3,3,2,2,2,2,2,2,2,2,-4,2,-4,2,-4,-4,-4,-4,-4,-4,-4,-4,-4,-4,-4,-4,-4,2,2,2,2,2,2,2,6,1,1,2,0,0,0,0,0,0,0,0,0,0,0,0,0,0,0,0,0,0,0,0,0,0,0,0,8,7,5,2,2,1,8,2,3,3,2,2,3,3,8,2,2,2,1,1,2,1,2,2,3,2,3,2,3,4,3,3,3,1,1,2,1,1,2,2,1,1,1,1,2,1,1,2,1,3,1,2,9,9,6,9,4,3,10,1,1,1,1,1,3,4,1,1,1,1,1,3,9,3,10,9,9,10,10,10,8,10,10,10,10,6,10,8,6,8,6,1,4,2,2,2,4,1,2,2,1,1,2,1,2,1,2,3,1,2,2,1,1,2,3,3,1,1,458005,458005,458005,1,4,2,2,2,2,2,4,2,1,1,1,2,1,2,1,3,10,10,10,1,10,1,10,10,10,10,10,9,9,1,1,2,2,2,3,3,Female,1980s,28,25-34 years,1,I am born in this country,Not an immigrant,1,Not an immigrant,1,Southeast Asia,MY,Southeast Asia,MY,Southeast Asia,MY,yes,4,not live with parents,2810,Married,2 children,4,458014,Middle,4,458012,Middle,1,458005,Lower,1,458010,Lower,Housewife not otherwise employed,Full time (30 hours a week or more),White Collar,Professional/Managerial,White Collar,Private business or industry,No,Just get by,Lower middle class,4,Medium,Muslim,50000000,458004,-4,-4,-4,-4,-4,-4,-4,-4,-4,-4,-4,-4,-4,-4,-4,-4,-4,-4,-4,-4,-4,-4,-4,-4,-4,-4,-4,-4,-4,-4,-4,-4,-4,-4,-4,-4,1,1,-1,0.456667,0.363148,0.0,0.0,0.0,0.0,0.0,0.0,0.5,0.166667,1.0,1.0,1.0,1.0,0.66,0.66,0.66,0.66,0.0,0.0,0.0,0.0,0.25,0.33,1.0,0.526667,1.0,1.0,0.777778,0.925926,0.0,0.0,0.0,0.0,1.0,1.0,2.0,2.0,52.0,4.0,21.0,4.0,31.0,7.0,0.0,7.0,10.0,4.0,0.58,53.0,35.3076,7.0,6.0,4.78,8.0,3.8,4.0,2.5,5.7,7.21,5.2,6.0,4.0,7.0,3.0,328550.0,29525.58,28350.59,41.0,31.3,18029824.0,23194257.0,31949777.0,76.0,1.33,76.61,15673198.0,5.09,3.74,3.07,3.32,96.3,100.0,9.96,248288.9,8.09,12.0,0.98,123.09,3.86,4.7,30.3,10.2,0.713,6.0,0.274,0.972,14.41,0.804,0.847,-9999.0,0.862,2.1,0.8,81.2,134.5,1.6,1.01,0.0,0.0,0.466,0.328,0.288,0.36,0.348,0.663,0.739,0.447,0.762,0.72,0.838,-0.092,0.628,0.355,0.608,0.823,0.476,0.231,-0.18,0.253,0.786,-0.433,0.285,1.251,0.762,1.944,1.364,-9999.0,-9999.0,-9999.0,-9999.0,-9999.0,0.407,0.907,0.342,0.815,0.802,0.818,0.705,0.802,-0.05,0.14,1.01,0.56,0.52,0.26,,,,,,,,,,,,,,,,,,,,,,,,,,,,,,,,,,,
6-0-0 (2024-04-30),doi.org/10.14281/18241.24,7,2018,2,360,IDN,850,INS,360072796,360722796,20180727,201806,201808,-4.0,-4.0,-4,1,360006,360025,-4,-3,-4.0,2,1,5,2,281,119.95,-3.8,-4,1890,id,1,2,-4,1.418497644,0.3125,6.3753281875,3602018,1,2,1,4,1,1,1,1,1,1,1,2,2,2,2,2,2,1,2,1,2,2,2,2,1,2,1,3,1,2,1,1,1,1,2,1,3,3,1,2,1,4,1,5,3,2,1,1,1,2,10,9,10,1,2,3,1,2,1,2,1,2,3,4,3,2,1,2,3,2,4,3,3,2,4,2,3,3,3,2,3,2,1,2,4,-4,-4,-4,4,-4,-4,-4,-4,-4,-4,-4,-4,-4,-4,-4,-4,-4,3,3,2,3,3,2,3,4,1,2,3,2,1,1,1,0,0,0,0,0,0,2,1,1,1,2,1,0,0,0,0,2,1,0,0,5,7,5,4,10,2,8,3,2,2,3,4,3,3,8,4,2,2,0,0,2,2,0,0,1,2,3,4,4,2,4,4,4,2,1,2,1,1,2,2,2,2,2,2,2,1,3,4,1,2,1,2,6,8,9,3,5,9,10,1,2,2,1,1,1,2,1,1,1,2,2,9,4,8,5,6,4,2,1,1,2,3,2,4,5,3,4,4,2,3,1,2,2,2,4,3,5,2,5,5,5,5,5,5,3,3,3,3,2,3,3,3,-5,-5,-5,-5,1,1,360002,360002,360002,1,3,2,4,3,1,1,3,3,3,1,4,2,2,2,3,2,3,3,5,10,4,10,9,9,8,10,10,8,1,2,2,1,1,1,4,1,Female,1990s,27,25-34 years,1,I am born in this country,Not an immigrant,1,Not an immigrant,1,Southeast Asia,ID,Southeast Asia,ID,Southeast Asia,ID,yes,4,not live with parents,2790,Married,2 children,0,360010,Lower,2,360013,Lower,0,360010,Lower,0,360010,Lower,Part time (less than 30 hours a week),Self employed,Agriculture,Agriculture,Agriculture,Private business or industry,No,Save money,Upper middle class,10,High,Muslim,50000000,360019,-4,-4,-4,-4,-4,-4,-4,-4,-4,-4,-4,-4,-4,-4,-4,-4,-4,-4,-4,-4,-4,-4,-4,-4,-4,-4,-4,-4,-4,-4,-4,-4,-4,-4,-4,-4,3,2,1,0.428889,0.462269,0.0,0.33,0.0,0.11,0.0,0.0,0.166667,0.055556,1.0,1.0,1.0,1.0,0.33,0.66,0.66,0.55,1.0,1.0,1.0,1.0,0.0,0.0,0.33,0.11,0.111111,0.0,0.111111,0.074074,0.33,1.0,0.665,0.665,1.0,1.0,2.0,2.0,61.0,2.0,30.0,4.0,31.0,9.0,0.0,9.0,19.0,4.0,0.53,40.0,56.7099,7.0,6.25,6.5,6.5,7.0,6.3,6.0,6.8,6.0,5.45,6.07,2.0,7.0,3.0,1811570.0,12301.75,11812.2,39.0,29.5,181413402.0,211513823.0,270625568.0,71.51,1.1,55.99,134776525.0,6.47,4.51,4.8,4.69,58.37,98.51,10.65,563324.54,2.15,73.0,0.72,37.3,2.99,3.6,29.7,8.0,0.625,9.0,0.451,0.937,17.39,0.707,0.714,17.4,0.792,0.4,6.7,39.8,119.8,-0.4,0.97,8.0,5.62,0.636,0.494,0.415,0.578,0.393,0.814,0.76,0.758,0.775,0.822,0.457,-0.766,-0.553,1.219,1.569,0.129,-0.757,1.217,-0.353,-0.249,0.953,-0.328,0.831,0.395,1.488,-0.805,-0.492,-9999.0,-9999.0,-9999.0,-9999.0,-9999.0,1.31,1.27,0.726,0.737,0.645,0.931,0.645,0.7,0.13,-0.49,0.17,0.04,-0.32,-0.45,,,,,,,,,,,,,,,,,,,,,,,,,,,,,,,,,,,
6-0-0 (2024-04-30),doi.org/10.14281/18241.24,7,2021,2,504,MAR,600,MOR,504070780,504720780,20211117,202111,202112,18.44,19.55,71,2,504003,504013,-4,-3,504023.0,8,5,2,1,23,-5.54,33.88,-4,170,ar,1,1,-4,1.0,0.8333333,2.26004875,5042021,1,1,2,2,1,1,1,2,2,2,1,2,2,2,1,1,1,1,1,1,1,1,1,1,1,2,1,2,3,3,3,3,4,2,4,2,2,1,-4,2,3,2,2,2,1,3,1,1,2,3,8,4,6,2,3,3,4,4,3,2,1,2,3,3,3,3,2,3,3,4,3,4,3,4,3,4,3,4,3,3,3,3,4,4,4,-4,-4,4,-4,-4,-4,-4,-4,3,3,-4,-4,-4,-4,-4,-4,-4,3,3,3,3,3,3,3,9,1,2,1,1,1,1,1,1,1,1,1,1,1,1,1,1,1,0,0,0,0,0,0,0,0,0,0,10,10,1,1,1,1,10,3,3,3,3,3,3,3,9,2,2,2,2,1,1,1,1,2,1,1,1,3,2,3,2,3,3,1,1,2,2,1,2,2,1,1,1,1,2,1,1,3,1,3,2,4,10,10,1,1,10,9,9,1,1,1,1,1,1,1,1,1,1,1,2,2,2,8,2,2,8,8,2,2,2,8,7,7,7,1,2,2,2,2,2,3,3,3,2,2,4,1,4,1,1,1,1,1,2,2,2,2,2,2,2,2,2,2,2,2,1,1,504004,504004,504004,3,3,2,2,3,2,2,2,3,2,1,3,4,4,4,1,1,10,10,1,10,1,1,10,10,5,1,10,6,7,2,2,1,1,1,1,1,Male,1970s,43,35-44 years,2,I am born in this country,Not an immigrant,1,Not an immigrant,1,North Africa,MA,North Africa,MA,North Africa,MA,yes,More than 5,own parents,170,Married,2 children,4,-4,Middle,6,-4,Higher,1,-4,Lower,1,-4,Lower,Full time (30 hours a week or more),Full time (30 hours a week or more),White Collar,Professional/Managerial,Blue Collar,Government or public institution,Yes,Just get by,Lower middle class,3,Low,Muslim,50000000,504005,3,2,2,3,3,3,3,4,3,4,3,3,2,3,3,2,3,3,3,2,3,3,2,3,2,3,2,3,2,3,2,3,3,2,3,3,2,1,-2,0.470833,0.401667,0.0,0.33,0.0,0.11,0.0,0.0,0.0,0.0,1.0,1.0,1.0,1.0,0.66,1.0,0.66,0.773333,0.0,1.0,0.0,0.333333,0.75,0.66,0.66,0.69,0.777778,0.111111,0.111111,0.333333,0.0,0.5,0.25,0.25,1.0,1.0,5.0,2.0,37.0,5.0,13.0,5.0,24.0,1.0,5.0,-4.0,53.0,2.0,0.5,41.0,57.0663,4.0,4.61,3.8,6.8,3.0,3.3,2.0,4.0,5.43,4.28,4.73,5.0,4.0,2.0,446300.0,7826.17,7514.72,39.5,31.9,24807462.0,28793679.0,36471769.0,76.45,1.22,62.99,12067484.0,5.06,10.41,8.57,9.02,96.75,100.0,14.31,61275.57,1.74,53.0,3.1,87.46,5.25,-9999.0,29.5,5.5,0.547,9.0,0.492,0.833,20.51,0.676,0.652,28.3,0.869,2.1,3.9,64.8,124.2,-1.4,0.94,3.0,0.21,0.29,0.256,0.215,0.281,0.224,0.584,0.646,0.623,0.68,0.711,0.481,-0.999,-0.524,0.941,0.299,1.475,1.196,0.67,-0.888,-1.568,-0.076,0.684,0.421,-0.295,0.116,-0.34,-0.158,0.463,1.085,0.553,1.307,0.369,-0.273,0.052,0.499,0.717,0.653,0.835,0.699,0.851,-0.63,-0.34,-0.2,-0.14,-0.25,-0.34,,,,,,,,,,,,,,,,,,,,,,,,,,,,,,,,,,,
6-0-0 (2024-04-30),doi.org/10.14281/18241.24,7,2021,2,862,VEN,101,VEN,862070689,862720689,20210530,202105,202107,16.38,17.2,42,2,862016,862002,-4,-3,862069.0,7,4,3,1,69,-66.51,10.37,-4,1270,es,3,2,-4,1.0,0.8403361,1.70216453781513,8622021,1,1,2,2,3,2,1,1,1,2,2,1,2,2,2,2,1,2,2,1,1,1,2,1,2,2,2,3,2,3,3,4,1,1,3,3,4,2,4,3,2,4,4,3,2,1,2,1,3,3,5,2,5,2,3,3,4,2,3,2,1,2,2,3,2,1,2,3,2,3,3,4,2,3,3,3,2,4,3,3,1,2,4,3,4,-4,-4,-4,-4,-4,-4,-4,-4,-4,-4,4,-4,-4,-4,-4,-4,-4,4,3,2,4,3,2,3,8,3,2,2,2,0,1,1,0,0,0,0,0,0,0,0,0,0,0,0,0,0,0,0,0,0,0,0,4,8,8,6,7,1,8,4,4,4,4,3,2,4,8,4,1,2,2,2,0,2,2,2,3,3,1,2,3,2,1,2,1,1,1,2,2,2,2,2,4,3,3,1,1,2,1,3,4,3,1,4,-4,-4,-4,-4,-4,-4,8,1,1,1,1,3,3,4,4,3,1,2,2,6,8,8,3,3,5,8,5,8,8,3,5,8,3,5,10,3,8,3,5,3,4,4,2,3,3,1,1,1,1,3,3,4,2,1,1,1,3,2,1,2,1,3,3,2,1,1,862006,862006,862006,3,2,2,3,4,3,2,4,3,3,2,4,4,3,3,1,1,8,3,5,7,6,7,8,4,7,7,7,8,6,3,1,1,1,2,1,1,Female,1980s,35,35-44 years,2,I am born in this country,Not an immigrant,1,Not an immigrant,1,Latin America,VE,Latin America,VE,Latin America,VE,yes,More than 5,not live with parents,1270,Living together as married,2 children,1,-4,Lower,1,-4,Lower,1,-4,Lower,1,-4,Lower,Full time (30 hours a week or more),Full time (30 hours a week or more),Blue Collar,Blue Collar,Blue Collar,Private business or industry,No,Just get by,Working class,4,Medium,Roman Catholic,10100000,862002,4,1,2,4,4,4,4,2,2,3,4,5,4,4,3,3,4,2,5,4,3,2,3,4,3,4,2,2,3,3,4,2,4,4,-3,3,2,2,0,0.5125,0.505278,0.0,0.0,0.33,0.11,0.33,0.0,0.5,0.276667,1.0,1.0,1.0,1.0,0.66,1.0,0.33,0.663333,1.0,0.0,0.0,0.333333,0.0,0.33,0.66,0.33,0.777778,0.777778,0.777778,0.777778,0.66,0.5,0.58,0.58,1.0,1.0,1.0,1.0,16.0,7.0,2.0,6.0,14.0,1.0,4.0,-3.0,1.0,2.0,0.27,16.0,45.4081,2.0,3.47,3.8,7.3,3.8,2.5,2.5,3.0,3.14,1.86,2.15,5.0,5.0,3.0,882050.0,0.0,0.0,-9999.0,-9999.0,19632665.0,24192446.0,28515829.0,72.13,-1.24,88.24,12364879.0,6.98,9.32,8.47,8.8,96.16,100.0,63.7,164175.26,5.5,188.0,-9999.0,-9999.0,1.18,-9999.0,29.6,10.3,0.7,17.0,0.458,1.013,22.16,0.726,0.681,17.0,0.802,56.3,21.0,72.0,79.9,-22.3,0.98,10.0,10.0,0.229,0.086,0.152,0.052,0.134,0.301,0.304,0.091,0.283,0.342,0.117,-3.006,-3.038,-2.64,-1.984,0.242,0.775,-0.683,0.938,-0.096,-2.229,-1.447,-0.571,1.183,1.949,-1.026,-2.354,-2.05,1.173,2.593,1.868,0.499,-0.559,-0.896,0.867,0.763,0.585,0.976,0.014,0.159,-1.43,-1.54,-1.69,-2.36,-2.25,-1.51,,,,,,,,,,,,,,,,,,,,,,,,,,,,,,,,,,,
6-0-0 (2024-04-30),doi.org/10.14281/18241.24,7,2017,2,300,GRC,350,GRC,300070564,300720564,20170926,201709,201710,11.35,12.29,54,2,300007,300103,3000006,30005,300043.0,8,5,2,1,57,22.89,40.67,6039,1580,el,2,2,-4,1.108108108,0.8333333,0.748060416666667,3002017,1,2,2,4,1,1,1,2,1,2,2,2,1,1,2,2,1,2,2,2,2,2,2,2,2,2,2,3,2,2,2,2,1,1,1,1,2,1,5,2,2,2,2,2,1,3,3,1,3,3,5,5,5,3,4,4,4,4,2,2,1,3,3,4,4,4,1,1,3,2,3,1,1,2,3,2,2,1,3,4,4,3,3,3,3,-4,-4,-4,-4,-4,-4,-4,3,-4,-4,-4,-4,-4,-4,-4,-4,-4,3,4,2,3,4,3,3,1,2,3,2,0,0,0,0,0,0,0,0,0,0,0,0,0,0,0,0,0,0,0,0,0,0,0,0,6,6,8,4,7,2,8,3,2,2,2,3,1,2,5,3,1,2,1,2,2,2,2,1,3,3,4,4,4,4,2,3,4,2,2,2,-5,4,2,2,1,2,1,1,2,2,1,2,1,2,1,2,8,8,6,4,8,9,7,1,1,1,1,3,3,4,3,2,1,2,2,8,1,4,1,1,1,3,4,7,8,8,2,3,2,3,1,1,7,1,3,3,3,3,4,3,5,1,2,1,5,5,5,2,3,3,3,3,3,3,3,3,3,3,3,3,2,2,-1,-1,-1,2,4,2,3,3,2,3,4,1,1,2,-4,4,3,3,1,4,5,4,3,10,8,5,7,3,8,10,8,6,3,3,2,2,2,2,4,4,Female,1950s,67,65 and over,3,I am born in this country,Immigrant,0,Immigrant,0,Western Europe,GR,Middle East,TR,Middle East,TR,yes,2,not live with parents,1580,Divorced,1 child,1,300002,Lower,0,300100,Lower,0,300000,Lower,0,300000,Lower,Retired/pensioned,Full time (30 hours a week or more),Blue Collar,Blue Collar,Blue Collar,Private business or industry,Yes,Spent some savings and borrowed money,Lower class,2,Low,Orthodox,30112000,300001,-4,-4,-4,-4,-4,-4,-4,-4,-4,-4,-4,-4,-4,-4,-4,-4,-4,-4,-4,-4,-4,-4,-4,-4,-4,-4,-4,-4,-4,-4,-4,-4,-4,-4,-4,-4,2,2,0,0.18,0.235139,0.0,0.33,0.33,0.22,0.0,0.0,0.5,0.166667,1.0,0.0,0.0,0.333333,0.0,0.0,0.0,0.0,0.0,0.0,0.0,0.0,0.0,0.33,0.33,0.22,0.222222,0.666667,0.777778,0.555556,0.33,0.0,0.165,0.165,1.0,1.0,4.0,3.0,88.0,1.0,37.0,2.0,51.0,10.0,0.0,10.0,43.0,5.0,0.61,48.0,66.3322,-9999.0,-9999.0,-9999.0,-9999.0,-9999.0,-9999.0,-9999.0,-9999.0,-9999.0,-9999.0,-9999.0,-9999.0,6.0,4.0,128900.0,31399.42,30314.57,34.4,26.2,10196792.0,10805808.0,10716322.0,81.79,-0.15,79.39,4776602.0,11.2,22.02,13.52,17.24,94.29,100.0,28.66,62434.34,5.79,79.0,2.39,74.38,8.04,-9999.0,45.5,10.5,0.833,10.0,0.122,0.963,20.67,0.872,0.834,11.9,0.955,0.7,0.1,73.0,115.7,-1.5,1.0,1.0,1.0,0.86,0.762,0.597,0.777,0.735,0.922,0.918,0.95,0.929,0.87,0.894,0.172,0.809,1.086,1.142,1.346,1.482,2.244,0.533,1.126,1.651,1.475,1.744,2.565,2.642,2.222,1.762,2.15,2.018,2.247,2.656,2.078,-9999.0,-9999.0,0.3,0.933,0.907,0.987,0.87,0.967,0.81,0.18,0.34,0.53,0.18,0.04,,,Don´t know,,,,,,,,,,,,,,,,,,,,,,,,,,,,,,,,
6-0-0 (2024-04-30),doi.org/10.14281/18241.24,7,2018,2,218,ECU,130,ECU,218071032,218721032,20180208,201801,201805,14.1,14.48,38,1,218019,218016,-4,-3,218020.0,2,1,5,2,144,-78.51,0.0,8,1270,es,1,2,-4,1.0,0.8333333,1.09607883333333,2182018,1,2,2,3,2,2,2,1,2,2,1,2,2,2,1,2,1,1,2,2,2,2,2,2,2,2,3,4,3,3,3,3,4,2,1,1,4,2,5,2,3,1,2,2,2,3,1,1,1,2,10,10,5,4,4,4,4,4,3,-1,1,3,2,4,4,4,1,1,3,3,3,1,2,3,3,4,3,2,3,3,2,3,3,3,3,-4,-4,-4,-4,-4,-4,-4,-4,-4,-4,3,-4,-4,-4,-4,-4,-4,3,3,3,3,3,3,3,1,2,2,2,2,1,2,1,2,1,0,0,0,0,0,0,2,1,1,1,0,0,0,0,0,0,-1,-1,10,5,5,5,3,1,8,3,3,3,1,2,3,3,7,2,2,1,2,2,2,2,2,2,3,2,3,3,4,3,2,2,3,1,1,2,3,3,2,2,3,3,3,1,1,1,3,2,1,4,4,1,7,7,7,6,3,7,10,1,1,1,2,4,4,2,2,1,1,2,2,8,1,7,1,1,1,5,5,1,5,10,1,1,1,1,1,1,1,1,1,1,4,4,4,2,2,1,1,1,2,2,2,3,3,3,3,3,1,3,3,3,3,3,3,3,3,2,-5,-5,-5,2,3,3,2,2,2,2,3,2,1,2,-4,1,1,4,1,4,5,3,4,5,3,6,6,6,6,10,9,8,6,1,1,1,1,1,1,1,Male,1980s,36,35-44 years,2,I am born in this country,Not an immigrant,1,Not an immigrant,1,Latin America,EC,Latin America,EC,Latin America,EC,yes,3,not live with parents,1270,Married,1 child,6,218005,Higher,6,218005,Higher,3,218003,Middle,3,218003,Middle,Full time (30 hours a week or more),Full time (30 hours a week or more),White Collar,Professional/Managerial,professional or managerial,Government or public institution,No,Save money,Lower middle class,5,Medium,Roman Catholic,10100000,218012,-4,-4,-4,-4,-4,-4,-4,-4,-4,-4,-4,-4,-4,-4,-4,-4,-4,-4,-4,-4,-4,-4,-4,-4,-4,-4,-4,-4,-4,-4,-4,-4,-4,-4,-4,-4,2,2,-1,0.207222,0.579491,0.0,0.0,0.66,0.22,0.33,0.0,0.166667,0.165556,1.0,0.0,0.0,0.333333,0.0,0.0,0.33,0.11,1.0,1.0,0.0,0.666667,0.75,0.66,0.66,0.69,0.444444,0.0,0.444444,0.296296,0.33,1.0,0.665,0.665,1.0,1.0,1.0,2.0,65.0,3.0,27.0,3.0,38.0,6.0,1.0,5.0,18.0,3.0,0.49,38.0,49.9146,2.0,5.72,5.9,8.3,6.5,4.8,5.5,4.5,5.54,4.99,5.65,3.0,5.0,3.0,248360.0,11846.78,11375.33,45.4,33.8,10230934.0,12681123.0,17373662.0,76.8,1.68,63.99,8545537.0,5.11,4.96,3.28,3.97,95.58,100.0,52.8,41154.74,2.5,129.0,2.38,46.74,8.26,5.0,27.9,9.0,0.714,15.0,0.389,0.98,37.96,0.758,0.698,19.5,0.874,5.8,1.4,57.3,92.3,2.1,1.02,4.0,1.31,0.673,0.502,0.473,0.529,0.422,0.809,0.801,0.716,0.85,0.668,0.606,-0.041,0.635,-0.971,1.075,0.191,0.352,1.361,1.709,2.315,2.165,-0.095,0.52,0.674,1.412,-0.043,0.649,-0.022,0.029,1.391,1.577,0.669,2.026,1.592,0.439,0.845,0.816,0.995,0.645,0.547,0.03,-0.23,-0.34,-0.78,-0.52,-0.49,,,"Missing, Not available",,,,,,,,,,,,,,,,,,,,,,,,,,,,,,,,
6-0-0 (2024-04-30),doi.org/10.14281/18241.24,7,2021,2,504,MAR,600,MOR,504070787,504720787,20211116,202111,202112,13.05,14.42,97,2,504007,504017,-4,-3,504067.0,8,5,2,1,67,-8.06,31.62,-4,170,ar,2,1,-4,1.0,0.8333333,2.26004875,5042021,1,1,1,1,1,1,1,1,1,1,2,1,2,2,2,2,2,1,2,2,1,1,2,1,1,2,1,1,4,4,4,4,5,2,5,2,5,2,-4,5,1,1,1,1,1,3,1,2,2,3,6,5,6,4,4,4,4,2,2,1,3,2,3,3,3,3,3,3,3,3,3,3,3,3,3,3,3,3,3,3,3,3,3,3,3,-4,-4,3,-4,-4,-4,-4,-4,3,3,-4,-4,-4,-4,-4,-4,-4,3,3,3,3,3,3,3,10,3,3,2,0,0,0,0,0,0,0,0,0,0,0,0,0,0,0,0,0,0,0,0,0,0,0,0,10,1,1,1,1,3,7,3,3,3,2,3,3,1,4,2,0,2,2,0,2,0,2,2,3,2,3,3,4,4,3,2,1,1,1,2,1,1,2,1,1,1,4,2,2,1,2,1,3,4,1,4,10,10,7,5,1,9,10,1,1,1,1,3,2,7,8,4,2,2,2,8,1,1,1,1,1,1,1,1,10,6,6,1,1,1,1,1,6,1,6,1,4,3,2,2,5,2,5,5,5,5,1,1,2,1,2,2,2,2,2,2,1,2,2,3,2,2,8,8,8,2,4,1,1,2,2,2,4,1,3,1,3,4,4,4,1,4,2,10,1,10,10,1,10,10,1,10,10,4,4,2,2,2,2,1,2,2,Female,1980s,41,35-44 years,2,I am born in this country,Not an immigrant,1,Not an immigrant,1,North Africa,MA,North Africa,MA,North Africa,MA,yes,More than 5,not live with parents,170,Married,2 children,4,-4,Middle,7,-4,Higher,2,-4,Lower,6,-4,Higher,Part time (less than 30 hours a week),Full time (30 hours a week or more),White Collar,White Collar,White Collar,Private business or industry,No,Save money,Lower middle class,5,Medium,Muslim,50000000,504005,5,1,1,5,4,5,5,2,2,4,4,4,1,1,1,1,4,4,4,4,1,4,4,4,1,1,2,4,2,4,4,1,3,1,1,1,1,2,1,0.400833,0.54125,0.5,0.33,0.0,0.276667,0.0,1.0,1.0,0.666667,0.0,0.0,0.0,0.0,0.66,0.66,0.66,0.66,1.0,0.0,1.0,0.666667,1.0,1.0,1.0,1.0,0.0,0.0,1.0,0.333333,0.33,0.0,0.165,0.165,1.0,1.0,5.0,2.0,37.0,5.0,13.0,5.0,24.0,1.0,5.0,-4.0,53.0,2.0,0.5,41.0,57.0663,4.0,4.61,3.8,6.8,3.0,3.3,2.0,4.0,5.43,4.28,4.73,5.0,4.0,2.0,446300.0,7826.17,7514.72,39.5,31.9,24807462.0,28793679.0,36471769.0,76.45,1.22,62.99,12067484.0,5.06,10.41,8.57,9.02,96.75,100.0,14.31,61275.57,1.74,53.0,3.1,87.46,5.25,-9999.0,29.5,5.5,0.547,9.0,0.492,0.833,20.51,0.676,0.652,28.3,0.869,2.1,3.9,64.8,124.2,-1.4,0.94,3.0,0.21,0.29,0.256,0.215,0.281,0.224,0.584,0.646,0.623,0.68,0.711,0.481,-0.999,-0.524,0.941,0.299,1.475,1.196,0.67,-0.888,-1.568,-0.076,0.684,0.421,-0.295,0.116,-0.34,-0.158,0.463,1.085,0.553,1.307,0.369,-0.273,0.052,0.499,0.717,0.653,0.835,0.699,0.851,-0.63,-0.34,-0.2,-0.14,-0.25,-0.34,,,Independent candidate,,,,,,,,,,,,,,,,,,,,,,,,,,,,,,,,
6-0-0 (2024-04-30),doi.org/10.14281/18241.24,7,2022,2,528,NLD,210,NTH,528070736,528720736,20220110,202201,202201,-3.0,-3.0,-3,3,528008,528001,5280302,52803,-4.0,8,5,1,1,-4,-4.0,-4.0,-3,1190,nl,-4,-4,-4,1.0,0.4662005,0.689439067599068,5282022,2,1,1,2,2,4,2,2,2,1,1,1,1,2,2,2,2,1,2,2,2,2,2,1,2,2,2,4,4,4,4,3,5,2,5,2,5,2,1,5,3,4,2,4,2,2,2,3,2,2,7,8,9,4,4,4,4,4,1,1,1,2,1,2,1,1,4,3,4,4,4,2,2,2,3,2,2,2,2,3,3,2,3,3,3,-4,-4,-4,-4,-4,-4,-4,3,-4,-4,-4,-4,-4,-4,-4,-4,-4,2,2,2,2,2,2,2,6,3,1,2,0,0,2,1,0,0,0,0,0,0,1,1,0,0,0,0,0,0,0,0,0,0,0,0,5,4,5,3,3,1,3,2,2,2,2,2,1,0,8,3,2,2,2,0,0,2,0,0,2,1,4,4,4,4,4,4,4,2,2,2,4,-5,2,2,3,3,3,1,2,-1,3,4,4,2,2,1,8,7,1,4,7,9,1,2,2,2,2,4,4,7,8,4,3,1,2,7,4,4,3,3,1,10,5,9,10,10,5,10,1,3,1,1,10,1,1,2,3,3,2,2,4,4,4,1,4,1,3,2,1,2,2,2,1,2,2,1,1,1,2,3,1,1,528015,528015,528015,1,4,4,4,2,2,4,4,1,1,1,2,3,2,4,1,4,4,7,1,10,7,3,10,4,5,10,10,10,6,1,2,1,2,2,2,3,Female,1970s,47,45-54 years,2,I am born in this country,Not an immigrant,1,Not an immigrant,1,Western Europe,NL,Western Europe,NL,Western Europe,NL,yes,2,not live with parents,1190,Married,No children,7,528109,Higher,7,528107,Higher,4,528104,Middle,3,528103,Middle,Full time (30 hours a week or more),Full time (30 hours a week or more),Professional/Managerial,Professional/Managerial,Agriculture,Government or public institution,No,Save money,Upper middle class,10,High,No religion,100000020,528001,-4,-4,-4,-4,-4,-4,-4,-4,-4,-4,-4,-4,-4,-4,-4,-4,-4,-4,-4,-4,-4,-4,-4,-4,-4,-4,-4,-4,-4,-4,-4,-4,-4,-4,-4,-4,4,3,0,0.665,0.907407,1.0,0.33,0.33,0.553333,1.0,1.0,1.0,1.0,1.0,1.0,0.0,0.666667,0.66,0.33,0.33,0.44,0.0,1.0,1.0,0.666667,1.0,1.0,1.0,1.0,1.0,0.888889,1.0,0.962963,1.0,1.0,1.0,1.0,1.0,1.0,4.0,3.0,99.0,1.0,40.0,1.0,59.0,10.0,0.0,10.0,73.0,5.0,0.84,82.0,80.2805,-9999.0,-9999.0,-9999.0,-9999.0,-9999.0,-9999.0,-9999.0,-9999.0,-9999.0,-9999.0,-9999.0,-9999.0,6.0,4.0,33690.0,59686.83,57141.37,28.5,23.0,14951510.0,15925513.0,17332850.0,81.81,0.59,91.88,9275661.0,8.9,3.36,3.05,3.2,100.0,100.0,12.44,170779.52,10.03,42.0,1.24,154.32,10.1,5.4,43.3,12.2,0.906,13.0,0.041,0.967,31.33,0.934,0.939,6.7,0.956,0.8,0.0,94.7,120.6,0.9,1.0,1.0,1.0,0.83,0.784,0.568,0.77,0.709,0.932,0.87,0.961,0.969,0.888,0.923,2.693,2.437,2.473,3.115,1.949,2.029,2.155,2.065,0.839,2.127,1.407,1.881,1.85,2.198,1.425,2.697,2.575,2.738,2.79,2.542,2.911,1.995,2.01,0.022,0.92,0.948,0.996,0.984,0.946,1.49,0.85,1.8,1.86,1.77,1.9,,,,,,,,,,,,,,,,,,,,,,,,,,,,,,,,,,,
6-0-0 (2024-04-30),doi.org/10.14281/18241.24,7,2020,2,704,VNM,816,DRV,704070251,704720705,20200103,201912,202001,13.08,13.51,43,1,704076,704003,-4,-3,704003.0,7,4,1,1,41,105.84,20.99,48,4470,vi,3,1,1,1.0,0.8333333,6.29114266666667,7042020,1,2,2,3,1,1,1,1,2,1,1,2,2,1,2,2,2,1,1,1,2,1,1,1,1,1,1,2,3,3,2,2,3,3,2,1,2,1,3,3,2,3,3,2,2,3,1,1,1,3,9,9,9,4,3,4,3,4,1,1,1,2,2,2,2,2,2,2,2,2,2,2,2,1,2,2,2,2,2,2,2,2,1,2,2,-4,-4,-4,2,-4,-4,-4,-4,-4,-4,-4,-4,-4,-4,-4,-4,-4,2,-1,2,2,-1,1,2,8,3,1,2,0,0,0,0,0,0,0,0,0,0,0,0,0,0,0,0,0,0,0,0,0,0,0,0,9,2,1,1,1,1,10,3,2,3,3,3,3,3,5,4,1,2,2,2,2,2,2,2,3,2,2,2,3,3,4,3,3,1,1,1,1,1,2,2,2,1,1,1,2,1,4,1,3,1,4,1,10,9,7,9,9,8,8,1,1,2,2,2,2,6,7,4,3,2,2,10,6,9,1,1,4,8,7,6,8,6,8,6,1,6,3,1,5,3,6,4,4,3,4,3,1,1,4,1,3,1,1,1,2,3,3,2,3,3,3,2,2,3,-4,-4,2,2,-4,-4,-4,2,3,4,4,2,2,4,4,2,1,2,1,2,3,2,2,1,-4,9,8,8,9,6,8,7,8,9,10,10,8,2,2,1,2,1,2,2,Female,1970s,43,35-44 years,2,I am born in this country,Not an immigrant,1,Not an immigrant,1,Southeast Asia,VN,Southeast Asia,VN,Southeast Asia,VN,yes,4,not live with parents,4470,Married,2 children,5,-4,Higher,6,-4,Higher,4,-4,Middle,3,-4,Middle,Housewife not otherwise employed,Full time (30 hours a week or more),Professional/Managerial,Professional/Managerial,professional or managerial,Private business or industry,No,Just get by,Lower middle class,6,Medium,No religion,100000020,704001,2,4,4,2,3,2,2,4,4,2,2,2,2,4,3,2,3,2,2,3,3,4,3,4,4,3,4,4,4,3,4,3,4,-4,4,-3,0,1,2,0.429444,0.577593,0.0,0.33,0.0,0.11,0.0,1.0,0.833333,0.611111,1.0,0.0,1.0,0.666667,0.33,0.33,0.33,0.33,1.0,1.0,1.0,1.0,0.5,0.66,0.66,0.606667,0.777778,0.555556,0.777778,0.703704,0.0,0.0,0.0,0.0,1.0,1.0,2.0,1.0,20.0,7.0,3.0,5.0,17.0,0.0,7.0,-7.0,64.0,1.0,0.49,37.0,33.8903,7.0,4.41,3.35,8.8,1.8,2.8,1.5,2.0,5.46,4.51,4.98,5.0,7.0,2.0,310070.0,8374.44,8041.18,35.7,27.1,67988862.0,79910412.0,96462106.0,75.32,0.96,36.63,57364650.0,6.32,1.9,2.11,2.01,66.92,100.0,36.73,192667.85,2.06,70.0,2.3,210.4,5.53,5.7,32.5,8.2,0.626,10.0,0.314,1.003,26.72,0.693,0.624,16.2,0.851,1.5,334.5,70.3,71.8,-0.8,1.02,-9999.0,1.0,0.217,0.122,0.194,0.162,0.202,0.177,0.058,0.465,0.488,0.702,0.735,-0.818,-0.647,0.699,-0.486,0.783,0.638,-0.59,-0.719,-1.028,-1.949,-1.333,-1.642,0.123,0.982,1.523,0.345,0.714,0.074,1.767,1.265,1.024,-0.578,0.004,0.65,0.778,0.679,0.961,0.281,0.471,-1.41,0.03,0.04,-0.36,-0.03,-0.52,,,Not asked,,,,,,,,,,,,,,,,,,,,,,,,,,,,,,,,
6-0-0 (2024-04-30),doi.org/10.14281/18241.24,7,2021,2,862,VEN,101,VEN,862070661,862720661,20210529,202105,202107,9.2,10.01,42,2,862016,862002,-4,-3,862067.0,8,5,1,1,67,-66.88,10.45,-4,1270,es,2,1,-4,1.0,0.8403361,1.70216453781513,8622021,1,1,1,1,1,1,1,2,1,1,2,2,2,2,2,1,1,1,2,2,2,2,2,2,2,2,2,4,3,3,3,2,4,2,4,2,1,1,2,2,2,2,2,2,3,3,1,1,3,2,6,7,6,4,2,2,4,4,2,2,2,1,2,2,4,3,3,1,4,3,3,3,3,4,4,4,4,1,4,3,2,2,2,3,3,-4,-4,-4,-4,-4,-4,-4,-4,-4,-4,3,-4,-4,-4,-4,-4,-4,3,2,1,3,2,2,2,4,3,2,2,0,0,0,0,0,0,0,0,0,0,0,0,0,0,0,0,0,0,0,0,0,0,0,0,10,1,9,1,2,2,10,4,2,3,4,4,3,2,5,4,2,0,2,2,2,2,1,2,2,3,3,4,3,4,4,4,4,1,1,2,4,4,2,2,2,2,4,2,1,1,1,3,3,1,1,4,-4,-4,-4,-4,-4,-4,10,1,1,2,1,4,4,7,2,1,1,1,1,10,1,1,1,1,1,5,5,1,10,8,5,5,1,1,3,1,8,1,1,1,2,3,4,2,2,1,2,1,1,1,1,1,1,2,2,2,2,2,1,1,1,2,3,3,2,2,4,4,4,4,2,2,3,3,4,4,2,2,2,1,4,4,1,4,1,3,6,7,3,10,10,0,10,3,7,10,10,2,1,4,1,1,1,1,2,2,Male,1980s,40,35-44 years,2,I am born in this country,Not an immigrant,1,Not an immigrant,1,Latin America,VE,Latin America,VE,Latin America,VE,yes,More than 5,own parents,1270,Married,2 children,6,-4,Higher,6,-4,Higher,6,-4,Higher,6,-4,Higher,Full time (30 hours a week or more),Full time (30 hours a week or more),Professional/Managerial,Professional/Managerial,professional or managerial,Private business or industry,No,Just get by,Upper class,7,Medium,Roman Catholic,10100000,862001,5,1,1,5,4,5,5,1,1,5,5,5,2,2,2,2,4,4,5,5,1,2,4,5,3,4,4,5,1,3,4,2,2,0,1,-3,1,1,-1,0.220833,0.35537,0.0,0.0,0.33,0.11,0.0,0.0,1.0,0.333333,0.0,0.0,0.0,0.0,0.0,0.66,0.66,0.44,0.0,0.0,0.0,0.0,0.75,0.66,0.66,0.69,0.444444,0.0,1.0,0.481481,0.0,0.5,0.25,0.25,1.0,1.0,1.0,1.0,16.0,7.0,2.0,6.0,14.0,1.0,4.0,-3.0,1.0,2.0,0.27,16.0,45.4081,2.0,3.47,3.8,7.3,3.8,2.5,2.5,3.0,3.14,1.86,2.15,5.0,5.0,3.0,882050.0,0.0,0.0,-9999.0,-9999.0,19632665.0,24192446.0,28515829.0,72.13,-1.24,88.24,12364879.0,6.98,9.32,8.47,8.8,96.16,100.0,63.7,164175.26,5.5,188.0,-9999.0,-9999.0,1.18,-9999.0,29.6,10.3,0.7,17.0,0.458,1.013,22.16,0.726,0.681,17.0,0.802,56.3,21.0,72.0,79.9,-22.3,0.98,10.0,10.0,0.229,0.086,0.152,0.052,0.134,0.301,0.304,0.091,0.283,0.342,0.117,-3.006,-3.038,-2.64,-1.984,0.242,0.775,-0.683,0.938,-0.096,-2.229,-1.447,-0.571,1.183,1.949,-1.026,-2.354,-2.05,1.173,2.593,1.868,0.499,-0.559,-0.896,0.867,0.763,0.585,0.976,0.014,0.159,-1.43,-1.54,-1.69,-2.36,-2.25,-1.51,,,None,,,,,,,,,,,,,,,,,,,,,,,,,,,,,,,,
6-0-0 (2024-04-30),doi.org/10.14281/18241.24,7,2018,2,360,IDN,850,INS,360072265,360722265,20180701,201806,201808,-4.0,-4.0,-4,1,360001,360021,-4,-3,-4.0,2,1,5,2,228,112.28,-7.77,-4,1890,id,1,2,-4,0.589353398,0.3125,6.3753281875,3602018,1,3,1,1,1,1,2,1,2,2,2,2,1,2,2,2,1,2,2,2,2,2,1,2,2,2,1,3,1,2,2,2,2,1,2,1,2,1,4,2,2,4,4,2,2,3,1,1,2,2,8,10,10,4,4,2,2,4,1,2,2,3,4,4,4,4,1,1,1,4,4,1,1,1,4,1,1,1,1,3,1,1,1,1,4,-4,-4,-4,4,-4,-4,-4,-4,-4,-4,-4,-4,-4,-4,-4,-4,-4,1,3,1,2,1,1,1,7,2,1,3,2,1,2,1,0,0,0,0,0,0,2,1,2,1,2,1,0,0,0,0,-5,-5,0,0,10,1,10,1,1,1,5,2,4,2,2,1,2,3,10,3,0,0,0,0,0,2,0,0,4,2,3,4,4,4,4,4,4,2,2,2,1,2,2,2,1,1,1,2,2,1,1,4,1,4,1,4,10,10,1,1,10,10,10,1,2,2,2,1,1,3,1,1,1,2,1,10,1,1,1,1,1,1,1,1,1,1,1,1,1,1,1,1,1,1,1,4,3,2,2,1,5,5,5,3,5,5,5,3,3,3,3,3,3,3,3,3,-5,-5,-5,-5,1,1,360007,360007,360007,1,3,3,3,3,1,4,4,4,3,1,3,1,1,1,2,2,-1,1,10,5,1,2,1,10,2,10,5,6,7,2,2,1,2,2,3,2,Male,1990s,21,16-24 years,1,I am born in this country,Not an immigrant,1,Not an immigrant,1,Southeast Asia,ID,Southeast Asia,ID,Southeast Asia,ID,yes,3,not live with parents,2740,Married,1 child,2,360013,Lower,1,360012,Lower,1,360012,Lower,1,360012,Lower,Full time (30 hours a week or more),Housewife not otherwise employed,White Collar,Not employed,Agriculture,Private business or industry,Yes,Save money,Lower class,7,Medium,Muslim,50000000,360018,-4,-4,-4,-4,-4,-4,-4,-4,-4,-4,-4,-4,-4,-4,-4,-4,-4,-4,-4,-4,-4,-4,-4,-4,-4,-4,-4,-4,-4,-4,-4,-4,-4,-4,-4,-4,1,2,0,0.055278,0.172917,0.0,0.33,0.0,0.11,0.0,0.0,0.333333,0.111111,0.0,0.0,0.0,0.0,0.0,0.0,0.0,0.0,1.0,0.0,0.0,0.333333,0.25,0.0,0.33,0.193333,0.0,0.0,0.0,0.0,0.33,0.0,0.165,0.165,1.0,1.0,2.0,2.0,61.0,2.0,30.0,4.0,31.0,9.0,0.0,9.0,19.0,4.0,0.53,40.0,56.7099,7.0,6.25,6.5,6.5,7.0,6.3,6.0,6.8,6.0,5.45,6.07,2.0,7.0,3.0,1811570.0,12301.75,11812.2,39.0,29.5,181413402.0,211513823.0,270625568.0,71.51,1.1,55.99,134776525.0,6.47,4.51,4.8,4.69,58.37,98.51,10.65,563324.54,2.15,73.0,0.72,37.3,2.99,3.6,29.7,8.0,0.625,9.0,0.451,0.937,17.39,0.707,0.714,17.4,0.792,0.4,6.7,39.8,119.8,-0.4,0.97,8.0,5.62,0.636,0.494,0.415,0.578,0.393,0.814,0.76,0.758,0.775,0.822,0.457,-0.766,-0.553,1.219,1.569,0.129,-0.757,1.217,-0.353,-0.249,0.953,-0.328,0.831,0.395,1.488,-0.805,-0.492,-9999.0,-9999.0,-9999.0,-9999.0,-9999.0,1.31,1.27,0.726,0.737,0.645,0.931,0.645,0.7,0.13,-0.49,0.17,0.04,-0.32,-0.45,,,,,,,,,,,,,,,,,,,,,,,,,,,,,,,,,,,
6-0-0 (2024-04-30),doi.org/10.14281/18241.24,7,2022,2,528,NLD,210,NTH,528070470,528720470,20220122,202201,202201,-3.0,-3.0,-3,3,528006,528006,5280402,52804,-4.0,4,2,5,2,-4,-4.0,-4.0,-3,1190,nl,-4,-4,-4,1.0,0.4662005,0.689439067599068,5282022,1,1,2,2,-5,1,1,2,2,1,2,1,2,2,2,1,2,1,2,2,2,2,2,1,2,2,2,3,3,4,3,-1,3,3,4,2,3,3,-1,5,3,3,2,2,2,2,2,1,1,2,7,7,6,4,4,4,4,4,1,1,1,1,1,-1,1,-1,2,2,2,2,2,2,2,3,3,2,2,2,2,3,3,2,-1,3,2,-4,-4,-4,-4,-4,-4,-4,2,-4,-4,-4,-4,-4,-4,-4,-4,-4,2,2,1,2,2,2,-1,5,3,3,2,2,1,0,0,0,0,0,0,0,0,1,1,0,0,0,0,0,0,0,0,0,0,0,0,4,5,6,5,5,1,5,2,3,2,2,-1,1,0,4,3,2,2,2,2,2,2,0,-1,-5,1,4,4,4,4,4,4,4,1,2,2,1,1,2,2,2,3,4,2,2,2,3,4,1,2,2,3,7,7,5,6,5,7,7,1,1,2,-1,3,3,2,1,1,1,2,2,7,1,1,1,1,1,10,3,10,10,10,6,8,1,2,2,1,8,2,1,2,4,4,1,1,1,1,1,2,2,3,5,2,2,3,2,3,3,3,3,2,3,3,3,3,1,1,528002,528002,528002,1,4,4,4,2,3,-1,4,2,2,1,3,4,3,4,1,4,7,5,1,10,7,2,10,5,4,10,9,8,7,2,2,1,2,2,3,4,Male,1940s,76,65 and over,3,I am born in this country,Not an immigrant,1,Not an immigrant,1,Western Europe,NL,Western Europe,NL,Western Europe,NL,yes,2,not live with parents,1190,Married,2 children,5,528105,Higher,4,528104,Middle,2,528102,Lower,1,528101,Lower,Retired/pensioned,Housewife not otherwise employed,White Collar,White Collar,Blue Collar,Government or public institution,Yes,Just get by,Upper middle class,6,Medium,Roman Catholic,10000000,528001,-4,-4,-4,-4,-4,-4,-4,-4,-4,-4,-4,-4,-4,-4,-4,-4,-4,-4,-4,-4,-4,-4,-4,-4,-4,-4,-4,-4,-4,-4,-4,-4,-4,-4,-4,-4,4,2,0,0.151389,0.679583,0.0,0.33,0.33,0.22,0.0,0.0,0.166667,0.055556,0.0,0.0,0.0,0.0,0.33,0.33,0.33,0.33,0.0,0.0,1.0,0.333333,0.5,0.66,1.0,0.72,1.0,1.0,1.0,1.0,0.33,1.0,0.665,0.665,1.0,1.0,4.0,3.0,99.0,1.0,40.0,1.0,59.0,10.0,0.0,10.0,73.0,5.0,0.84,82.0,80.2805,-9999.0,-9999.0,-9999.0,-9999.0,-9999.0,-9999.0,-9999.0,-9999.0,-9999.0,-9999.0,-9999.0,-9999.0,6.0,4.0,33690.0,59686.83,57141.37,28.5,23.0,14951510.0,15925513.0,17332850.0,81.81,0.59,91.88,9275661.0,8.9,3.36,3.05,3.2,100.0,100.0,12.44,170779.52,10.03,42.0,1.24,154.32,10.1,5.4,43.3,12.2,0.906,13.0,0.041,0.967,31.33,0.934,0.939,6.7,0.956,0.8,0.0,94.7,120.6,0.9,1.0,1.0,1.0,0.83,0.784,0.568,0.77,0.709,0.932,0.87,0.961,0.969,0.888,0.923,2.693,2.437,2.473,3.115,1.949,2.029,2.155,2.065,0.839,2.127,1.407,1.881,1.85,2.198,1.425,2.697,2.575,2.738,2.79,2.542,2.911,1.995,2.01,0.022,0.92,0.948,0.996,0.984,0.946,1.49,0.85,1.8,1.86,1.77,1.9,,,,,,,,,,,,,,,,,,,,,,,,,,,,,,,,,,,
6-0-0 (2024-04-30),doi.org/10.14281/18241.24,7,2020,2,231,ETH,530,ETH,231070103,231720103,20200219,202002,202003,15.08,16.25,77,2,231004,231004,-4,-3,231024.0,7,4,4,1,18,39.63,11.14,22,140,am,1,1,1,1.0,0.8130081,5.87127796747968,2312020,1,1,4,2,1,1,1,1,1,2,2,1,2,2,1,2,2,1,2,2,2,1,2,2,2,2,1,3,3,3,3,3,2,1,4,2,5,2,5,4,2,1,2,1,2,3,1,2,3,1,10,2,1,4,4,4,4,4,3,2,1,1,1,3,2,2,1,2,3,4,2,3,3,3,3,3,3,4,3,3,2,1,1,2,1,1,-4,-4,-4,-4,-4,-4,-4,-4,-4,-4,-4,-4,-4,-4,-4,-4,2,3,4,4,3,4,4,1,-1,3,2,1,1,0,0,0,0,0,0,0,0,0,0,0,0,0,0,1,1,0,0,0,0,0,0,1,10,10,1,1,1,5,2,2,3,2,2,2,2,6,3,2,2,0,0,0,0,0,0,2,4,2,2,4,4,1,2,4,2,1,2,1,1,2,2,1,1,1,1,2,1,1,2,1,3,1,4,10,10,8,1,1,9,10,1,1,1,1,2,2,1,2,1,1,2,2,1,1,1,1,1,1,1,1,1,1,1,1,1,1,3,1,1,1,1,1,2,2,4,2,2,5,1,5,1,1,1,1,2,3,3,2,3,3,3,3,3,3,3,3,3,1,1,-1,-1,-1,4,-1,2,-2,4,4,-2,4,2,1,1,3,4,3,2,2,4,10,10,10,9,7,1,9,10,10,10,10,5,5,3,1,3,3,2,2,1,Female,1980s,34,25-34 years,2,I am born in this country,Not an immigrant,1,Not an immigrant,1,Sub-Saharan Africa,ET,Sub-Saharan Africa,ET,Sub-Saharan Africa,ET,yes,More than 5,not live with parents,140,Married,2 children,6,-4,Higher,6,-4,Higher,1,-4,Lower,1,-4,Lower,Housewife not otherwise employed,Full time (30 hours a week or more),Blue Collar,Professional/Managerial,Agriculture,Private non-profit organization,No,Spent some savings and borrowed money,Upper middle class,5,Medium,Orthodox,30202009,231001,2,2,2,2,4,4,3,3,3,4,5,3,2,4,4,2,4,5,4,5,2,2,4,4,1,2,2,5,4,3,2,2,2,5,0,-3,0,1,0,0.179167,0.2975,0.5,0.0,0.0,0.166667,0.0,0.0,0.0,0.0,0.0,0.0,0.0,0.0,0.33,0.66,0.66,0.55,1.0,0.0,1.0,0.666667,0.25,0.66,0.66,0.523333,0.0,0.0,0.0,0.0,0.0,0.0,0.0,0.0,1.0,1.0,6.0,1.0,24.0,6.0,10.0,6.0,14.0,3.0,2.0,1.0,0.0,3.0,0.41,37.0,23.8923,5.0,3.33,3.02,6.0,2.0,2.8,2.0,2.3,3.64,3.65,3.8,5.0,1.0,1.0,1000000.0,2311.7,2219.71,35.0,31.4,47887865.0,66224804.0,112078730.0,66.24,2.58,21.23,53195214.0,6.55,2.76,1.49,2.08,3.51,44.98,99.96,14869.69,0.14,159.0,0.64,28.74,3.5,4.7,19.5,2.8,0.335,8.0,0.508,0.844,38.76,0.47,0.435,27.2,0.711,-9999.0,92.2,18.6,37.2,0.3,0.91,18.0,14.0,0.33,0.176,0.14,0.314,0.199,0.616,0.472,0.239,0.567,0.479,0.525,-0.263,0.61,0.507,0.156,0.562,-0.877,0.223,0.709,-0.636,0.823,-1.119,0.735,0.909,0.313,-0.601,-0.059,-9999.0,-9999.0,-9999.0,-9999.0,-9999.0,0.075,0.071,0.453,0.665,0.438,0.982,0.554,0.759,-1.06,-1.31,-0.62,-0.9,-0.47,-0.41,,,Don´t know,,,,,,,,,,,,,,,,,,,,,,,,,,,,,,,,
6-0-0 (2024-04-30),doi.org/10.14281/18241.24,7,2020,2,104,MMR,775,MYA,104070892,104720745,20200202,202001,202003,11.1,12.01,51,1,104001,104001,-4,-3,104028.0,1,1,2,1,75,95.96,21.93,-4,740,my,1,1,1,1.0,0.8333333,3.36767725,1042020,1,2,2,2,1,1,1,1,2,1,2,1,1,2,2,2,2,1,1,2,2,1,1,1,1,1,1,2,2,4,3,2,2,1,2,1,3,3,3,2,2,2,2,3,2,1,1,1,3,2,5,7,7,4,4,4,4,4,3,2,2,3,3,4,3,3,3,3,3,3,3,3,4,3,3,3,3,3,4,3,3,3,2,2,3,-4,-4,-4,3,-4,-4,-4,-4,-4,-4,-4,-4,-4,-4,-4,-4,-4,3,2,3,3,3,2,3,8,3,2,2,0,0,0,0,0,0,0,0,0,0,0,0,0,0,0,0,0,0,0,0,0,0,0,0,8,3,8,4,1,1,8,3,3,3,3,3,3,3,8,4,0,2,2,2,2,1,0,2,3,1,4,4,4,4,4,4,3,1,1,2,2,1,2,2,2,2,2,2,2,1,2,4,4,1,4,1,5,7,5,7,8,5,10,1,1,1,1,1,1,2,2,1,1,2,1,1,1,3,1,2,1,2,4,2,3,3,1,1,3,2,3,3,1,2,10,2,2,2,2,3,2,1,1,2,5,5,1,2,3,3,3,3,3,3,-4,3,3,-4,-4,-4,1,4,104001,104001,104001,4,1,1,1,4,4,4,4,1,1,1,5,1,2,1,1,2,-4,8,1,9,8,9,9,9,8,9,9,5,4,3,1,2,2,2,3,3,Female,1980s,31,25-34 years,2,I am born in this country,Not an immigrant,1,Not an immigrant,1,Southeast Asia,MM,Southeast Asia,MM,Southeast Asia,MM,yes,More than 5,own parents,740,Married,1 child,5,-4,Higher,4,-4,Middle,2,-4,Lower,1,-4,Lower,Self employed,Full time (30 hours a week or more),Blue Collar,Blue Collar,White Collar,Private business or industry,No,Just get by,Upper middle class,9,High,Buddhist,70000000,104001,2,3,3,2,3,3,3,3,4,3,3,2,2,3,4,3,3,2,3,3,2,2,4,3,3,3,2,4,3,3,4,3,4,-4,1,-3,1,2,1,0.373889,0.41787,0.0,0.0,0.0,0.0,0.0,0.0,0.166667,0.055556,1.0,1.0,0.0,0.666667,0.66,0.66,1.0,0.773333,1.0,0.0,1.0,0.666667,0.25,0.33,1.0,0.526667,0.111111,0.111111,0.222222,0.148148,0.66,0.0,0.33,0.33,1.0,1.0,2.0,1.0,30.0,5.0,14.0,6.0,16.0,8.0,0.0,8.0,2.0,4.0,0.42,29.0,54.0737,7.0,3.38,3.5,4.0,5.0,3.0,2.5,3.0,3.25,3.97,4.13,5.0,7.0,2.0,653080.0,5355.27,5142.15,30.7,31.7,41335199.0,46719701.0,54045420.0,66.87,0.63,30.85,24690588.0,8.2,2.07,1.24,1.58,18.4,66.26,58.85,25280.3,0.48,165.0,2.92,-9999.0,4.66,2.2,29.0,5.0,0.452,5.0,0.459,0.953,11.32,0.584,0.612,23.2,0.721,2.3,1096.2,30.7,113.8,-3.0,1.01,12.0,1.95,0.406,0.246,0.274,0.332,0.233,0.669,0.594,0.52,0.405,0.765,0.266,-0.252,0.371,1.322,0.27,0.434,-1.98,0.052,-0.632,-0.258,0.747,0.113,0.773,0.025,1.019,-0.829,-1.038,-0.73,0.292,-0.394,1.127,-0.539,-9999.0,-9999.0,0.424,0.655,0.384,0.814,0.582,0.404,-0.86,-1.33,-1.17,-0.75,-1.06,-0.62,,,,,,,,,,,,,,,,,,,,,,,,,,,,,,,,,,,
6-0-0 (2024-04-30),doi.org/10.14281/18241.24,7,2021,2,404,KEN,501,KEN,404070568,404720568,20210528,202105,202106,16.48,18.09,81,1,404022,-4,-4,-3,404035.0,1,1,5,2,1,37.34,-1.49,33,1240,en,2,1,1,1.0,0.7898894,2.57930734597156,4042021,1,2,2,2,1,1,1,1,1,2,2,2,2,2,1,2,1,1,2,2,2,1,2,1,2,2,1,3,3,3,3,3,4,2,1,1,4,2,4,1,2,2,1,1,1,3,1,1,2,1,6,7,5,4,4,4,4,4,1,2,1,3,2,3,3,3,1,2,2,2,2,2,2,2,2,2,2,3,2,2,2,2,2,2,2,2,-4,-4,-4,-4,-4,-4,-4,-4,-4,-4,-4,-4,-4,-4,-4,-4,2,2,2,2,2,2,2,6,3,3,1,2,1,1,1,1,1,0,0,0,0,0,0,0,0,0,0,0,0,0,0,0,0,0,0,6,5,7,8,5,1,7,2,2,2,2,2,1,2,7,1,2,1,2,2,2,2,0,2,2,1,3,3,3,3,3,3,3,2,2,2,1,1,1,1,1,1,1,1,2,1,2,3,1,2,1,2,5,6,5,6,6,5,5,1,1,2,1,1,1,1,1,1,1,2,2,5,4,5,4,4,6,3,4,4,5,3,3,4,3,4,3,3,3,4,5,3,3,3,1,1,2,1,1,1,2,2,1,1,3,3,3,3,2,2,2,2,2,3,3,3,1,1,404005,404005,404005,2,2,2,1,2,2,2,2,2,2,1,2,2,2,1,1,1,7,4,5,3,4,2,7,6,5,4,7,5,6,1,3,1,1,1,1,1,Male,1970s,42,35-44 years,2,I am born in this country,Not an immigrant,1,Not an immigrant,1,Sub-Saharan Africa,KE,Sub-Saharan Africa,KE,Sub-Saharan Africa,KE,yes,2,not live with parents,2126,Married,2 children,1,-4,Lower,2,-4,Lower,0,-4,Lower,0,-4,Lower,Unemployed,Student,Agriculture,Professional/Managerial,professional or managerial,Private business or industry,Yes,Save money,Upper middle class,5,Medium,Roman Catholic,10100000,404002,2,2,2,2,2,2,2,2,2,2,2,2,2,2,2,2,2,2,3,2,2,2,2,2,2,2,2,2,2,2,2,2,2,6,-3,2,3,2,-1,0.3875,0.442917,0.0,0.66,0.0,0.22,0.0,0.0,0.0,0.0,1.0,1.0,1.0,1.0,0.33,0.33,0.33,0.33,1.0,0.0,0.0,0.333333,0.75,0.66,0.66,0.69,0.222222,0.333333,0.444444,0.333333,0.33,0.5,0.415,0.415,1.0,1.0,6.0,2.0,48.0,4.0,19.0,4.0,29.0,9.0,0.0,9.0,16.0,4.0,0.45,28.0,43.2219,5.0,5.8,6.25,6.8,6.5,5.5,6.5,6.0,5.36,4.92,5.38,2.0,1.0,2.0,569140.0,4509.32,4329.87,40.8,31.6,23724579.0,31964557.0,52573973.0,66.34,2.27,27.51,23879160.0,5.47,2.8,2.49,2.64,13.42,75.0,87.51,17909.63,0.37,56.0,1.22,33.4,4.8,5.2,20.1,6.6,0.526,12.0,0.545,0.933,21.78,0.579,0.516,26.2,0.713,5.0,7.5,17.8,96.3,-0.2,1.0,17.0,19.0,0.429,0.338,0.267,0.389,0.245,0.829,0.711,0.326,0.468,0.713,0.474,-0.039,-0.424,1.347,0.347,0.16,-0.389,0.805,1.259,0.667,1.362,0.926,1.684,0.442,0.662,-0.23,-0.16,0.063,0.004,1.191,0.962,-9999.0,-9999.0,-9999.0,0.54,0.664,0.492,0.906,0.558,0.326,-0.31,-1.1,-0.44,-0.33,-0.44,-0.79,,,,,,,,,,,,,,,,,,,,,,,,,,,,,,,,,,,
6-0-0 (2024-04-30),doi.org/10.14281/18241.24,7,2018,2,170,COL,100,COL,170075588,170720818,20181211,201811,201812,9.53,10.45,53,1,170009,170108,-4,-3,170021.0,4,2,3,1,-4,-75.0,1.0,997,1270,es,2,2,-5,1.0,0.6578947,2.65730631578947,1702018,1,1,1,1,1,1,1,2,1,2,2,1,2,2,2,2,2,1,2,2,2,2,2,2,2,2,2,2,2,2,2,3,3,3,2,1,3,3,4,2,2,2,2,2,3,3,1,1,2,2,10,10,10,4,4,4,2,4,2,2,1,1,1,3,3,3,1,1,1,3,3,1,1,1,1,1,1,1,1,1,1,1,1,1,-1,-4,-4,-4,-4,-4,-4,-4,-4,-4,-4,-1,-4,-4,-4,-4,-4,-4,-1,-1,-1,-1,-1,1,-1,4,-2,-2,-2,2,1,0,0,0,0,0,0,0,0,0,0,0,0,0,0,0,0,0,0,0,0,2,1,10,1,10,1,2,2,10,4,4,4,4,4,2,2,10,4,0,2,2,2,2,2,2,2,4,2,3,3,3,3,2,3,3,2,2,2,1,1,2,2,1,1,1,1,2,1,2,4,4,3,3,4,10,10,3,4,4,6,10,1,2,2,1,1,1,2,1,1,2,2,2,5,2,5,1,1,2,1,1,1,1,2,1,1,2,1,2,2,1,2,2,3,3,3,4,2,5,3,5,1,5,5,5,5,2,2,2,2,3,3,3,3,3,3,3,3,1,1,-2,-2,-2,3,2,3,1,1,1,1,1,1,1,2,5,2,2,2,2,2,10,10,10,10,1,1,1,1,10,10,10,1,2,4,1,3,3,2,3,1,Female,1950s,64,55-64 years,3,I am born in this country,Not an immigrant,1,Not an immigrant,1,Latin America,CO,Latin America,CO,Latin America,CO,yes,2,not live with parents,1270,Married,2 children,1,-4,Lower,1,-4,Lower,1,-4,Lower,1,-4,Lower,Unemployed,Retired/pensioned,Not employed,Professional/Managerial,Blue Collar,Private business or industry,No,Save money,Lower middle class,5,Medium,Roman Catholic,10100000,170010,-4,-4,-4,-4,-4,-4,-4,-4,-4,-4,-4,-4,-4,-4,-4,-4,-4,-4,-4,-4,-4,-4,-4,-4,-4,-4,-4,-4,-4,-4,-4,-4,-4,-4,-4,-4,2,2,0,0.291389,0.2625,0.0,0.0,0.33,0.11,0.0,1.0,0.166667,0.388889,1.0,0.0,1.0,0.666667,0.0,0.0,0.0,0.0,0.0,0.0,1.0,0.333333,0.5,0.33,0.33,0.386667,0.0,0.0,0.0,0.0,0.66,0.0,0.33,0.33,1.0,1.0,1.0,2.0,66.0,3.0,29.0,3.0,37.0,7.0,0.0,7.0,61.0,4.0,0.5,37.0,60.0501,2.0,6.59,6.75,7.3,7.0,6.5,7.5,5.5,6.43,6.14,6.93,2.0,5.0,3.0,1109500.0,15643.73,14730.88,50.4,39.0,33102575.0,39629968.0,50339443.0,77.11,1.38,81.1,26787864.0,5.56,12.71,7.45,9.71,91.79,99.94,68.24,97813.56,2.03,67.0,3.17,38.09,7.23,4.4,31.3,8.3,0.683,12.0,0.411,0.986,18.71,0.761,0.734,22.4,0.879,24.9,79.8,62.3,129.9,4.2,1.01,2.0,2.24,0.667,0.503,0.455,0.467,0.368,0.676,0.891,0.81,0.573,0.694,0.359,-0.36,0.177,0.881,0.102,0.057,-0.33,0.506,0.549,1.1,1.112,0.152,1.099,-0.172,0.591,-1.0,-0.532,-9999.0,0.148,-9999.0,1.819,1.554,0.473,1.043,0.428,0.72,0.553,0.865,0.716,0.488,0.21,-0.95,0.06,0.33,-0.37,-0.26,,,No answer,,,,,,,,,,,,,,,,,,,,,,,,,,,,,,,,
6-0-0 (2024-04-30),doi.org/10.14281/18241.24,7,2018,2,566,NGA,475,NIG,566071107,566721107,20180124,201712,201801,14.46,15.5,64,1,566037,566071,-4,-3,566120.0,2,1,3,1,-4,6.67,12.18,5175005,1700,ha,1,1,1,1.2222222,0.8084074,9.78402182700081,5662018,1,1,1,2,1,1,2,2,1,2,2,1,2,2,1,1,1,1,2,1,2,2,1,1,2,2,2,3,2,2,2,2,2,1,2,1,2,1,3,2,2,2,2,2,2,2,1,1,1,1,7,8,4,4,3,4,4,4,2,1,1,1,2,1,1,2,1,3,4,3,4,4,3,2,3,3,3,3,4,4,4,3,3,4,4,4,-4,-4,-4,-4,-4,-4,-4,-4,-4,-4,-4,-4,-4,-4,-4,-4,4,3,3,3,3,4,3,10,-1,-1,-1,0,0,0,0,0,0,0,0,0,0,0,0,0,0,0,0,0,0,0,0,0,0,0,0,7,8,5,6,8,2,10,2,3,3,3,3,3,2,6,3,1,2,1,1,1,1,1,1,2,2,2,2,2,2,2,2,2,2,2,2,2,3,1,1,2,2,1,1,2,1,1,-1,2,-1,3,1,3,6,6,2,2,3,6,1,1,1,1,2,2,2,1,1,1,2,1,7,5,3,1,1,1,1,1,1,1,1,1,1,1,1,1,1,1,1,1,4,4,4,1,2,1,2,5,1,5,5,5,1,3,3,3,3,3,3,3,3,3,3,3,3,4,4,566021,566021,566021,3,3,3,3,3,3,3,3,4,4,4,3,1,2,3,1,2,10,6,7,5,6,10,9,10,9,4,5,7,3,3,1,1,1,2,1,1,Male,1980s,31,25-34 years,2,I am born in this country,Not an immigrant,1,Not an immigrant,1,Sub-Saharan Africa,NG,Sub-Saharan Africa,NG,Sub-Saharan Africa,NG,yes,More than 5,not live with parents,1700,Married,2 children,3,566007,Middle,1,566003,Lower,1,566003,Lower,2,566010,Lower,Self employed,Housewife not otherwise employed,White Collar,Not employed,Agriculture,Private business or industry,Yes,Just get by,Lower middle class,5,Medium,Muslim,50000000,566002,-4,-4,-4,-4,-4,-4,-4,-4,-4,-4,-4,-4,-4,-4,-4,-4,-4,-4,-4,-4,-4,-4,-4,-4,-4,-4,-4,-4,-4,-4,-4,-4,-4,-4,-4,-4,-2,-5,-2,0.318056,0.218073,0.0,0.0,0.33,0.11,0.0,0.0,0.166667,0.055556,1.0,0.0,0.0,0.333333,0.66,1.0,0.66,0.773333,0.0,0.0,0.0,0.0,0.25,0.33,0.33,0.303333,0.0,0.0,0.0,0.0,0.66,,,0.56896,1.0,0.915,6.0,2.0,47.0,4.0,22.0,5.0,25.0,8.0,1.0,7.0,3.0,4.0,0.43,26.0,53.339,3.0,4.6,5.35,5.0,6.5,5.3,5.5,4.5,3.86,4.59,4.88,3.0,1.0,2.0,910770.0,5348.34,5135.5,-9999.0,32.7,95212450.0,122283850.0,200963599.0,54.33,2.56,51.16,59873566.0,11.86,8.91,7.43,8.1,4.91,56.5,18.2,120369.28,0.65,131.0,0.51,-9999.0,3.76,-9999.0,18.1,6.5,0.486,9.0,-9999.0,0.868,3.38,0.534,0.594,34.5,0.528,-9999.0,276.9,42.0,88.2,-0.3,0.94,40.0,34.0,0.498,0.339,0.33,0.339,0.265,0.812,0.806,0.385,0.649,0.843,0.329,-1.703,-1.216,2.185,0.756,0.505,1.376,1.621,0.714,0.83,0.829,0.625,1.463,-0.751,-0.107,-0.447,-1.317,-9999.0,-9999.0,-9999.0,-9999.0,-9999.0,2.204,2.08,0.867,0.677,0.733,0.452,0.36,0.87,-0.43,-1.92,-1.18,-0.93,-0.92,-1.08,,,,,,,,,,,,,,,,,,,,,,,,,,,,,,,,,,,
6-0-0 (2024-04-30),doi.org/10.14281/18241.24,7,2020,2,716,ZWE,552,ZIM,716070586,716720586,20200307,202002,202003,10.22,12.02,100,1,716007,716007,-4,-3,715009.0,2,1,5,2,6209,31.62,-20.12,5,3830,sn,1,1,2,1.0,0.8230453,0.778044691358025,7162020,1,3,2,4,1,1,1,1,2,2,2,1,2,2,1,1,2,2,2,2,2,1,2,2,2,2,1,3,4,2,2,4,2,1,1,1,1,1,4,4,1,1,1,4,1,3,1,1,3,4,10,1,1,3,1,1,1,1,2,2,1,2,1,2,1,1,1,1,1,1,1,1,1,1,1,1,1,1,1,1,1,1,1,1,1,1,-4,-4,-4,-4,-4,-4,-4,-4,-4,-4,-4,-4,-4,-4,-4,-4,1,2,1,2,2,2,2,10,1,1,3,1,1,1,1,1,1,2,1,1,1,1,1,1,1,1,1,2,1,1,1,1,1,0,0,10,1,1,10,1,1,10,3,2,3,3,3,2,1,10,3,2,2,2,2,2,2,2,2,1,2,1,1,1,1,1,1,1,1,1,2,1,1,2,1,4,3,2,2,2,1,4,3,3,4,3,4,10,1,10,1,10,10,10,1,1,2,1,1,1,6,2,1,1,1,2,10,10,10,10,10,10,10,10,10,10,10,10,10,10,10,10,10,10,10,10,1,1,1,2,3,4,2,1,1,5,4,1,1,2,2,2,2,1,1,3,1,2,2,2,2,1,1,716010,716010,716010,2,3,1,1,1,2,1,1,1,1,1,3,1,1,3,1,1,10,10,10,10,10,10,10,10,10,10,10,1,1,4,1,1,1,1,1,1,Male,1990s,23,16-24 years,1,I am born in this country,Not an immigrant,1,Not an immigrant,1,Sub-Saharan Africa,ZW,Sub-Saharan Africa,ZW,Sub-Saharan Africa,ZW,yes,More than 5,own parents,3830,Married,No children,0,-4,Lower,1,-4,Lower,1,-4,Lower,1,-4,Lower,Self employed,Self employed,Not employed,Not employed,Not employed,Private business or industry,Yes,Spent savings and borrowed money,Lower class,1,Low,Muslim,50000000,716006,2,4,4,2,2,2,2,5,2,2,2,2,2,4,4,2,2,2,1,1,1,1,1,2,2,4,1,1,2,2,2,2,2,0,3,-3,3,2,0,0.319444,0.652083,0.0,0.0,0.0,0.0,0.0,0.0,0.833333,0.277778,1.0,1.0,1.0,1.0,0.0,0.0,0.0,0.0,1.0,0.0,1.0,0.666667,0.25,1.0,0.33,0.526667,1.0,1.0,1.0,1.0,0.33,0.5,0.415,0.415,1.0,1.0,6.0,2.0,29.0,5.0,12.0,5.0,17.0,5.0,1.0,4.0,5.0,3.0,0.39,24.0,35.2237,5.0,3.33,3.83,7.0,3.3,2.8,2.5,3.7,2.82,2.37,2.57,5.0,1.0,2.0,386850.0,2953.48,2835.95,44.3,33.8,10432421.0,11881477.0,14645468.0,61.2,1.42,32.21,7039493.0,7.88,5.46,4.43,4.95,29.05,41.04,52.72,10982.67,0.78,140.0,2.17,-9999.0,6.64,7.5,18.7,8.3,0.568,7.0,0.525,0.925,31.85,0.563,0.496,22.7,0.634,6.7,15.6,27.1,89.4,-8.2,0.98,10.0,0.0,0.289,0.175,0.218,0.175,0.134,0.414,0.57,0.172,0.283,0.685,0.261,-1.838,-1.576,-0.391,-1.279,-0.451,-0.115,-0.721,1.45,-0.709,0.034,-0.592,-0.702,-0.327,0.218,-0.544,-0.799,-0.773,-0.115,0.375,1.517,0.15,-1.713,-1.237,0.807,0.674,0.464,0.951,0.187,0.309,-1.16,-0.96,-1.27,-1.47,-1.29,-1.27,,,,,,,,,,,,,,,,,,,,,,,,,,,,,,,,,,,
6-0-0 (2024-04-30),doi.org/10.14281/18241.24,7,2017,2,840,USA,2,USA,840073042,840720327,20170501,201704,201705,14.47,15.39,51,3,840023,840223,-4,-3,840211.0,5,3,4,1,-4,-93.23,45.08,-3,1240,en,2,1,-4,0.525317434,0.385208,10.6132138674884,8402017,1,2,2,3,2,3,1,1,2,1,2,1,1,2,2,2,2,1,2,2,2,2,2,1,2,2,2,3,3,3,4,3,4,2,2,1,3,3,3,4,4,2,3,4,2,3,1,2,2,2,8,9,9,4,3,4,4,4,1,1,1,2,2,3,2,2,3,2,2,2,3,2,2,2,3,3,2,1,2,3,3,2,2,1,2,-4,-4,-4,-4,-4,-4,-4,-4,-4,-4,-4,2,-4,-4,-4,-4,-4,1,2,2,2,2,1,2,3,3,1,2,0,0,0,0,0,0,1,1,0,0,2,1,2,1,0,0,0,0,0,0,0,0,0,0,3,3,2,3,2,1,7,2,2,2,2,2,2,2,7,4,2,2,1,1,1,2,1,1,3,1,4,4,4,4,4,4,4,2,2,2,4,4,2,2,2,2,3,1,1,1,3,1,4,2,3,1,9,9,3,2,2,9,7,1,2,2,2,3,4,7,2,1,2,2,2,7,1,2,1,1,5,9,5,9,10,9,3,9,1,2,1,1,7,2,4,1,3,2,2,2,3,1,3,4,1,1,1,1,2,2,2,2,2,2,-4,2,2,2,3,3,1,1,840002,840002,840002,1,3,3,4,3,1,3,3,3,2,2,-4,2,2,2,1,3,5,7,2,9,8,1,10,5,8,10,10,7,3,2,2,2,2,2,3,2,Male,1950s,59,55-64 years,3,I am an immigrant to this country (born outside this country),Immigrant,0,Immigrant,0,Middle East,IR,Middle East,IR,Middle East,IR,yes,2,not live with parents,1240,Married,2 children,8,840009,Higher,7,840007,Higher,2,840002,Lower,6,840006,Higher,Full time (30 hours a week or more),Full time (30 hours a week or more),Professional/Managerial,Professional/Managerial,professional or managerial,Government or public institution,Yes,Save money,Upper middle class,6,Medium,No religion,100000020,840001,-4,-4,-4,-4,-4,-4,-4,-4,-4,-4,-4,-4,-4,-4,-4,-4,-4,-4,-4,-4,-4,-4,-4,-4,-4,-4,-4,-4,-4,-4,-4,-4,-4,-4,-4,-4,4,3,1,0.5675,0.820648,0.5,0.33,0.33,0.386667,0.66,1.0,1.0,0.886667,1.0,0.0,1.0,0.666667,0.33,0.33,0.33,0.33,1.0,0.0,1.0,0.666667,0.75,0.66,0.66,0.69,0.888889,0.888889,1.0,0.925926,1.0,1.0,1.0,1.0,1.0,1.0,1.0,3.0,86.0,2.0,33.0,1.0,53.0,8.0,0.0,8.0,209.0,4.0,0.72,69.0,61.0147,-9999.0,-9999.0,-9999.0,-9999.0,-9999.0,-9999.0,-9999.0,-9999.0,-9999.0,-9999.0,-9999.0,-9999.0,3.0,4.0,9147420.0,65280.68,62682.8,41.4,30.6,249623000.0,282162411.0,328239523.0,78.54,0.47,82.46,165890069.0,8.6,3.62,3.74,3.68,100.0,100.0,13.23,5006302.08,15.5,6.0,3.16,-9999.0,17.06,5.0,38.3,13.4,0.899,12.0,0.182,0.991,23.43,0.92,0.956,12.8,0.905,5.3,0.3,87.3,117.5,2.9,0.99,0.0,0.0,0.798,0.7,0.566,0.568,0.578,0.89,0.933,0.856,0.933,0.986,0.566,2.024,1.677,2.556,2.119,1.347,0.338,2.768,1.814,1.673,1.615,0.722,1.057,0.581,1.757,0.407,0.159,0.62,1.475,2.206,1.977,1.283,-9999.0,-9999.0,0.119,0.895,0.897,0.974,0.948,0.93,0.9,0.13,1.48,1.34,1.45,1.21,,,,,,,,,,,,,,,,,,,,,,,,,,,,,,,,,,,
6-0-0 (2024-04-30),doi.org/10.14281/18241.24,7,2018,2,484,MEX,70,MEX,484071579,484721579,20180502,201801,201805,9.38,10.2,41,2,484014,484114,-4,-3,484105.0,1,1,5,2,12,-102.96,20.71,-4,1270,es,1,1,-4,1.017598362,0.5743825,5.46170218265365,4842018,1,3,2,4,2,2,1,2,1,1,2,1,2,1,2,2,2,2,2,2,2,2,2,2,2,2,1,2,4,4,4,1,4,2,4,2,3,3,3,3,4,2,4,4,1,3,1,1,1,1,10,10,10,4,4,4,4,4,1,2,1,1,2,1,1,1,2,2,3,2,3,3,3,4,3,4,4,4,4,3,4,4,3,3,4,-4,-4,-4,-4,-4,-4,-4,-4,-4,-4,-4,-4,-4,-4,-4,4,-4,4,4,3,4,3,4,4,1,3,2,-1,0,0,0,0,0,0,0,0,0,0,0,0,0,0,0,0,0,0,0,0,0,0,0,0,10,10,10,1,6,1,10,4,4,4,4,4,3,3,1,4,2,0,0,0,0,2,0,0,1,1,3,1,4,4,3,4,4,2,2,2,1,1,2,2,1,1,1,2,1,1,2,1,4,1,3,4,9,9,5,2,1,10,9,1,1,1,1,3,3,2,2,1,1,2,2,6,8,4,4,3,4,3,2,1,1,3,1,1,1,1,1,1,1,1,1,4,4,4,3,1,5,2,5,5,5,5,5,5,3,3,3,3,3,3,3,3,3,3,3,3,1,1,484002,484002,484002,2,4,3,2,1,3,4,2,3,3,1,4,2,2,1,1,2,8,9,8,10,10,10,8,10,8,10,10,2,10,3,1,1,1,1,4,4,Male,1980s,37,35-44 years,2,I am born in this country,Not an immigrant,1,Not an immigrant,1,North America,MX,North America,MX,North America,MX,yes,More than 5,not live with parents,1270,Living together as married,2 children,3,-4,Middle,2,-4,Lower,2,-4,Lower,2,-4,Lower,Part time (less than 30 hours a week),Housewife not otherwise employed,Agriculture,White Collar,Agriculture,Private non-profit organization,Yes,Spent savings and borrowed money,Working class,1,Low,Roman Catholic,10100000,484002,-4,-4,-4,-4,-4,-4,-4,-4,-4,-4,-4,-4,-4,-4,-4,-4,-4,-4,-4,-4,-4,-4,-4,-4,-4,-4,-4,-4,-4,-4,-4,-4,-4,-4,-4,-4,2,2,1,0.428889,0.413519,0.0,0.0,0.0,0.0,0.33,0.0,0.166667,0.165556,1.0,1.0,1.0,1.0,0.33,0.66,0.66,0.55,0.0,0.0,1.0,0.333333,0.75,1.0,1.0,0.916667,0.222222,0.0,0.0,0.074074,0.66,0.0,0.33,0.33,1.0,1.0,1.0,2.0,62.0,3.0,27.0,3.0,35.0,8.0,0.0,8.0,21.0,4.0,0.44,29.0,57.3416,2.0,6.23,6.1,7.3,6.3,5.0,6.5,5.5,6.36,5.17,5.82,2.0,5.0,3.0,1943950.0,20410.71,19746.44,45.4,34.8,83943132.0,98899845.0,127575529.0,74.99,1.09,80.44,57142190.0,6.01,3.71,3.25,3.42,85.35,100.0,15.39,486405.55,3.94,60.0,0.54,78.18,5.52,5.2,29.2,8.6,0.684,14.0,0.334,0.957,48.2,0.767,0.781,21.7,0.846,24.8,12.9,65.8,93.0,-0.5,1.0,4.0,1.0,0.71,0.486,0.414,0.469,0.422,0.812,0.842,0.779,0.706,0.567,0.331,-0.061,-0.025,0.442,-0.272,0.558,0.179,1.266,2.016,1.282,0.174,1.129,1.597,1.074,0.731,-0.837,-0.805,-0.323,-0.544,0.792,0.268,0.291,1.61,2.15,0.61,0.882,0.783,0.998,0.605,0.354,0.01,-0.84,-0.28,0.03,-0.65,-0.9,,,,,,,,,,,,,,,,,,,,,,,,,,,,,,,,,,,
6-0-0 (2024-04-30),doi.org/10.14281/18241.24,7,2018,2,484,MEX,70,MEX,484070733,484720733,20180218,201801,201805,10.45,11.41,56,2,484032,484132,-4,-3,484315.0,3,2,2,1,1498,-103.29,21.77,-4,1270,es,1,2,-4,1.113598208,0.5743825,5.46170218265365,4842018,1,4,1,3,1,1,1,1,2,1,2,1,2,2,1,2,2,2,1,1,1,1,1,2,1,1,1,1,4,4,4,4,5,2,5,2,1,1,1,1,1,1,1,1,2,3,2,1,1,2,4,10,1,2,2,2,2,4,2,2,1,2,2,4,2,2,3,4,4,4,4,4,4,4,4,4,4,3,4,4,4,4,4,4,4,-4,-4,-4,-4,-4,-4,-4,-4,-4,-4,-4,-4,-4,-4,-4,4,-4,4,4,4,4,4,4,4,10,3,1,2,0,0,0,0,0,0,0,0,0,0,0,0,0,0,0,0,0,0,0,0,0,0,0,0,10,1,2,1,1,1,10,4,2,4,2,2,2,3,10,4,2,0,2,2,2,2,2,2,3,2,1,1,3,4,2,2,2,1,1,2,2,1,2,2,1,1,1,1,1,2,4,1,4,1,1,2,10,9,3,1,8,5,10,1,1,1,1,2,1,6,2,1,1,2,2,1,2,1,1,1,1,8,6,1,1,8,1,10,1,1,1,1,1,1,1,1,4,4,3,3,5,2,1,5,5,5,5,5,3,3,3,3,3,3,3,3,3,3,3,3,1,1,8,8,8,4,4,1,1,1,4,1,2,1,1,1,4,2,2,4,2,4,1,10,4,3,2,1,1,2,1,1,10,1,1,3,1,2,2,1,1,1,Female,1970s,38,35-44 years,2,I am born in this country,Not an immigrant,1,Not an immigrant,1,North America,MX,North America,MX,North America,MX,yes,3,not live with parents,1270,Married,2 children,2,-4,Lower,1,-4,Lower,1,-4,Lower,0,-4,Lower,Unemployed,Full time (30 hours a week or more),White Collar,Blue Collar,Not employed,Private non-profit organization,No,Spent some savings and borrowed money,Lower class,1,Low,Roman Catholic,10100000,484001,-4,-4,-4,-4,-4,-4,-4,-4,-4,-4,-4,-4,-4,-4,-4,-4,-4,-4,-4,-4,-4,-4,-4,-4,-4,-4,-4,-4,-4,-4,-4,-4,-4,-4,-4,-4,2,2,0,0.319444,0.563981,0.0,0.0,0.0,0.0,0.0,0.0,0.833333,0.277778,0.0,0.0,0.0,0.0,1.0,1.0,1.0,1.0,1.0,0.0,1.0,0.666667,1.0,1.0,1.0,1.0,0.777778,0.0,0.0,0.259259,0.66,0.0,0.33,0.33,1.0,1.0,1.0,2.0,62.0,3.0,27.0,3.0,35.0,8.0,0.0,8.0,21.0,4.0,0.44,29.0,57.3416,2.0,6.23,6.1,7.3,6.3,5.0,6.5,5.5,6.36,5.17,5.82,2.0,5.0,3.0,1943950.0,20410.71,19746.44,45.4,34.8,83943132.0,98899845.0,127575529.0,74.99,1.09,80.44,57142190.0,6.01,3.71,3.25,3.42,85.35,100.0,15.39,486405.55,3.94,60.0,0.54,78.18,5.52,5.2,29.2,8.6,0.684,14.0,0.334,0.957,48.2,0.767,0.781,21.7,0.846,24.8,12.9,65.8,93.0,-0.5,1.0,4.0,1.0,0.71,0.486,0.414,0.469,0.422,0.812,0.842,0.779,0.706,0.567,0.331,-0.061,-0.025,0.442,-0.272,0.558,0.179,1.266,2.016,1.282,0.174,1.129,1.597,1.074,0.731,-0.837,-0.805,-0.323,-0.544,0.792,0.268,0.291,1.61,2.15,0.61,0.882,0.783,0.998,0.605,0.354,0.01,-0.84,-0.28,0.03,-0.65,-0.9,,,Independent candidate,,,,,,,,,,,,,,,,,,,,,,,,,,,,,,,,
6-0-0 (2024-04-30),doi.org/10.14281/18241.24,7,2020,2,364,IRN,630,IRN,364071870,364720015,20200325,202003,202004,15.31,16.34,63,2,364014,364003,-4,-3,364002.0,6,3,3,1,11986,52.64,31.16,71102,3490,fa,1,2,1,1.0,0.6671114,4.46883802535023,3642020,1,2,2,3,1,1,1,2,1,2,2,2,2,1,1,1,2,1,2,1,1,-4,2,1,2,2,2,2,3,3,3,2,2,1,1,1,1,1,-4,2,2,1,1,2,3,3,1,1,2,2,8,9,7,4,4,3,4,4,3,2,1,2,1,3,2,4,1,1,1,1,3,1,2,4,2,2,2,2,2,2,1,1,2,4,4,-4,-4,-4,-4,-4,-4,4,-4,-4,-4,-4,-4,-4,-4,-4,-4,-4,2,4,3,4,3,2,3,10,3,3,-4,0,0,1,1,2,1,0,0,0,0,0,0,0,0,0,0,0,0,0,0,0,0,0,0,9,5,8,5,4,1,7,2,2,2,2,1,2,2,4,3,2,0,2,2,2,0,2,2,2,1,3,4,3,4,2,3,4,2,2,2,2,-2,2,2,2,2,4,2,2,1,1,2,3,1,3,1,10,10,5,5,9,10,10,1,1,1,1,-1,1,4,1,1,1,2,1,10,1,1,1,1,1,1,-4,5,8,1,1,1,1,1,1,1,-4,1,4,3,2,4,3,3,5,2,5,1,5,1,1,2,2,3,2,3,3,2,3,1,2,2,2,3,2,2,364012,364012,364012,1,3,3,3,2,1,4,4,2,2,1,4,2,1,2,2,2,-4,6,5,10,10,5,10,5,10,10,10,7,6,2,1,2,2,1,2,1,Male,1970s,41,35-44 years,2,I am born in this country,Not an immigrant,1,Not an immigrant,1,Middle East,IR,Middle East,IR,Middle East,IR,yes,2,not live with parents,3490,Married,No children,5,-4,Higher,6,-4,Higher,0,-4,Lower,4,-4,Middle,Self employed,Self employed,White Collar,Professional/Managerial,Blue Collar,Private business or industry,Yes,Just get by,Lower middle class,6,Medium,Muslim,50000000,364004,4,2,4,5,4,4,2,4,4,1,2,4,3,3,3,1,3,4,4,4,2,2,4,4,2,4,3,2,2,2,2,4,4,2,-2,1,1,1,0,0.096667,0.316019,0.0,0.0,0.33,0.11,0.0,0.0,0.5,0.166667,0.0,0.0,0.0,0.0,0.0,0.0,0.33,0.11,0.0,0.0,1.0,0.333333,0.25,0.66,0.66,0.523333,0.0,0.444444,0.777778,0.407407,0.0,0.0,0.0,0.0,1.0,1.0,5.0,1.0,17.0,6.0,7.0,6.0,10.0,0.0,7.0,-7.0,14.0,1.0,0.43,26.0,49.2416,4.0,3.15,2.92,5.3,2.8,2.3,2.0,2.3,3.39,2.85,3.2,5.0,4.0,3.0,1628760.0,0.0,0.0,40.8,30.9,56366217.0,65623405.0,82913906.0,76.48,1.35,75.39,27903015.0,4.84,18.57,9.64,11.38,98.49,100.0,5.1,661710.15,8.32,127.0,2.67,-9999.0,8.66,3.8,32.0,10.0,0.743,9.0,0.492,0.874,5.88,0.797,0.786,11.3,0.869,2.5,128.7,70.0,108.5,-0.7,1.06,2.0,0.0,0.217,0.144,0.053,0.153,0.178,0.323,0.139,0.445,0.352,0.26,0.575,-0.979,-0.876,-1.234,-0.207,1.148,-1.313,-1.017,-1.813,-1.391,-1.606,-1.811,-0.834,-0.238,0.439,0.208,0.394,-0.557,0.238,-0.169,-1.647,-0.906,-1.457,-1.472,0.837,0.425,0.458,0.614,0.184,0.389,-1.39,-1.71,-0.56,-1.43,-0.75,-1.05,,,,,,,,,,,,,,,,,,,,,,,,,,,,,,,,,,,
6-0-0 (2024-04-30),doi.org/10.14281/18241.24,7,2018,2,604,PER,135,PER,604071239,604721239,20180827,201808,201809,10.0,11.0,60,2,604006,604022,-4,-4,-4.0,5,3,4,1,248,-4.0,-4.0,42658595,1270,es,1,1,-4,1.258155411,0.7142857,1.77415407142857,6042018,1,3,3,2,2,2,1,1,2,1,2,1,1,2,2,2,2,1,2,2,2,2,2,1,2,2,2,2,3,4,4,3,4,2,4,2,3,3,-1,3,1,2,2,2,1,3,1,1,2,3,6,7,6,3,2,3,3,1,1,2,1,4,4,4,3,4,3,3,3,3,4,3,3,4,4,4,3,3,3,3,3,2,2,2,2,-4,-4,-4,-4,-4,-4,-4,-4,-4,-4,-4,-4,2,-4,-4,-4,-4,2,4,4,-4,-4,-4,-4,3,-1,1,-1,0,0,0,0,0,0,0,0,0,0,0,0,0,0,0,0,0,0,0,0,0,0,0,0,10,10,2,1,1,1,1,3,2,3,2,2,2,2,6,4,2,1,-1,1,1,-1,2,2,3,3,3,2,3,4,4,3,4,1,2,2,1,2,2,2,1,3,3,2,2,2,1,3,1,2,1,4,7,7,2,3,8,7,10,1,1,1,1,3,3,2,3,2,1,1,1,5,1,1,1,1,1,8,2,1,8,2,1,8,1,1,1,1,2,1,1,4,4,4,3,2,3,1,2,4,1,1,1,3,2,2,2,2,1,3,2,2,2,2,2,2,1,1,4,4,4,-1,3,-1,4,-1,4,-1,-1,-1,3,1,5,2,2,3,2,4,-2,3,4,8,6,7,5,8,5,6,8,5,7,3,1,1,3,3,3,3,Female,1990s,24,16-24 years,1,I am born in this country,Not an immigrant,1,Not an immigrant,1,Latin America,PE,Latin America,PE,Latin America,PE,yes,3,not live with parents,1270,Married,1 child,5,604008,Higher,3,604007,Middle,0,604002,Lower,1,604003,Lower,Full time (30 hours a week or more),Full time (30 hours a week or more),White Collar,Blue Collar,Agriculture,Private business or industry,No,Just get by,Working class,3,Low,Other Christian,80213304,604013,-4,-4,-4,-4,-4,-4,-4,-4,-4,-4,-4,-4,-4,-4,-4,-4,-4,-4,-4,-4,-4,-4,-4,-4,-4,-4,-4,-4,-4,-4,-4,-4,-4,-4,-4,-4,2,2,1,0.233889,0.60088,0.0,0.0,0.33,0.11,0.33,0.0,0.166667,0.165556,0.0,0.0,0.0,0.0,0.66,0.66,0.66,0.66,1.0,0.0,1.0,0.666667,0.75,0.66,1.0,0.803333,0.777778,0.0,0.777778,0.518519,0.33,0.5,0.415,0.415,1.0,1.0,1.0,3.0,72.0,2.0,30.0,3.0,42.0,9.0,0.0,9.0,17.0,4.0,0.5,36.0,62.4547,2.0,6.85,6.6,7.8,7.8,6.5,6.5,4.5,7.11,5.81,6.57,2.0,5.0,3.0,1280000.0,13380.36,12847.89,42.8,32.3,22071433.0,26459944.0,32510453.0,76.52,1.62,78.1,18864899.0,5.5,3.41,3.23,3.31,75.06,95.2,52.73,57414.22,1.86,76.0,1.19,47.12,5.0,3.9,31.0,9.2,0.692,14.0,0.381,0.951,30.0,0.759,0.727,19.1,0.869,7.7,2.6,52.5,123.8,3.1,0.96,0.0,1.42,0.784,0.674,0.549,0.571,0.488,0.914,0.884,0.827,0.801,0.688,0.349,-0.622,0.485,0.711,0.132,0.878,-0.376,1.948,1.657,1.565,2.07,1.376,1.649,1.0,1.712,-0.624,-0.503,-0.619,0.006,0.385,0.887,0.005,2.015,2.107,0.475,0.853,0.693,0.99,0.73,0.6,0.27,-0.15,-0.1,0.53,-0.5,-0.49,,,None,,,,,,,,,,,,,,,,,,,,,,,,,,,,,,,,
6-0-0 (2024-04-30),doi.org/10.14281/18241.24,7,2022,2,203,CZE,316,CZR,203070873,203720873,20220417,202202,202205,13.34,14.3,56,1,203063,203017,2030006,20300,203076.0,1,1,5,2,92,15.66,49.54,2848,1040,cs,1,1,1,0.589302623,0.8333333,0.7357265,2032022,1,1,2,4,1,4,1,2,2,1,2,2,2,1,2,1,1,1,1,1,1,1,2,1,2,1,1,3,2,4,2,3,3,3,1,1,4,2,5,1,1,1,1,1,3,3,1,3,2,1,9,9,10,4,4,4,4,4,1,1,1,2,1,3,3,3,2,2,2,2,2,2,2,3,2,2,1,1,1,1,2,3,2,2,3,-4,-4,-4,-4,-4,-4,-4,3,-4,-4,-4,-4,-4,-4,-4,-4,-4,1,1,2,3,2,2,2,6,3,2,2,0,0,1,1,0,0,0,0,0,0,0,0,0,0,0,0,0,0,0,0,0,0,0,0,8,4,8,1,6,2,5,2,1,1,2,3,1,0,1,3,2,2,2,2,1,2,1,1,3,2,4,4,4,4,4,4,4,2,2,2,4,4,2,2,2,3,3,1,1,1,1,3,3,1,4,3,7,8,4,6,9,9,1,2,2,2,2,4,-5,7,8,4,2,2,2,4,1,1,1,1,1,4,1,4,6,10,1,1,1,1,1,1,6,1,1,2,4,2,3,2,1,1,1,1,1,1,5,1,2,2,2,2,2,2,2,2,2,2,2,2,3,3,5,5,5,1,4,3,4,1,1,4,4,1,1,2,5,3,2,4,1,4,7,10,1,10,10,1,10,10,5,10,10,6,5,2,1,1,1,1,1,1,Male,1960s,53,45-54 years,3,I am born in this country,Not an immigrant,1,Not an immigrant,1,Eastern Europe,CZ,Eastern Europe,CZ,Eastern Europe,CZ,yes,3,not live with parents,1040,Married,2 children,3,203104,Middle,3,203104,Middle,3,203104,Middle,3,203104,Middle,Full time (30 hours a week or more),Full time (30 hours a week or more),Professional/Managerial,White Collar,White Collar,Private business or industry,Yes,Save money,Upper middle class,7,Medium,No religion,100000020,203003,-4,-4,-4,-4,-4,-4,-4,-4,-4,-4,-4,-4,-4,-4,-4,-4,-4,-4,-4,-4,-4,-4,-4,-4,-4,-4,-4,-4,-4,-4,-4,-4,-4,-4,-4,-4,2,1,0,0.415833,0.316852,1.0,0.0,0.0,0.333333,1.0,1.0,1.0,1.0,0.0,0.0,0.0,0.0,0.33,0.33,0.33,0.33,0.0,0.0,0.0,0.0,0.5,0.33,1.0,0.61,0.333333,0.333333,0.555556,0.407407,0.0,0.5,0.25,0.25,1.0,1.0,4.0,3.0,91.0,1.0,36.0,1.0,55.0,9.0,0.0,9.0,25.0,4.0,0.73,56.0,75.7754,1.0,9.52,9.4,10.0,10.0,9.3,9.0,8.8,9.64,7.03,8.77,1.0,6.0,4.0,77220.0,42575.61,40314.23,24.9,22.1,10333355.0,10255063.0,10669709.0,79.03,0.37,73.92,5445535.0,10.6,2.38,1.57,1.93,97.13,100.0,11.4,102217.63,9.67,41.0,1.12,144.88,7.23,5.8,43.2,12.7,0.892,9.0,0.137,0.983,22.5,0.891,0.869,4.5,0.911,0.6,1.2,80.7,119.2,2.1,1.01,0.0,0.0,0.796,0.697,0.554,0.612,0.697,0.891,0.873,0.887,0.946,0.849,0.956,0.737,0.574,0.863,1.336,2.729,1.604,1.964,1.117,1.538,1.349,1.454,1.19,1.053,1.617,2.658,3.021,2.28,2.629,2.055,2.767,2.921,2.401,2.04,0.251,0.935,0.942,0.966,0.851,0.945,0.84,0.94,0.95,1.24,1.05,0.56,,,Other,,,,,,,,,,,,,,,,,,,,,,,,,,,,,,,,
6-0-0 (2024-04-30),doi.org/10.14281/18241.24,7,2019,2,158,TWN,713,TAW,158070508,158720508,20190423,201903,201906,14.24,15.49,85,1,158020,158020,-4,-3,-4.0,6,3,2,1,33702,121.26,25.07,39,2870,zh,1,1,1,0.554751351,0.8176615,1.70338250204415,1582019,1,1,1,3,2,3,2,1,1,1,2,1,1,2,2,2,2,1,2,1,2,1,2,1,1,2,1,3,3,3,3,2,4,2,2,1,3,3,4,2,1,2,2,2,2,3,1,2,1,1,8,7,6,4,4,4,4,4,1,2,1,2,2,3,3,3,2,2,3,2,2,1,2,3,3,4,3,2,3,3,2,1,1,1,-4,-4,-4,-4,-4,-4,-4,-4,-1,-4,-4,-4,-4,-4,-4,-4,-4,-4,3,3,2,2,2,2,2,5,3,3,2,1,1,1,1,0,0,0,0,0,0,2,1,0,0,2,1,1,1,1,1,2,1,1,1,6,7,6,5,5,2,8,2,3,2,2,2,3,2,7,2,2,2,2,0,2,0,2,2,3,2,4,3,3,3,3,3,3,2,1,2,2,2,1,2,1,2,1,2,2,1,1,2,3,1,1,4,10,8,8,10,2,9,5,2,2,1,2,3,3,2,4,3,2,2,2,7,2,1,1,1,1,2,1,2,3,4,2,6,1,5,1,2,1,1,9,1,2,3,4,2,2,1,3,1,5,5,5,2,2,2,2,1,1,3,3,1,3,3,3,3,1,1,158001,158001,158001,1,3,1,-1,2,1,1,3,1,1,2,2,1,3,4,1,2,6,8,6,8,6,4,7,8,8,8,10,7,5,2,2,1,2,2,3,3,Female,1940s,71,65 and over,3,I am born in this country,Not an immigrant,1,Not an immigrant,1,East Asia,TW,East Asia,TW,East Asia,TW,yes,2,not live with parents,4150,Married,2 children,3,158109,Middle,3,158108,Middle,1,158103,Lower,2,158105,Lower,Retired/pensioned,Retired/pensioned,Blue Collar,Blue Collar,Agriculture,Private business or industry,No,Just get by,Lower middle class,4,Medium,Roman Catholic,10000000,158002,-4,-4,-4,-4,-4,-4,-4,-4,-4,-4,-4,-4,-4,-4,-4,-4,-4,-4,-4,-4,-4,-4,-4,-4,-4,-4,-4,-4,-4,-4,-4,-4,-4,-4,-4,-4,0,1,1,0.276389,0.376204,0.5,0.33,0.0,0.276667,0.66,1.0,0.166667,0.608889,0.0,0.0,0.0,0.0,0.33,0.0,0.33,0.22,1.0,0.0,1.0,0.666667,0.75,0.66,0.66,0.69,0.111111,0.111111,0.222222,0.148148,0.0,0.0,0.0,0.0,1.0,1.0,2.0,3.0,93.0,1.0,37.0,1.0,56.0,10.0,0.0,10.0,26.0,5.0,-9999.0,65.0,73.1542,7.0,9.42,9.55,10.0,9.8,10.0,9.5,8.5,9.29,7.33,9.0,1.0,7.0,4.0,-9999.0,0.0,0.0,-9999.0,-9999.0,-9999.0,-9999.0,-9999.0,-9999.0,-9999.0,-9999.0,-9999.0,-9999.0,-9999.0,-9999.0,-9999.0,-9999.0,-9999.0,-9999.0,-9999.0,-9999.0,-9999.0,-9999.0,-9999.0,-9999.0,-9999.0,-9999.0,-9999.0,-9999.0,-9999.0,-9999.0,-9999.0,-9999.0,-9999.0,-9999.0,-9999.0,-9999.0,-9999.0,-9999.0,-9999.0,-9999.0,-9999.0,-9999.0,-9999.0,-9999.0,0.811,0.697,0.631,0.68,0.694,0.86,0.887,0.933,0.954,0.953,0.931,1.069,1.162,1.09,2.347,2.261,1.631,2.418,2.144,2.115,1.261,0.757,1.09,1.25,2.658,2.344,2.627,2.896,2.612,2.034,2.748,2.501,1.93,1.696,0.321,0.905,0.933,0.999,0.913,0.953,0.98,0.79,1.43,1.4,1.13,1.05,,,,,,,,,,,,,,,,,,,,,,,,,,,,,,,,,,,
